ERROR 2025-05-27 19:41:20,618 log Internal Server Error: /about/
Traceback (most recent call last):
  File "/Users/user/Desktop/igi/353505_Chuiko_26/IGI/LR5/Agency/venv/lib/python3.13/site-packages/django/core/handlers/exception.py", line 55, in inner
    response = get_response(request)
  File "/Users/user/Desktop/igi/353505_Chuiko_26/IGI/LR5/Agency/venv/lib/python3.13/site-packages/django/core/handlers/base.py", line 197, in _get_response
    response = wrapped_callback(request, *callback_args, **callback_kwargs)
  File "/Users/user/Desktop/igi/353505_Chuiko_26/IGI/LR5/Agency/estateAgency/views.py", line 27, in about
    return render(request, 'about/about.html', {
        'company_info': company_info,
        'employees': employees
    })
  File "/Users/user/Desktop/igi/353505_Chuiko_26/IGI/LR5/Agency/venv/lib/python3.13/site-packages/django/shortcuts.py", line 25, in render
    content = loader.render_to_string(template_name, context, request, using=using)
  File "/Users/user/Desktop/igi/353505_Chuiko_26/IGI/LR5/Agency/venv/lib/python3.13/site-packages/django/template/loader.py", line 62, in render_to_string
    return template.render(context, request)
           ~~~~~~~~~~~~~~~^^^^^^^^^^^^^^^^^^
  File "/Users/user/Desktop/igi/353505_Chuiko_26/IGI/LR5/Agency/venv/lib/python3.13/site-packages/django/template/backends/django.py", line 107, in render
    return self.template.render(context)
           ~~~~~~~~~~~~~~~~~~~~^^^^^^^^^
  File "/Users/user/Desktop/igi/353505_Chuiko_26/IGI/LR5/Agency/venv/lib/python3.13/site-packages/django/template/base.py", line 171, in render
    return self._render(context)
           ~~~~~~~~~~~~^^^^^^^^^
  File "/Users/user/Desktop/igi/353505_Chuiko_26/IGI/LR5/Agency/venv/lib/python3.13/site-packages/django/test/utils.py", line 114, in instrumented_test_render
    return self.nodelist.render(context)
           ~~~~~~~~~~~~~~~~~~~~^^^^^^^^^
  File "/Users/user/Desktop/igi/353505_Chuiko_26/IGI/LR5/Agency/venv/lib/python3.13/site-packages/django/template/base.py", line 1016, in render
    return SafeString("".join([node.render_annotated(context) for node in self]))
                               ~~~~~~~~~~~~~~~~~~~~~^^^^^^^^^
  File "/Users/user/Desktop/igi/353505_Chuiko_26/IGI/LR5/Agency/venv/lib/python3.13/site-packages/django/template/base.py", line 977, in render_annotated
    return self.render(context)
           ~~~~~~~~~~~^^^^^^^^^
  File "/Users/user/Desktop/igi/353505_Chuiko_26/IGI/LR5/Agency/venv/lib/python3.13/site-packages/django/template/loader_tags.py", line 159, in render
    return compiled_parent._render(context)
           ~~~~~~~~~~~~~~~~~~~~~~~^^^^^^^^^
  File "/Users/user/Desktop/igi/353505_Chuiko_26/IGI/LR5/Agency/venv/lib/python3.13/site-packages/django/test/utils.py", line 114, in instrumented_test_render
    return self.nodelist.render(context)
           ~~~~~~~~~~~~~~~~~~~~^^^^^^^^^
  File "/Users/user/Desktop/igi/353505_Chuiko_26/IGI/LR5/Agency/venv/lib/python3.13/site-packages/django/template/base.py", line 1016, in render
    return SafeString("".join([node.render_annotated(context) for node in self]))
                               ~~~~~~~~~~~~~~~~~~~~~^^^^^^^^^
  File "/Users/user/Desktop/igi/353505_Chuiko_26/IGI/LR5/Agency/venv/lib/python3.13/site-packages/django/template/base.py", line 977, in render_annotated
    return self.render(context)
           ~~~~~~~~~~~^^^^^^^^^
  File "/Users/user/Desktop/igi/353505_Chuiko_26/IGI/LR5/Agency/venv/lib/python3.13/site-packages/django/template/defaulttags.py", line 480, in render
    url = reverse(view_name, args=args, kwargs=kwargs, current_app=current_app)
  File "/Users/user/Desktop/igi/353505_Chuiko_26/IGI/LR5/Agency/venv/lib/python3.13/site-packages/django/urls/base.py", line 98, in reverse
    resolved_url = resolver._reverse_with_prefix(view, prefix, *args, **kwargs)
  File "/Users/user/Desktop/igi/353505_Chuiko_26/IGI/LR5/Agency/venv/lib/python3.13/site-packages/django/urls/resolvers.py", line 831, in _reverse_with_prefix
    raise NoReverseMatch(msg)
django.urls.exceptions.NoReverseMatch: Reverse for 'glossary' not found. 'glossary' is not a valid view function or pattern name.
ERROR 2025-05-27 19:41:20,854 log Internal Server Error: /
Traceback (most recent call last):
  File "/Users/user/Desktop/igi/353505_Chuiko_26/IGI/LR5/Agency/venv/lib/python3.13/site-packages/django/core/handlers/exception.py", line 55, in inner
    response = get_response(request)
  File "/Users/user/Desktop/igi/353505_Chuiko_26/IGI/LR5/Agency/venv/lib/python3.13/site-packages/django/core/handlers/base.py", line 197, in _get_response
    response = wrapped_callback(request, *callback_args, **callback_kwargs)
  File "/Users/user/Desktop/igi/353505_Chuiko_26/IGI/LR5/Agency/estateAgency/views.py", line 21, in mainpage
    return render(request, 'mainpage/mainpage.html', context)
  File "/Users/user/Desktop/igi/353505_Chuiko_26/IGI/LR5/Agency/venv/lib/python3.13/site-packages/django/shortcuts.py", line 25, in render
    content = loader.render_to_string(template_name, context, request, using=using)
  File "/Users/user/Desktop/igi/353505_Chuiko_26/IGI/LR5/Agency/venv/lib/python3.13/site-packages/django/template/loader.py", line 62, in render_to_string
    return template.render(context, request)
           ~~~~~~~~~~~~~~~^^^^^^^^^^^^^^^^^^
  File "/Users/user/Desktop/igi/353505_Chuiko_26/IGI/LR5/Agency/venv/lib/python3.13/site-packages/django/template/backends/django.py", line 107, in render
    return self.template.render(context)
           ~~~~~~~~~~~~~~~~~~~~^^^^^^^^^
  File "/Users/user/Desktop/igi/353505_Chuiko_26/IGI/LR5/Agency/venv/lib/python3.13/site-packages/django/template/base.py", line 171, in render
    return self._render(context)
           ~~~~~~~~~~~~^^^^^^^^^
  File "/Users/user/Desktop/igi/353505_Chuiko_26/IGI/LR5/Agency/venv/lib/python3.13/site-packages/django/test/utils.py", line 114, in instrumented_test_render
    return self.nodelist.render(context)
           ~~~~~~~~~~~~~~~~~~~~^^^^^^^^^
  File "/Users/user/Desktop/igi/353505_Chuiko_26/IGI/LR5/Agency/venv/lib/python3.13/site-packages/django/template/base.py", line 1016, in render
    return SafeString("".join([node.render_annotated(context) for node in self]))
                               ~~~~~~~~~~~~~~~~~~~~~^^^^^^^^^
  File "/Users/user/Desktop/igi/353505_Chuiko_26/IGI/LR5/Agency/venv/lib/python3.13/site-packages/django/template/base.py", line 977, in render_annotated
    return self.render(context)
           ~~~~~~~~~~~^^^^^^^^^
  File "/Users/user/Desktop/igi/353505_Chuiko_26/IGI/LR5/Agency/venv/lib/python3.13/site-packages/django/template/loader_tags.py", line 159, in render
    return compiled_parent._render(context)
           ~~~~~~~~~~~~~~~~~~~~~~~^^^^^^^^^
  File "/Users/user/Desktop/igi/353505_Chuiko_26/IGI/LR5/Agency/venv/lib/python3.13/site-packages/django/test/utils.py", line 114, in instrumented_test_render
    return self.nodelist.render(context)
           ~~~~~~~~~~~~~~~~~~~~^^^^^^^^^
  File "/Users/user/Desktop/igi/353505_Chuiko_26/IGI/LR5/Agency/venv/lib/python3.13/site-packages/django/template/base.py", line 1016, in render
    return SafeString("".join([node.render_annotated(context) for node in self]))
                               ~~~~~~~~~~~~~~~~~~~~~^^^^^^^^^
  File "/Users/user/Desktop/igi/353505_Chuiko_26/IGI/LR5/Agency/venv/lib/python3.13/site-packages/django/template/base.py", line 977, in render_annotated
    return self.render(context)
           ~~~~~~~~~~~^^^^^^^^^
  File "/Users/user/Desktop/igi/353505_Chuiko_26/IGI/LR5/Agency/venv/lib/python3.13/site-packages/django/template/defaulttags.py", line 480, in render
    url = reverse(view_name, args=args, kwargs=kwargs, current_app=current_app)
  File "/Users/user/Desktop/igi/353505_Chuiko_26/IGI/LR5/Agency/venv/lib/python3.13/site-packages/django/urls/base.py", line 98, in reverse
    resolved_url = resolver._reverse_with_prefix(view, prefix, *args, **kwargs)
  File "/Users/user/Desktop/igi/353505_Chuiko_26/IGI/LR5/Agency/venv/lib/python3.13/site-packages/django/urls/resolvers.py", line 831, in _reverse_with_prefix
    raise NoReverseMatch(msg)
django.urls.exceptions.NoReverseMatch: Reverse for 'glossary' not found. 'glossary' is not a valid view function or pattern name.
ERROR 2025-05-27 19:41:20,857 log Internal Server Error: /promo_codes/
Traceback (most recent call last):
  File "/Users/user/Desktop/igi/353505_Chuiko_26/IGI/LR5/Agency/venv/lib/python3.13/site-packages/django/template/backends/django.py", line 107, in render
    return self.template.render(context)
           ~~~~~~~~~~~~~~~~~~~~^^^^^^^^^
  File "/Users/user/Desktop/igi/353505_Chuiko_26/IGI/LR5/Agency/venv/lib/python3.13/site-packages/django/template/base.py", line 171, in render
    return self._render(context)
           ~~~~~~~~~~~~^^^^^^^^^
  File "/Users/user/Desktop/igi/353505_Chuiko_26/IGI/LR5/Agency/venv/lib/python3.13/site-packages/django/test/utils.py", line 114, in instrumented_test_render
    return self.nodelist.render(context)
           ~~~~~~~~~~~~~~~~~~~~^^^^^^^^^
  File "/Users/user/Desktop/igi/353505_Chuiko_26/IGI/LR5/Agency/venv/lib/python3.13/site-packages/django/template/base.py", line 1016, in render
    return SafeString("".join([node.render_annotated(context) for node in self]))
                               ~~~~~~~~~~~~~~~~~~~~~^^^^^^^^^
  File "/Users/user/Desktop/igi/353505_Chuiko_26/IGI/LR5/Agency/venv/lib/python3.13/site-packages/django/template/base.py", line 977, in render_annotated
    return self.render(context)
           ~~~~~~~~~~~^^^^^^^^^
  File "/Users/user/Desktop/igi/353505_Chuiko_26/IGI/LR5/Agency/venv/lib/python3.13/site-packages/django/template/loader_tags.py", line 134, in render
    compiled_parent = self.get_parent(context)
  File "/Users/user/Desktop/igi/353505_Chuiko_26/IGI/LR5/Agency/venv/lib/python3.13/site-packages/django/template/loader_tags.py", line 131, in get_parent
    return self.find_template(parent, context)
           ~~~~~~~~~~~~~~~~~~^^^^^^^^^^^^^^^^^
  File "/Users/user/Desktop/igi/353505_Chuiko_26/IGI/LR5/Agency/venv/lib/python3.13/site-packages/django/template/loader_tags.py", line 109, in find_template
    template, origin = context.template.engine.find_template(
                       ~~~~~~~~~~~~~~~~~~~~~~~~~~~~~~~~~~~~~^
        template_name,
        ^^^^^^^^^^^^^^
        skip=history,
        ^^^^^^^^^^^^^
    )
    ^
  File "/Users/user/Desktop/igi/353505_Chuiko_26/IGI/LR5/Agency/venv/lib/python3.13/site-packages/django/template/engine.py", line 163, in find_template
    raise TemplateDoesNotExist(name, tried=tried)
django.template.exceptions.TemplateDoesNotExist: base.html

The above exception was the direct cause of the following exception:

Traceback (most recent call last):
  File "/Users/user/Desktop/igi/353505_Chuiko_26/IGI/LR5/Agency/venv/lib/python3.13/site-packages/django/core/handlers/exception.py", line 55, in inner
    response = get_response(request)
  File "/Users/user/Desktop/igi/353505_Chuiko_26/IGI/LR5/Agency/venv/lib/python3.13/site-packages/django/core/handlers/base.py", line 197, in _get_response
    response = wrapped_callback(request, *callback_args, **callback_kwargs)
  File "/Users/user/Desktop/igi/353505_Chuiko_26/IGI/LR5/Agency/estateAgency/views.py", line 94, in promo_codes_view
    return render(request, 'promo/list.html', {
        'active_promo_codes': active_promo_codes
    })
  File "/Users/user/Desktop/igi/353505_Chuiko_26/IGI/LR5/Agency/venv/lib/python3.13/site-packages/django/shortcuts.py", line 25, in render
    content = loader.render_to_string(template_name, context, request, using=using)
  File "/Users/user/Desktop/igi/353505_Chuiko_26/IGI/LR5/Agency/venv/lib/python3.13/site-packages/django/template/loader.py", line 62, in render_to_string
    return template.render(context, request)
           ~~~~~~~~~~~~~~~^^^^^^^^^^^^^^^^^^
  File "/Users/user/Desktop/igi/353505_Chuiko_26/IGI/LR5/Agency/venv/lib/python3.13/site-packages/django/template/backends/django.py", line 109, in render
    reraise(exc, self.backend)
    ~~~~~~~^^^^^^^^^^^^^^^^^^^
  File "/Users/user/Desktop/igi/353505_Chuiko_26/IGI/LR5/Agency/venv/lib/python3.13/site-packages/django/template/backends/django.py", line 130, in reraise
    raise new from exc
django.template.exceptions.TemplateDoesNotExist: base.html
ERROR 2025-05-27 19:44:33,028 log Internal Server Error: /
Traceback (most recent call last):
  File "/Users/user/Desktop/igi/353505_Chuiko_26/IGI/LR5/Agency/venv/lib/python3.13/site-packages/django/core/handlers/exception.py", line 55, in inner
    response = get_response(request)
  File "/Users/user/Desktop/igi/353505_Chuiko_26/IGI/LR5/Agency/venv/lib/python3.13/site-packages/django/core/handlers/base.py", line 197, in _get_response
    response = wrapped_callback(request, *callback_args, **callback_kwargs)
  File "/Users/user/Desktop/igi/353505_Chuiko_26/IGI/LR5/Agency/estateAgency/views.py", line 21, in mainpage
    return render(request, 'mainpage/mainpage.html', context)
  File "/Users/user/Desktop/igi/353505_Chuiko_26/IGI/LR5/Agency/venv/lib/python3.13/site-packages/django/shortcuts.py", line 25, in render
    content = loader.render_to_string(template_name, context, request, using=using)
  File "/Users/user/Desktop/igi/353505_Chuiko_26/IGI/LR5/Agency/venv/lib/python3.13/site-packages/django/template/loader.py", line 62, in render_to_string
    return template.render(context, request)
           ~~~~~~~~~~~~~~~^^^^^^^^^^^^^^^^^^
  File "/Users/user/Desktop/igi/353505_Chuiko_26/IGI/LR5/Agency/venv/lib/python3.13/site-packages/django/template/backends/django.py", line 107, in render
    return self.template.render(context)
           ~~~~~~~~~~~~~~~~~~~~^^^^^^^^^
  File "/Users/user/Desktop/igi/353505_Chuiko_26/IGI/LR5/Agency/venv/lib/python3.13/site-packages/django/template/base.py", line 171, in render
    return self._render(context)
           ~~~~~~~~~~~~^^^^^^^^^
  File "/Users/user/Desktop/igi/353505_Chuiko_26/IGI/LR5/Agency/venv/lib/python3.13/site-packages/django/test/utils.py", line 114, in instrumented_test_render
    return self.nodelist.render(context)
           ~~~~~~~~~~~~~~~~~~~~^^^^^^^^^
  File "/Users/user/Desktop/igi/353505_Chuiko_26/IGI/LR5/Agency/venv/lib/python3.13/site-packages/django/template/base.py", line 1016, in render
    return SafeString("".join([node.render_annotated(context) for node in self]))
                               ~~~~~~~~~~~~~~~~~~~~~^^^^^^^^^
  File "/Users/user/Desktop/igi/353505_Chuiko_26/IGI/LR5/Agency/venv/lib/python3.13/site-packages/django/template/base.py", line 977, in render_annotated
    return self.render(context)
           ~~~~~~~~~~~^^^^^^^^^
  File "/Users/user/Desktop/igi/353505_Chuiko_26/IGI/LR5/Agency/venv/lib/python3.13/site-packages/django/template/loader_tags.py", line 159, in render
    return compiled_parent._render(context)
           ~~~~~~~~~~~~~~~~~~~~~~~^^^^^^^^^
  File "/Users/user/Desktop/igi/353505_Chuiko_26/IGI/LR5/Agency/venv/lib/python3.13/site-packages/django/test/utils.py", line 114, in instrumented_test_render
    return self.nodelist.render(context)
           ~~~~~~~~~~~~~~~~~~~~^^^^^^^^^
  File "/Users/user/Desktop/igi/353505_Chuiko_26/IGI/LR5/Agency/venv/lib/python3.13/site-packages/django/template/base.py", line 1016, in render
    return SafeString("".join([node.render_annotated(context) for node in self]))
                               ~~~~~~~~~~~~~~~~~~~~~^^^^^^^^^
  File "/Users/user/Desktop/igi/353505_Chuiko_26/IGI/LR5/Agency/venv/lib/python3.13/site-packages/django/template/base.py", line 977, in render_annotated
    return self.render(context)
           ~~~~~~~~~~~^^^^^^^^^
  File "/Users/user/Desktop/igi/353505_Chuiko_26/IGI/LR5/Agency/venv/lib/python3.13/site-packages/django/template/defaulttags.py", line 480, in render
    url = reverse(view_name, args=args, kwargs=kwargs, current_app=current_app)
  File "/Users/user/Desktop/igi/353505_Chuiko_26/IGI/LR5/Agency/venv/lib/python3.13/site-packages/django/urls/base.py", line 98, in reverse
    resolved_url = resolver._reverse_with_prefix(view, prefix, *args, **kwargs)
  File "/Users/user/Desktop/igi/353505_Chuiko_26/IGI/LR5/Agency/venv/lib/python3.13/site-packages/django/urls/resolvers.py", line 831, in _reverse_with_prefix
    raise NoReverseMatch(msg)
django.urls.exceptions.NoReverseMatch: Reverse for 'glossary' not found. 'glossary' is not a valid view function or pattern name.
ERROR 2025-05-27 19:44:33,487 log Internal Server Error: /properties/1/
Traceback (most recent call last):
  File "/Users/user/Desktop/igi/353505_Chuiko_26/IGI/LR5/Agency/venv/lib/python3.13/site-packages/django/template/backends/django.py", line 107, in render
    return self.template.render(context)
           ~~~~~~~~~~~~~~~~~~~~^^^^^^^^^
  File "/Users/user/Desktop/igi/353505_Chuiko_26/IGI/LR5/Agency/venv/lib/python3.13/site-packages/django/template/base.py", line 171, in render
    return self._render(context)
           ~~~~~~~~~~~~^^^^^^^^^
  File "/Users/user/Desktop/igi/353505_Chuiko_26/IGI/LR5/Agency/venv/lib/python3.13/site-packages/django/test/utils.py", line 114, in instrumented_test_render
    return self.nodelist.render(context)
           ~~~~~~~~~~~~~~~~~~~~^^^^^^^^^
  File "/Users/user/Desktop/igi/353505_Chuiko_26/IGI/LR5/Agency/venv/lib/python3.13/site-packages/django/template/base.py", line 1016, in render
    return SafeString("".join([node.render_annotated(context) for node in self]))
                               ~~~~~~~~~~~~~~~~~~~~~^^^^^^^^^
  File "/Users/user/Desktop/igi/353505_Chuiko_26/IGI/LR5/Agency/venv/lib/python3.13/site-packages/django/template/base.py", line 977, in render_annotated
    return self.render(context)
           ~~~~~~~~~~~^^^^^^^^^
  File "/Users/user/Desktop/igi/353505_Chuiko_26/IGI/LR5/Agency/venv/lib/python3.13/site-packages/django/template/loader_tags.py", line 134, in render
    compiled_parent = self.get_parent(context)
  File "/Users/user/Desktop/igi/353505_Chuiko_26/IGI/LR5/Agency/venv/lib/python3.13/site-packages/django/template/loader_tags.py", line 131, in get_parent
    return self.find_template(parent, context)
           ~~~~~~~~~~~~~~~~~~^^^^^^^^^^^^^^^^^
  File "/Users/user/Desktop/igi/353505_Chuiko_26/IGI/LR5/Agency/venv/lib/python3.13/site-packages/django/template/loader_tags.py", line 109, in find_template
    template, origin = context.template.engine.find_template(
                       ~~~~~~~~~~~~~~~~~~~~~~~~~~~~~~~~~~~~~^
        template_name,
        ^^^^^^^^^^^^^^
        skip=history,
        ^^^^^^^^^^^^^
    )
    ^
  File "/Users/user/Desktop/igi/353505_Chuiko_26/IGI/LR5/Agency/venv/lib/python3.13/site-packages/django/template/engine.py", line 163, in find_template
    raise TemplateDoesNotExist(name, tried=tried)
django.template.exceptions.TemplateDoesNotExist: base.html

The above exception was the direct cause of the following exception:

Traceback (most recent call last):
  File "/Users/user/Desktop/igi/353505_Chuiko_26/IGI/LR5/Agency/venv/lib/python3.13/site-packages/django/core/handlers/exception.py", line 55, in inner
    response = get_response(request)
  File "/Users/user/Desktop/igi/353505_Chuiko_26/IGI/LR5/Agency/venv/lib/python3.13/site-packages/django/core/handlers/base.py", line 197, in _get_response
    response = wrapped_callback(request, *callback_args, **callback_kwargs)
  File "/Users/user/Desktop/igi/353505_Chuiko_26/IGI/LR5/Agency/estateAgency/views.py", line 49, in property_detail
    return render(request, 'properties/detail.html', {
        'property': property,
        'related_properties': related
    })
  File "/Users/user/Desktop/igi/353505_Chuiko_26/IGI/LR5/Agency/venv/lib/python3.13/site-packages/django/shortcuts.py", line 25, in render
    content = loader.render_to_string(template_name, context, request, using=using)
  File "/Users/user/Desktop/igi/353505_Chuiko_26/IGI/LR5/Agency/venv/lib/python3.13/site-packages/django/template/loader.py", line 62, in render_to_string
    return template.render(context, request)
           ~~~~~~~~~~~~~~~^^^^^^^^^^^^^^^^^^
  File "/Users/user/Desktop/igi/353505_Chuiko_26/IGI/LR5/Agency/venv/lib/python3.13/site-packages/django/template/backends/django.py", line 109, in render
    reraise(exc, self.backend)
    ~~~~~~~^^^^^^^^^^^^^^^^^^^
  File "/Users/user/Desktop/igi/353505_Chuiko_26/IGI/LR5/Agency/venv/lib/python3.13/site-packages/django/template/backends/django.py", line 130, in reraise
    raise new from exc
django.template.exceptions.TemplateDoesNotExist: base.html
ERROR 2025-05-27 19:44:54,176 log Internal Server Error: /
Traceback (most recent call last):
  File "/Users/user/Desktop/igi/353505_Chuiko_26/IGI/LR5/Agency/venv/lib/python3.13/site-packages/django/core/handlers/exception.py", line 55, in inner
    response = get_response(request)
  File "/Users/user/Desktop/igi/353505_Chuiko_26/IGI/LR5/Agency/venv/lib/python3.13/site-packages/django/core/handlers/base.py", line 197, in _get_response
    response = wrapped_callback(request, *callback_args, **callback_kwargs)
  File "/Users/user/Desktop/igi/353505_Chuiko_26/IGI/LR5/Agency/estateAgency/views.py", line 21, in mainpage
    return render(request, 'mainpage/mainpage.html', context)
  File "/Users/user/Desktop/igi/353505_Chuiko_26/IGI/LR5/Agency/venv/lib/python3.13/site-packages/django/shortcuts.py", line 25, in render
    content = loader.render_to_string(template_name, context, request, using=using)
  File "/Users/user/Desktop/igi/353505_Chuiko_26/IGI/LR5/Agency/venv/lib/python3.13/site-packages/django/template/loader.py", line 62, in render_to_string
    return template.render(context, request)
           ~~~~~~~~~~~~~~~^^^^^^^^^^^^^^^^^^
  File "/Users/user/Desktop/igi/353505_Chuiko_26/IGI/LR5/Agency/venv/lib/python3.13/site-packages/django/template/backends/django.py", line 107, in render
    return self.template.render(context)
           ~~~~~~~~~~~~~~~~~~~~^^^^^^^^^
  File "/Users/user/Desktop/igi/353505_Chuiko_26/IGI/LR5/Agency/venv/lib/python3.13/site-packages/django/template/base.py", line 171, in render
    return self._render(context)
           ~~~~~~~~~~~~^^^^^^^^^
  File "/Users/user/Desktop/igi/353505_Chuiko_26/IGI/LR5/Agency/venv/lib/python3.13/site-packages/django/test/utils.py", line 114, in instrumented_test_render
    return self.nodelist.render(context)
           ~~~~~~~~~~~~~~~~~~~~^^^^^^^^^
  File "/Users/user/Desktop/igi/353505_Chuiko_26/IGI/LR5/Agency/venv/lib/python3.13/site-packages/django/template/base.py", line 1016, in render
    return SafeString("".join([node.render_annotated(context) for node in self]))
                               ~~~~~~~~~~~~~~~~~~~~~^^^^^^^^^
  File "/Users/user/Desktop/igi/353505_Chuiko_26/IGI/LR5/Agency/venv/lib/python3.13/site-packages/django/template/base.py", line 977, in render_annotated
    return self.render(context)
           ~~~~~~~~~~~^^^^^^^^^
  File "/Users/user/Desktop/igi/353505_Chuiko_26/IGI/LR5/Agency/venv/lib/python3.13/site-packages/django/template/loader_tags.py", line 159, in render
    return compiled_parent._render(context)
           ~~~~~~~~~~~~~~~~~~~~~~~^^^^^^^^^
  File "/Users/user/Desktop/igi/353505_Chuiko_26/IGI/LR5/Agency/venv/lib/python3.13/site-packages/django/test/utils.py", line 114, in instrumented_test_render
    return self.nodelist.render(context)
           ~~~~~~~~~~~~~~~~~~~~^^^^^^^^^
  File "/Users/user/Desktop/igi/353505_Chuiko_26/IGI/LR5/Agency/venv/lib/python3.13/site-packages/django/template/base.py", line 1016, in render
    return SafeString("".join([node.render_annotated(context) for node in self]))
                               ~~~~~~~~~~~~~~~~~~~~~^^^^^^^^^
  File "/Users/user/Desktop/igi/353505_Chuiko_26/IGI/LR5/Agency/venv/lib/python3.13/site-packages/django/template/base.py", line 977, in render_annotated
    return self.render(context)
           ~~~~~~~~~~~^^^^^^^^^
  File "/Users/user/Desktop/igi/353505_Chuiko_26/IGI/LR5/Agency/venv/lib/python3.13/site-packages/django/template/defaulttags.py", line 480, in render
    url = reverse(view_name, args=args, kwargs=kwargs, current_app=current_app)
  File "/Users/user/Desktop/igi/353505_Chuiko_26/IGI/LR5/Agency/venv/lib/python3.13/site-packages/django/urls/base.py", line 98, in reverse
    resolved_url = resolver._reverse_with_prefix(view, prefix, *args, **kwargs)
  File "/Users/user/Desktop/igi/353505_Chuiko_26/IGI/LR5/Agency/venv/lib/python3.13/site-packages/django/urls/resolvers.py", line 831, in _reverse_with_prefix
    raise NoReverseMatch(msg)
django.urls.exceptions.NoReverseMatch: Reverse for 'glossary' not found. 'glossary' is not a valid view function or pattern name.
ERROR 2025-05-27 19:44:54,638 log Internal Server Error: /properties/1/
Traceback (most recent call last):
  File "/Users/user/Desktop/igi/353505_Chuiko_26/IGI/LR5/Agency/venv/lib/python3.13/site-packages/django/template/backends/django.py", line 107, in render
    return self.template.render(context)
           ~~~~~~~~~~~~~~~~~~~~^^^^^^^^^
  File "/Users/user/Desktop/igi/353505_Chuiko_26/IGI/LR5/Agency/venv/lib/python3.13/site-packages/django/template/base.py", line 171, in render
    return self._render(context)
           ~~~~~~~~~~~~^^^^^^^^^
  File "/Users/user/Desktop/igi/353505_Chuiko_26/IGI/LR5/Agency/venv/lib/python3.13/site-packages/django/test/utils.py", line 114, in instrumented_test_render
    return self.nodelist.render(context)
           ~~~~~~~~~~~~~~~~~~~~^^^^^^^^^
  File "/Users/user/Desktop/igi/353505_Chuiko_26/IGI/LR5/Agency/venv/lib/python3.13/site-packages/django/template/base.py", line 1016, in render
    return SafeString("".join([node.render_annotated(context) for node in self]))
                               ~~~~~~~~~~~~~~~~~~~~~^^^^^^^^^
  File "/Users/user/Desktop/igi/353505_Chuiko_26/IGI/LR5/Agency/venv/lib/python3.13/site-packages/django/template/base.py", line 977, in render_annotated
    return self.render(context)
           ~~~~~~~~~~~^^^^^^^^^
  File "/Users/user/Desktop/igi/353505_Chuiko_26/IGI/LR5/Agency/venv/lib/python3.13/site-packages/django/template/loader_tags.py", line 134, in render
    compiled_parent = self.get_parent(context)
  File "/Users/user/Desktop/igi/353505_Chuiko_26/IGI/LR5/Agency/venv/lib/python3.13/site-packages/django/template/loader_tags.py", line 131, in get_parent
    return self.find_template(parent, context)
           ~~~~~~~~~~~~~~~~~~^^^^^^^^^^^^^^^^^
  File "/Users/user/Desktop/igi/353505_Chuiko_26/IGI/LR5/Agency/venv/lib/python3.13/site-packages/django/template/loader_tags.py", line 109, in find_template
    template, origin = context.template.engine.find_template(
                       ~~~~~~~~~~~~~~~~~~~~~~~~~~~~~~~~~~~~~^
        template_name,
        ^^^^^^^^^^^^^^
        skip=history,
        ^^^^^^^^^^^^^
    )
    ^
  File "/Users/user/Desktop/igi/353505_Chuiko_26/IGI/LR5/Agency/venv/lib/python3.13/site-packages/django/template/engine.py", line 163, in find_template
    raise TemplateDoesNotExist(name, tried=tried)
django.template.exceptions.TemplateDoesNotExist: base.html

The above exception was the direct cause of the following exception:

Traceback (most recent call last):
  File "/Users/user/Desktop/igi/353505_Chuiko_26/IGI/LR5/Agency/venv/lib/python3.13/site-packages/django/core/handlers/exception.py", line 55, in inner
    response = get_response(request)
  File "/Users/user/Desktop/igi/353505_Chuiko_26/IGI/LR5/Agency/venv/lib/python3.13/site-packages/django/core/handlers/base.py", line 197, in _get_response
    response = wrapped_callback(request, *callback_args, **callback_kwargs)
  File "/Users/user/Desktop/igi/353505_Chuiko_26/IGI/LR5/Agency/estateAgency/views.py", line 49, in property_detail
    return render(request, 'properties/detail.html', {
        'property': property,
        'related_properties': related
    })
  File "/Users/user/Desktop/igi/353505_Chuiko_26/IGI/LR5/Agency/venv/lib/python3.13/site-packages/django/shortcuts.py", line 25, in render
    content = loader.render_to_string(template_name, context, request, using=using)
  File "/Users/user/Desktop/igi/353505_Chuiko_26/IGI/LR5/Agency/venv/lib/python3.13/site-packages/django/template/loader.py", line 62, in render_to_string
    return template.render(context, request)
           ~~~~~~~~~~~~~~~^^^^^^^^^^^^^^^^^^
  File "/Users/user/Desktop/igi/353505_Chuiko_26/IGI/LR5/Agency/venv/lib/python3.13/site-packages/django/template/backends/django.py", line 109, in render
    reraise(exc, self.backend)
    ~~~~~~~^^^^^^^^^^^^^^^^^^^
  File "/Users/user/Desktop/igi/353505_Chuiko_26/IGI/LR5/Agency/venv/lib/python3.13/site-packages/django/template/backends/django.py", line 130, in reraise
    raise new from exc
django.template.exceptions.TemplateDoesNotExist: base.html
ERROR 2025-05-27 19:50:15,665 log Internal Server Error: /crud/deals/
Traceback (most recent call last):
  File "/Users/user/Desktop/igi/353505_Chuiko_26/IGI/LR5/Agency/venv/lib/python3.13/site-packages/django/template/backends/django.py", line 107, in render
    return self.template.render(context)
           ~~~~~~~~~~~~~~~~~~~~^^^^^^^^^
  File "/Users/user/Desktop/igi/353505_Chuiko_26/IGI/LR5/Agency/venv/lib/python3.13/site-packages/django/template/base.py", line 171, in render
    return self._render(context)
           ~~~~~~~~~~~~^^^^^^^^^
  File "/Users/user/Desktop/igi/353505_Chuiko_26/IGI/LR5/Agency/venv/lib/python3.13/site-packages/django/test/utils.py", line 114, in instrumented_test_render
    return self.nodelist.render(context)
           ~~~~~~~~~~~~~~~~~~~~^^^^^^^^^
  File "/Users/user/Desktop/igi/353505_Chuiko_26/IGI/LR5/Agency/venv/lib/python3.13/site-packages/django/template/base.py", line 1016, in render
    return SafeString("".join([node.render_annotated(context) for node in self]))
                               ~~~~~~~~~~~~~~~~~~~~~^^^^^^^^^
  File "/Users/user/Desktop/igi/353505_Chuiko_26/IGI/LR5/Agency/venv/lib/python3.13/site-packages/django/template/base.py", line 977, in render_annotated
    return self.render(context)
           ~~~~~~~~~~~^^^^^^^^^
  File "/Users/user/Desktop/igi/353505_Chuiko_26/IGI/LR5/Agency/venv/lib/python3.13/site-packages/django/template/loader_tags.py", line 134, in render
    compiled_parent = self.get_parent(context)
  File "/Users/user/Desktop/igi/353505_Chuiko_26/IGI/LR5/Agency/venv/lib/python3.13/site-packages/django/template/loader_tags.py", line 131, in get_parent
    return self.find_template(parent, context)
           ~~~~~~~~~~~~~~~~~~^^^^^^^^^^^^^^^^^
  File "/Users/user/Desktop/igi/353505_Chuiko_26/IGI/LR5/Agency/venv/lib/python3.13/site-packages/django/template/loader_tags.py", line 109, in find_template
    template, origin = context.template.engine.find_template(
                       ~~~~~~~~~~~~~~~~~~~~~~~~~~~~~~~~~~~~~^
        template_name,
        ^^^^^^^^^^^^^^
        skip=history,
        ^^^^^^^^^^^^^
    )
    ^
  File "/Users/user/Desktop/igi/353505_Chuiko_26/IGI/LR5/Agency/venv/lib/python3.13/site-packages/django/template/engine.py", line 163, in find_template
    raise TemplateDoesNotExist(name, tried=tried)
django.template.exceptions.TemplateDoesNotExist: base.html

The above exception was the direct cause of the following exception:

Traceback (most recent call last):
  File "/Users/user/Desktop/igi/353505_Chuiko_26/IGI/LR5/Agency/venv/lib/python3.13/site-packages/django/core/handlers/exception.py", line 55, in inner
    response = get_response(request)
  File "/Users/user/Desktop/igi/353505_Chuiko_26/IGI/LR5/Agency/venv/lib/python3.13/site-packages/django/core/handlers/base.py", line 220, in _get_response
    response = response.render()
  File "/Users/user/Desktop/igi/353505_Chuiko_26/IGI/LR5/Agency/venv/lib/python3.13/site-packages/django/template/response.py", line 114, in render
    self.content = self.rendered_content
                   ^^^^^^^^^^^^^^^^^^^^^
  File "/Users/user/Desktop/igi/353505_Chuiko_26/IGI/LR5/Agency/venv/lib/python3.13/site-packages/django/template/response.py", line 92, in rendered_content
    return template.render(context, self._request)
           ~~~~~~~~~~~~~~~^^^^^^^^^^^^^^^^^^^^^^^^
  File "/Users/user/Desktop/igi/353505_Chuiko_26/IGI/LR5/Agency/venv/lib/python3.13/site-packages/django/template/backends/django.py", line 109, in render
    reraise(exc, self.backend)
    ~~~~~~~^^^^^^^^^^^^^^^^^^^
  File "/Users/user/Desktop/igi/353505_Chuiko_26/IGI/LR5/Agency/venv/lib/python3.13/site-packages/django/template/backends/django.py", line 130, in reraise
    raise new from exc
django.template.exceptions.TemplateDoesNotExist: base.html
ERROR 2025-05-27 19:50:15,672 log Internal Server Error: /
Traceback (most recent call last):
  File "/Users/user/Desktop/igi/353505_Chuiko_26/IGI/LR5/Agency/venv/lib/python3.13/site-packages/django/core/handlers/exception.py", line 55, in inner
    response = get_response(request)
  File "/Users/user/Desktop/igi/353505_Chuiko_26/IGI/LR5/Agency/venv/lib/python3.13/site-packages/django/core/handlers/base.py", line 197, in _get_response
    response = wrapped_callback(request, *callback_args, **callback_kwargs)
  File "/Users/user/Desktop/igi/353505_Chuiko_26/IGI/LR5/Agency/estateAgency/views.py", line 21, in mainpage
    return render(request, 'mainpage/mainpage.html', context)
  File "/Users/user/Desktop/igi/353505_Chuiko_26/IGI/LR5/Agency/venv/lib/python3.13/site-packages/django/shortcuts.py", line 25, in render
    content = loader.render_to_string(template_name, context, request, using=using)
  File "/Users/user/Desktop/igi/353505_Chuiko_26/IGI/LR5/Agency/venv/lib/python3.13/site-packages/django/template/loader.py", line 62, in render_to_string
    return template.render(context, request)
           ~~~~~~~~~~~~~~~^^^^^^^^^^^^^^^^^^
  File "/Users/user/Desktop/igi/353505_Chuiko_26/IGI/LR5/Agency/venv/lib/python3.13/site-packages/django/template/backends/django.py", line 107, in render
    return self.template.render(context)
           ~~~~~~~~~~~~~~~~~~~~^^^^^^^^^
  File "/Users/user/Desktop/igi/353505_Chuiko_26/IGI/LR5/Agency/venv/lib/python3.13/site-packages/django/template/base.py", line 171, in render
    return self._render(context)
           ~~~~~~~~~~~~^^^^^^^^^
  File "/Users/user/Desktop/igi/353505_Chuiko_26/IGI/LR5/Agency/venv/lib/python3.13/site-packages/django/test/utils.py", line 114, in instrumented_test_render
    return self.nodelist.render(context)
           ~~~~~~~~~~~~~~~~~~~~^^^^^^^^^
  File "/Users/user/Desktop/igi/353505_Chuiko_26/IGI/LR5/Agency/venv/lib/python3.13/site-packages/django/template/base.py", line 1016, in render
    return SafeString("".join([node.render_annotated(context) for node in self]))
                               ~~~~~~~~~~~~~~~~~~~~~^^^^^^^^^
  File "/Users/user/Desktop/igi/353505_Chuiko_26/IGI/LR5/Agency/venv/lib/python3.13/site-packages/django/template/base.py", line 977, in render_annotated
    return self.render(context)
           ~~~~~~~~~~~^^^^^^^^^
  File "/Users/user/Desktop/igi/353505_Chuiko_26/IGI/LR5/Agency/venv/lib/python3.13/site-packages/django/template/loader_tags.py", line 159, in render
    return compiled_parent._render(context)
           ~~~~~~~~~~~~~~~~~~~~~~~^^^^^^^^^
  File "/Users/user/Desktop/igi/353505_Chuiko_26/IGI/LR5/Agency/venv/lib/python3.13/site-packages/django/test/utils.py", line 114, in instrumented_test_render
    return self.nodelist.render(context)
           ~~~~~~~~~~~~~~~~~~~~^^^^^^^^^
  File "/Users/user/Desktop/igi/353505_Chuiko_26/IGI/LR5/Agency/venv/lib/python3.13/site-packages/django/template/base.py", line 1016, in render
    return SafeString("".join([node.render_annotated(context) for node in self]))
                               ~~~~~~~~~~~~~~~~~~~~~^^^^^^^^^
  File "/Users/user/Desktop/igi/353505_Chuiko_26/IGI/LR5/Agency/venv/lib/python3.13/site-packages/django/template/base.py", line 977, in render_annotated
    return self.render(context)
           ~~~~~~~~~~~^^^^^^^^^
  File "/Users/user/Desktop/igi/353505_Chuiko_26/IGI/LR5/Agency/venv/lib/python3.13/site-packages/django/template/defaulttags.py", line 480, in render
    url = reverse(view_name, args=args, kwargs=kwargs, current_app=current_app)
  File "/Users/user/Desktop/igi/353505_Chuiko_26/IGI/LR5/Agency/venv/lib/python3.13/site-packages/django/urls/base.py", line 98, in reverse
    resolved_url = resolver._reverse_with_prefix(view, prefix, *args, **kwargs)
  File "/Users/user/Desktop/igi/353505_Chuiko_26/IGI/LR5/Agency/venv/lib/python3.13/site-packages/django/urls/resolvers.py", line 831, in _reverse_with_prefix
    raise NoReverseMatch(msg)
django.urls.exceptions.NoReverseMatch: Reverse for 'glossary' not found. 'glossary' is not a valid view function or pattern name.
ERROR 2025-05-27 19:50:16,129 log Internal Server Error: /properties/1/
Traceback (most recent call last):
  File "/Users/user/Desktop/igi/353505_Chuiko_26/IGI/LR5/Agency/venv/lib/python3.13/site-packages/django/template/backends/django.py", line 107, in render
    return self.template.render(context)
           ~~~~~~~~~~~~~~~~~~~~^^^^^^^^^
  File "/Users/user/Desktop/igi/353505_Chuiko_26/IGI/LR5/Agency/venv/lib/python3.13/site-packages/django/template/base.py", line 171, in render
    return self._render(context)
           ~~~~~~~~~~~~^^^^^^^^^
  File "/Users/user/Desktop/igi/353505_Chuiko_26/IGI/LR5/Agency/venv/lib/python3.13/site-packages/django/test/utils.py", line 114, in instrumented_test_render
    return self.nodelist.render(context)
           ~~~~~~~~~~~~~~~~~~~~^^^^^^^^^
  File "/Users/user/Desktop/igi/353505_Chuiko_26/IGI/LR5/Agency/venv/lib/python3.13/site-packages/django/template/base.py", line 1016, in render
    return SafeString("".join([node.render_annotated(context) for node in self]))
                               ~~~~~~~~~~~~~~~~~~~~~^^^^^^^^^
  File "/Users/user/Desktop/igi/353505_Chuiko_26/IGI/LR5/Agency/venv/lib/python3.13/site-packages/django/template/base.py", line 977, in render_annotated
    return self.render(context)
           ~~~~~~~~~~~^^^^^^^^^
  File "/Users/user/Desktop/igi/353505_Chuiko_26/IGI/LR5/Agency/venv/lib/python3.13/site-packages/django/template/loader_tags.py", line 134, in render
    compiled_parent = self.get_parent(context)
  File "/Users/user/Desktop/igi/353505_Chuiko_26/IGI/LR5/Agency/venv/lib/python3.13/site-packages/django/template/loader_tags.py", line 131, in get_parent
    return self.find_template(parent, context)
           ~~~~~~~~~~~~~~~~~~^^^^^^^^^^^^^^^^^
  File "/Users/user/Desktop/igi/353505_Chuiko_26/IGI/LR5/Agency/venv/lib/python3.13/site-packages/django/template/loader_tags.py", line 109, in find_template
    template, origin = context.template.engine.find_template(
                       ~~~~~~~~~~~~~~~~~~~~~~~~~~~~~~~~~~~~~^
        template_name,
        ^^^^^^^^^^^^^^
        skip=history,
        ^^^^^^^^^^^^^
    )
    ^
  File "/Users/user/Desktop/igi/353505_Chuiko_26/IGI/LR5/Agency/venv/lib/python3.13/site-packages/django/template/engine.py", line 163, in find_template
    raise TemplateDoesNotExist(name, tried=tried)
django.template.exceptions.TemplateDoesNotExist: base.html

The above exception was the direct cause of the following exception:

Traceback (most recent call last):
  File "/Users/user/Desktop/igi/353505_Chuiko_26/IGI/LR5/Agency/venv/lib/python3.13/site-packages/django/core/handlers/exception.py", line 55, in inner
    response = get_response(request)
  File "/Users/user/Desktop/igi/353505_Chuiko_26/IGI/LR5/Agency/venv/lib/python3.13/site-packages/django/core/handlers/base.py", line 197, in _get_response
    response = wrapped_callback(request, *callback_args, **callback_kwargs)
  File "/Users/user/Desktop/igi/353505_Chuiko_26/IGI/LR5/Agency/estateAgency/views.py", line 49, in property_detail
    return render(request, 'properties/detail.html', {
        'property': property,
        'related_properties': related
    })
  File "/Users/user/Desktop/igi/353505_Chuiko_26/IGI/LR5/Agency/venv/lib/python3.13/site-packages/django/shortcuts.py", line 25, in render
    content = loader.render_to_string(template_name, context, request, using=using)
  File "/Users/user/Desktop/igi/353505_Chuiko_26/IGI/LR5/Agency/venv/lib/python3.13/site-packages/django/template/loader.py", line 62, in render_to_string
    return template.render(context, request)
           ~~~~~~~~~~~~~~~^^^^^^^^^^^^^^^^^^
  File "/Users/user/Desktop/igi/353505_Chuiko_26/IGI/LR5/Agency/venv/lib/python3.13/site-packages/django/template/backends/django.py", line 109, in render
    reraise(exc, self.backend)
    ~~~~~~~^^^^^^^^^^^^^^^^^^^
  File "/Users/user/Desktop/igi/353505_Chuiko_26/IGI/LR5/Agency/venv/lib/python3.13/site-packages/django/template/backends/django.py", line 130, in reraise
    raise new from exc
django.template.exceptions.TemplateDoesNotExist: base.html
ERROR 2025-05-27 19:50:16,584 log Internal Server Error: /properties/
Traceback (most recent call last):
  File "/Users/user/Desktop/igi/353505_Chuiko_26/IGI/LR5/Agency/venv/lib/python3.13/site-packages/django/template/backends/django.py", line 107, in render
    return self.template.render(context)
           ~~~~~~~~~~~~~~~~~~~~^^^^^^^^^
  File "/Users/user/Desktop/igi/353505_Chuiko_26/IGI/LR5/Agency/venv/lib/python3.13/site-packages/django/template/base.py", line 171, in render
    return self._render(context)
           ~~~~~~~~~~~~^^^^^^^^^
  File "/Users/user/Desktop/igi/353505_Chuiko_26/IGI/LR5/Agency/venv/lib/python3.13/site-packages/django/test/utils.py", line 114, in instrumented_test_render
    return self.nodelist.render(context)
           ~~~~~~~~~~~~~~~~~~~~^^^^^^^^^
  File "/Users/user/Desktop/igi/353505_Chuiko_26/IGI/LR5/Agency/venv/lib/python3.13/site-packages/django/template/base.py", line 1016, in render
    return SafeString("".join([node.render_annotated(context) for node in self]))
                               ~~~~~~~~~~~~~~~~~~~~~^^^^^^^^^
  File "/Users/user/Desktop/igi/353505_Chuiko_26/IGI/LR5/Agency/venv/lib/python3.13/site-packages/django/template/base.py", line 977, in render_annotated
    return self.render(context)
           ~~~~~~~~~~~^^^^^^^^^
  File "/Users/user/Desktop/igi/353505_Chuiko_26/IGI/LR5/Agency/venv/lib/python3.13/site-packages/django/template/loader_tags.py", line 134, in render
    compiled_parent = self.get_parent(context)
  File "/Users/user/Desktop/igi/353505_Chuiko_26/IGI/LR5/Agency/venv/lib/python3.13/site-packages/django/template/loader_tags.py", line 131, in get_parent
    return self.find_template(parent, context)
           ~~~~~~~~~~~~~~~~~~^^^^^^^^^^^^^^^^^
  File "/Users/user/Desktop/igi/353505_Chuiko_26/IGI/LR5/Agency/venv/lib/python3.13/site-packages/django/template/loader_tags.py", line 109, in find_template
    template, origin = context.template.engine.find_template(
                       ~~~~~~~~~~~~~~~~~~~~~~~~~~~~~~~~~~~~~^
        template_name,
        ^^^^^^^^^^^^^^
        skip=history,
        ^^^^^^^^^^^^^
    )
    ^
  File "/Users/user/Desktop/igi/353505_Chuiko_26/IGI/LR5/Agency/venv/lib/python3.13/site-packages/django/template/engine.py", line 163, in find_template
    raise TemplateDoesNotExist(name, tried=tried)
django.template.exceptions.TemplateDoesNotExist: base.html

The above exception was the direct cause of the following exception:

Traceback (most recent call last):
  File "/Users/user/Desktop/igi/353505_Chuiko_26/IGI/LR5/Agency/venv/lib/python3.13/site-packages/django/core/handlers/exception.py", line 55, in inner
    response = get_response(request)
  File "/Users/user/Desktop/igi/353505_Chuiko_26/IGI/LR5/Agency/venv/lib/python3.13/site-packages/django/core/handlers/base.py", line 197, in _get_response
    response = wrapped_callback(request, *callback_args, **callback_kwargs)
  File "/Users/user/Desktop/igi/353505_Chuiko_26/IGI/LR5/Agency/estateAgency/estate_views.py", line 71, in property_list
    return render(request, 'properties/list.html', {'properties': properties})
  File "/Users/user/Desktop/igi/353505_Chuiko_26/IGI/LR5/Agency/venv/lib/python3.13/site-packages/django/shortcuts.py", line 25, in render
    content = loader.render_to_string(template_name, context, request, using=using)
  File "/Users/user/Desktop/igi/353505_Chuiko_26/IGI/LR5/Agency/venv/lib/python3.13/site-packages/django/template/loader.py", line 62, in render_to_string
    return template.render(context, request)
           ~~~~~~~~~~~~~~~^^^^^^^^^^^^^^^^^^
  File "/Users/user/Desktop/igi/353505_Chuiko_26/IGI/LR5/Agency/venv/lib/python3.13/site-packages/django/template/backends/django.py", line 109, in render
    reraise(exc, self.backend)
    ~~~~~~~^^^^^^^^^^^^^^^^^^^
  File "/Users/user/Desktop/igi/353505_Chuiko_26/IGI/LR5/Agency/venv/lib/python3.13/site-packages/django/template/backends/django.py", line 130, in reraise
    raise new from exc
django.template.exceptions.TemplateDoesNotExist: base.html
ERROR 2025-05-27 19:54:10,054 log Internal Server Error: /crud/deals/
Traceback (most recent call last):
  File "/Users/user/Desktop/igi/353505_Chuiko_26/IGI/LR5/Agency/venv/lib/python3.13/site-packages/django/core/handlers/exception.py", line 55, in inner
    response = get_response(request)
  File "/Users/user/Desktop/igi/353505_Chuiko_26/IGI/LR5/Agency/venv/lib/python3.13/site-packages/django/core/handlers/base.py", line 220, in _get_response
    response = response.render()
  File "/Users/user/Desktop/igi/353505_Chuiko_26/IGI/LR5/Agency/venv/lib/python3.13/site-packages/django/template/response.py", line 114, in render
    self.content = self.rendered_content
                   ^^^^^^^^^^^^^^^^^^^^^
  File "/Users/user/Desktop/igi/353505_Chuiko_26/IGI/LR5/Agency/venv/lib/python3.13/site-packages/django/template/response.py", line 92, in rendered_content
    return template.render(context, self._request)
           ~~~~~~~~~~~~~~~^^^^^^^^^^^^^^^^^^^^^^^^
  File "/Users/user/Desktop/igi/353505_Chuiko_26/IGI/LR5/Agency/venv/lib/python3.13/site-packages/django/template/backends/django.py", line 107, in render
    return self.template.render(context)
           ~~~~~~~~~~~~~~~~~~~~^^^^^^^^^
  File "/Users/user/Desktop/igi/353505_Chuiko_26/IGI/LR5/Agency/venv/lib/python3.13/site-packages/django/template/base.py", line 171, in render
    return self._render(context)
           ~~~~~~~~~~~~^^^^^^^^^
  File "/Users/user/Desktop/igi/353505_Chuiko_26/IGI/LR5/Agency/venv/lib/python3.13/site-packages/django/test/utils.py", line 114, in instrumented_test_render
    return self.nodelist.render(context)
           ~~~~~~~~~~~~~~~~~~~~^^^^^^^^^
  File "/Users/user/Desktop/igi/353505_Chuiko_26/IGI/LR5/Agency/venv/lib/python3.13/site-packages/django/template/base.py", line 1016, in render
    return SafeString("".join([node.render_annotated(context) for node in self]))
                               ~~~~~~~~~~~~~~~~~~~~~^^^^^^^^^
  File "/Users/user/Desktop/igi/353505_Chuiko_26/IGI/LR5/Agency/venv/lib/python3.13/site-packages/django/template/base.py", line 977, in render_annotated
    return self.render(context)
           ~~~~~~~~~~~^^^^^^^^^
  File "/Users/user/Desktop/igi/353505_Chuiko_26/IGI/LR5/Agency/venv/lib/python3.13/site-packages/django/template/loader_tags.py", line 159, in render
    return compiled_parent._render(context)
           ~~~~~~~~~~~~~~~~~~~~~~~^^^^^^^^^
  File "/Users/user/Desktop/igi/353505_Chuiko_26/IGI/LR5/Agency/venv/lib/python3.13/site-packages/django/test/utils.py", line 114, in instrumented_test_render
    return self.nodelist.render(context)
           ~~~~~~~~~~~~~~~~~~~~^^^^^^^^^
  File "/Users/user/Desktop/igi/353505_Chuiko_26/IGI/LR5/Agency/venv/lib/python3.13/site-packages/django/template/base.py", line 1016, in render
    return SafeString("".join([node.render_annotated(context) for node in self]))
                               ~~~~~~~~~~~~~~~~~~~~~^^^^^^^^^
  File "/Users/user/Desktop/igi/353505_Chuiko_26/IGI/LR5/Agency/venv/lib/python3.13/site-packages/django/template/base.py", line 977, in render_annotated
    return self.render(context)
           ~~~~~~~~~~~^^^^^^^^^
  File "/Users/user/Desktop/igi/353505_Chuiko_26/IGI/LR5/Agency/venv/lib/python3.13/site-packages/django/template/loader_tags.py", line 65, in render
    result = block.nodelist.render(context)
  File "/Users/user/Desktop/igi/353505_Chuiko_26/IGI/LR5/Agency/venv/lib/python3.13/site-packages/django/template/base.py", line 1016, in render
    return SafeString("".join([node.render_annotated(context) for node in self]))
                               ~~~~~~~~~~~~~~~~~~~~~^^^^^^^^^
  File "/Users/user/Desktop/igi/353505_Chuiko_26/IGI/LR5/Agency/venv/lib/python3.13/site-packages/django/template/base.py", line 977, in render_annotated
    return self.render(context)
           ~~~~~~~~~~~^^^^^^^^^
  File "/Users/user/Desktop/igi/353505_Chuiko_26/IGI/LR5/Agency/venv/lib/python3.13/site-packages/django/template/defaulttags.py", line 480, in render
    url = reverse(view_name, args=args, kwargs=kwargs, current_app=current_app)
  File "/Users/user/Desktop/igi/353505_Chuiko_26/IGI/LR5/Agency/venv/lib/python3.13/site-packages/django/urls/base.py", line 98, in reverse
    resolved_url = resolver._reverse_with_prefix(view, prefix, *args, **kwargs)
  File "/Users/user/Desktop/igi/353505_Chuiko_26/IGI/LR5/Agency/venv/lib/python3.13/site-packages/django/urls/resolvers.py", line 831, in _reverse_with_prefix
    raise NoReverseMatch(msg)
django.urls.exceptions.NoReverseMatch: Reverse for 'deal_create' not found. 'deal_create' is not a valid view function or pattern name.
ERROR 2025-05-27 19:54:10,062 log Internal Server Error: /
Traceback (most recent call last):
  File "/Users/user/Desktop/igi/353505_Chuiko_26/IGI/LR5/Agency/venv/lib/python3.13/site-packages/django/template/backends/django.py", line 107, in render
    return self.template.render(context)
           ~~~~~~~~~~~~~~~~~~~~^^^^^^^^^
  File "/Users/user/Desktop/igi/353505_Chuiko_26/IGI/LR5/Agency/venv/lib/python3.13/site-packages/django/template/base.py", line 171, in render
    return self._render(context)
           ~~~~~~~~~~~~^^^^^^^^^
  File "/Users/user/Desktop/igi/353505_Chuiko_26/IGI/LR5/Agency/venv/lib/python3.13/site-packages/django/test/utils.py", line 114, in instrumented_test_render
    return self.nodelist.render(context)
           ~~~~~~~~~~~~~~~~~~~~^^^^^^^^^
  File "/Users/user/Desktop/igi/353505_Chuiko_26/IGI/LR5/Agency/venv/lib/python3.13/site-packages/django/template/base.py", line 1016, in render
    return SafeString("".join([node.render_annotated(context) for node in self]))
                               ~~~~~~~~~~~~~~~~~~~~~^^^^^^^^^
  File "/Users/user/Desktop/igi/353505_Chuiko_26/IGI/LR5/Agency/venv/lib/python3.13/site-packages/django/template/base.py", line 977, in render_annotated
    return self.render(context)
           ~~~~~~~~~~~^^^^^^^^^
  File "/Users/user/Desktop/igi/353505_Chuiko_26/IGI/LR5/Agency/venv/lib/python3.13/site-packages/django/template/loader_tags.py", line 134, in render
    compiled_parent = self.get_parent(context)
  File "/Users/user/Desktop/igi/353505_Chuiko_26/IGI/LR5/Agency/venv/lib/python3.13/site-packages/django/template/loader_tags.py", line 131, in get_parent
    return self.find_template(parent, context)
           ~~~~~~~~~~~~~~~~~~^^^^^^^^^^^^^^^^^
  File "/Users/user/Desktop/igi/353505_Chuiko_26/IGI/LR5/Agency/venv/lib/python3.13/site-packages/django/template/loader_tags.py", line 109, in find_template
    template, origin = context.template.engine.find_template(
                       ~~~~~~~~~~~~~~~~~~~~~~~~~~~~~~~~~~~~~^
        template_name,
        ^^^^^^^^^^^^^^
        skip=history,
        ^^^^^^^^^^^^^
    )
    ^
  File "/Users/user/Desktop/igi/353505_Chuiko_26/IGI/LR5/Agency/venv/lib/python3.13/site-packages/django/template/engine.py", line 163, in find_template
    raise TemplateDoesNotExist(name, tried=tried)
django.template.exceptions.TemplateDoesNotExist: base_generic.html

The above exception was the direct cause of the following exception:

Traceback (most recent call last):
  File "/Users/user/Desktop/igi/353505_Chuiko_26/IGI/LR5/Agency/venv/lib/python3.13/site-packages/django/core/handlers/exception.py", line 55, in inner
    response = get_response(request)
  File "/Users/user/Desktop/igi/353505_Chuiko_26/IGI/LR5/Agency/venv/lib/python3.13/site-packages/django/core/handlers/base.py", line 197, in _get_response
    response = wrapped_callback(request, *callback_args, **callback_kwargs)
  File "/Users/user/Desktop/igi/353505_Chuiko_26/IGI/LR5/Agency/estateAgency/views.py", line 21, in mainpage
    return render(request, 'mainpage/mainpage.html', context)
  File "/Users/user/Desktop/igi/353505_Chuiko_26/IGI/LR5/Agency/venv/lib/python3.13/site-packages/django/shortcuts.py", line 25, in render
    content = loader.render_to_string(template_name, context, request, using=using)
  File "/Users/user/Desktop/igi/353505_Chuiko_26/IGI/LR5/Agency/venv/lib/python3.13/site-packages/django/template/loader.py", line 62, in render_to_string
    return template.render(context, request)
           ~~~~~~~~~~~~~~~^^^^^^^^^^^^^^^^^^
  File "/Users/user/Desktop/igi/353505_Chuiko_26/IGI/LR5/Agency/venv/lib/python3.13/site-packages/django/template/backends/django.py", line 109, in render
    reraise(exc, self.backend)
    ~~~~~~~^^^^^^^^^^^^^^^^^^^
  File "/Users/user/Desktop/igi/353505_Chuiko_26/IGI/LR5/Agency/venv/lib/python3.13/site-packages/django/template/backends/django.py", line 130, in reraise
    raise new from exc
django.template.exceptions.TemplateDoesNotExist: base_generic.html
ERROR 2025-05-27 19:54:48,600 log Internal Server Error: /crud/deals/
Traceback (most recent call last):
  File "/Users/user/Desktop/igi/353505_Chuiko_26/IGI/LR5/Agency/venv/lib/python3.13/site-packages/django/core/handlers/exception.py", line 55, in inner
    response = get_response(request)
  File "/Users/user/Desktop/igi/353505_Chuiko_26/IGI/LR5/Agency/venv/lib/python3.13/site-packages/django/core/handlers/base.py", line 220, in _get_response
    response = response.render()
  File "/Users/user/Desktop/igi/353505_Chuiko_26/IGI/LR5/Agency/venv/lib/python3.13/site-packages/django/template/response.py", line 114, in render
    self.content = self.rendered_content
                   ^^^^^^^^^^^^^^^^^^^^^
  File "/Users/user/Desktop/igi/353505_Chuiko_26/IGI/LR5/Agency/venv/lib/python3.13/site-packages/django/template/response.py", line 92, in rendered_content
    return template.render(context, self._request)
           ~~~~~~~~~~~~~~~^^^^^^^^^^^^^^^^^^^^^^^^
  File "/Users/user/Desktop/igi/353505_Chuiko_26/IGI/LR5/Agency/venv/lib/python3.13/site-packages/django/template/backends/django.py", line 107, in render
    return self.template.render(context)
           ~~~~~~~~~~~~~~~~~~~~^^^^^^^^^
  File "/Users/user/Desktop/igi/353505_Chuiko_26/IGI/LR5/Agency/venv/lib/python3.13/site-packages/django/template/base.py", line 171, in render
    return self._render(context)
           ~~~~~~~~~~~~^^^^^^^^^
  File "/Users/user/Desktop/igi/353505_Chuiko_26/IGI/LR5/Agency/venv/lib/python3.13/site-packages/django/test/utils.py", line 114, in instrumented_test_render
    return self.nodelist.render(context)
           ~~~~~~~~~~~~~~~~~~~~^^^^^^^^^
  File "/Users/user/Desktop/igi/353505_Chuiko_26/IGI/LR5/Agency/venv/lib/python3.13/site-packages/django/template/base.py", line 1016, in render
    return SafeString("".join([node.render_annotated(context) for node in self]))
                               ~~~~~~~~~~~~~~~~~~~~~^^^^^^^^^
  File "/Users/user/Desktop/igi/353505_Chuiko_26/IGI/LR5/Agency/venv/lib/python3.13/site-packages/django/template/base.py", line 977, in render_annotated
    return self.render(context)
           ~~~~~~~~~~~^^^^^^^^^
  File "/Users/user/Desktop/igi/353505_Chuiko_26/IGI/LR5/Agency/venv/lib/python3.13/site-packages/django/template/loader_tags.py", line 159, in render
    return compiled_parent._render(context)
           ~~~~~~~~~~~~~~~~~~~~~~~^^^^^^^^^
  File "/Users/user/Desktop/igi/353505_Chuiko_26/IGI/LR5/Agency/venv/lib/python3.13/site-packages/django/test/utils.py", line 114, in instrumented_test_render
    return self.nodelist.render(context)
           ~~~~~~~~~~~~~~~~~~~~^^^^^^^^^
  File "/Users/user/Desktop/igi/353505_Chuiko_26/IGI/LR5/Agency/venv/lib/python3.13/site-packages/django/template/base.py", line 1016, in render
    return SafeString("".join([node.render_annotated(context) for node in self]))
                               ~~~~~~~~~~~~~~~~~~~~~^^^^^^^^^
  File "/Users/user/Desktop/igi/353505_Chuiko_26/IGI/LR5/Agency/venv/lib/python3.13/site-packages/django/template/base.py", line 977, in render_annotated
    return self.render(context)
           ~~~~~~~~~~~^^^^^^^^^
  File "/Users/user/Desktop/igi/353505_Chuiko_26/IGI/LR5/Agency/venv/lib/python3.13/site-packages/django/template/loader_tags.py", line 65, in render
    result = block.nodelist.render(context)
  File "/Users/user/Desktop/igi/353505_Chuiko_26/IGI/LR5/Agency/venv/lib/python3.13/site-packages/django/template/base.py", line 1016, in render
    return SafeString("".join([node.render_annotated(context) for node in self]))
                               ~~~~~~~~~~~~~~~~~~~~~^^^^^^^^^
  File "/Users/user/Desktop/igi/353505_Chuiko_26/IGI/LR5/Agency/venv/lib/python3.13/site-packages/django/template/base.py", line 977, in render_annotated
    return self.render(context)
           ~~~~~~~~~~~^^^^^^^^^
  File "/Users/user/Desktop/igi/353505_Chuiko_26/IGI/LR5/Agency/venv/lib/python3.13/site-packages/django/template/defaulttags.py", line 480, in render
    url = reverse(view_name, args=args, kwargs=kwargs, current_app=current_app)
  File "/Users/user/Desktop/igi/353505_Chuiko_26/IGI/LR5/Agency/venv/lib/python3.13/site-packages/django/urls/base.py", line 98, in reverse
    resolved_url = resolver._reverse_with_prefix(view, prefix, *args, **kwargs)
  File "/Users/user/Desktop/igi/353505_Chuiko_26/IGI/LR5/Agency/venv/lib/python3.13/site-packages/django/urls/resolvers.py", line 831, in _reverse_with_prefix
    raise NoReverseMatch(msg)
django.urls.exceptions.NoReverseMatch: Reverse for 'deal_create' not found. 'deal_create' is not a valid view function or pattern name.
ERROR 2025-05-27 19:58:45,930 log Internal Server Error: /crud/deals/
Traceback (most recent call last):
  File "/Users/user/Desktop/igi/353505_Chuiko_26/IGI/LR5/Agency/venv/lib/python3.13/site-packages/django/core/handlers/exception.py", line 55, in inner
    response = get_response(request)
  File "/Users/user/Desktop/igi/353505_Chuiko_26/IGI/LR5/Agency/venv/lib/python3.13/site-packages/django/core/handlers/base.py", line 220, in _get_response
    response = response.render()
  File "/Users/user/Desktop/igi/353505_Chuiko_26/IGI/LR5/Agency/venv/lib/python3.13/site-packages/django/template/response.py", line 114, in render
    self.content = self.rendered_content
                   ^^^^^^^^^^^^^^^^^^^^^
  File "/Users/user/Desktop/igi/353505_Chuiko_26/IGI/LR5/Agency/venv/lib/python3.13/site-packages/django/template/response.py", line 92, in rendered_content
    return template.render(context, self._request)
           ~~~~~~~~~~~~~~~^^^^^^^^^^^^^^^^^^^^^^^^
  File "/Users/user/Desktop/igi/353505_Chuiko_26/IGI/LR5/Agency/venv/lib/python3.13/site-packages/django/template/backends/django.py", line 107, in render
    return self.template.render(context)
           ~~~~~~~~~~~~~~~~~~~~^^^^^^^^^
  File "/Users/user/Desktop/igi/353505_Chuiko_26/IGI/LR5/Agency/venv/lib/python3.13/site-packages/django/template/base.py", line 171, in render
    return self._render(context)
           ~~~~~~~~~~~~^^^^^^^^^
  File "/Users/user/Desktop/igi/353505_Chuiko_26/IGI/LR5/Agency/venv/lib/python3.13/site-packages/django/test/utils.py", line 114, in instrumented_test_render
    return self.nodelist.render(context)
           ~~~~~~~~~~~~~~~~~~~~^^^^^^^^^
  File "/Users/user/Desktop/igi/353505_Chuiko_26/IGI/LR5/Agency/venv/lib/python3.13/site-packages/django/template/base.py", line 1016, in render
    return SafeString("".join([node.render_annotated(context) for node in self]))
                               ~~~~~~~~~~~~~~~~~~~~~^^^^^^^^^
  File "/Users/user/Desktop/igi/353505_Chuiko_26/IGI/LR5/Agency/venv/lib/python3.13/site-packages/django/template/base.py", line 977, in render_annotated
    return self.render(context)
           ~~~~~~~~~~~^^^^^^^^^
  File "/Users/user/Desktop/igi/353505_Chuiko_26/IGI/LR5/Agency/venv/lib/python3.13/site-packages/django/template/loader_tags.py", line 159, in render
    return compiled_parent._render(context)
           ~~~~~~~~~~~~~~~~~~~~~~~^^^^^^^^^
  File "/Users/user/Desktop/igi/353505_Chuiko_26/IGI/LR5/Agency/venv/lib/python3.13/site-packages/django/test/utils.py", line 114, in instrumented_test_render
    return self.nodelist.render(context)
           ~~~~~~~~~~~~~~~~~~~~^^^^^^^^^
  File "/Users/user/Desktop/igi/353505_Chuiko_26/IGI/LR5/Agency/venv/lib/python3.13/site-packages/django/template/base.py", line 1016, in render
    return SafeString("".join([node.render_annotated(context) for node in self]))
                               ~~~~~~~~~~~~~~~~~~~~~^^^^^^^^^
  File "/Users/user/Desktop/igi/353505_Chuiko_26/IGI/LR5/Agency/venv/lib/python3.13/site-packages/django/template/base.py", line 977, in render_annotated
    return self.render(context)
           ~~~~~~~~~~~^^^^^^^^^
  File "/Users/user/Desktop/igi/353505_Chuiko_26/IGI/LR5/Agency/venv/lib/python3.13/site-packages/django/template/loader_tags.py", line 65, in render
    result = block.nodelist.render(context)
  File "/Users/user/Desktop/igi/353505_Chuiko_26/IGI/LR5/Agency/venv/lib/python3.13/site-packages/django/template/base.py", line 1016, in render
    return SafeString("".join([node.render_annotated(context) for node in self]))
                               ~~~~~~~~~~~~~~~~~~~~~^^^^^^^^^
  File "/Users/user/Desktop/igi/353505_Chuiko_26/IGI/LR5/Agency/venv/lib/python3.13/site-packages/django/template/base.py", line 977, in render_annotated
    return self.render(context)
           ~~~~~~~~~~~^^^^^^^^^
  File "/Users/user/Desktop/igi/353505_Chuiko_26/IGI/LR5/Agency/venv/lib/python3.13/site-packages/django/template/defaulttags.py", line 480, in render
    url = reverse(view_name, args=args, kwargs=kwargs, current_app=current_app)
  File "/Users/user/Desktop/igi/353505_Chuiko_26/IGI/LR5/Agency/venv/lib/python3.13/site-packages/django/urls/base.py", line 98, in reverse
    resolved_url = resolver._reverse_with_prefix(view, prefix, *args, **kwargs)
  File "/Users/user/Desktop/igi/353505_Chuiko_26/IGI/LR5/Agency/venv/lib/python3.13/site-packages/django/urls/resolvers.py", line 831, in _reverse_with_prefix
    raise NoReverseMatch(msg)
django.urls.exceptions.NoReverseMatch: Reverse for 'deal_create' not found. 'deal_create' is not a valid view function or pattern name.
INFO 2025-05-27 20:47:42,863 autoreload Watching for file changes with StatReloader
INFO 2025-05-27 20:48:11,683 basehttp "GET / HTTP/1.1" 200 2032
INFO 2025-05-27 20:48:21,710 basehttp "GET /admin/ HTTP/1.1" 302 0
INFO 2025-05-27 20:48:21,727 basehttp "GET /admin/login/?next=/admin/ HTTP/1.1" 200 4173
INFO 2025-05-27 20:48:21,742 basehttp "GET /static/admin/css/dark_mode.css HTTP/1.1" 304 0
INFO 2025-05-27 20:48:21,743 basehttp "GET /static/admin/css/base.css HTTP/1.1" 304 0
INFO 2025-05-27 20:48:21,743 basehttp "GET /static/admin/css/nav_sidebar.css HTTP/1.1" 304 0
INFO 2025-05-27 20:48:21,744 basehttp "GET /static/admin/js/theme.js HTTP/1.1" 304 0
INFO 2025-05-27 20:48:21,744 basehttp "GET /static/admin/css/login.css HTTP/1.1" 304 0
INFO 2025-05-27 20:48:21,745 basehttp "GET /static/admin/css/responsive.css HTTP/1.1" 304 0
INFO 2025-05-27 20:48:21,749 basehttp "GET /static/admin/js/nav_sidebar.js HTTP/1.1" 304 0
INFO 2025-05-27 20:48:28,509 basehttp "POST /admin/login/?next=/admin/ HTTP/1.1" 302 0
INFO 2025-05-27 20:48:28,520 basehttp "GET /admin/ HTTP/1.1" 200 14886
INFO 2025-05-27 20:48:28,548 basehttp "GET /static/admin/css/dashboard.css HTTP/1.1" 304 0
INFO 2025-05-27 20:48:28,551 basehttp "GET /static/admin/img/icon-changelink.svg HTTP/1.1" 304 0
INFO 2025-05-27 20:48:28,552 basehttp "GET /static/admin/img/icon-addlink.svg HTTP/1.1" 304 0
INFO 2025-05-27 20:48:51,248 basehttp "GET /admin/auth/user/add/ HTTP/1.1" 200 18361
INFO 2025-05-27 20:48:51,277 basehttp "GET /static/admin/js/core.js HTTP/1.1" 200 6208
INFO 2025-05-27 20:48:51,278 basehttp "GET /static/admin/js/admin/RelatedObjectLookups.js HTTP/1.1" 200 9777
INFO 2025-05-27 20:48:51,280 basehttp "GET /static/admin/js/jquery.init.js HTTP/1.1" 200 347
INFO 2025-05-27 20:48:51,282 basehttp "GET /static/admin/css/forms.css HTTP/1.1" 200 8525
INFO 2025-05-27 20:48:51,283 basehttp "GET /static/admin/js/actions.js HTTP/1.1" 200 8076
INFO 2025-05-27 20:48:51,284 basehttp "GET /static/admin/css/unusable_password_field.css HTTP/1.1" 200 663
INFO 2025-05-27 20:48:51,285 basehttp "GET /admin/jsi18n/ HTTP/1.1" 200 3342
INFO 2025-05-27 20:48:51,285 basehttp "GET /static/admin/js/urlify.js HTTP/1.1" 200 7887
INFO 2025-05-27 20:48:51,286 basehttp "GET /static/admin/css/widgets.css HTTP/1.1" 200 11991
INFO 2025-05-27 20:48:51,287 basehttp "GET /static/admin/js/prepopulate.js HTTP/1.1" 200 1531
INFO 2025-05-27 20:48:51,288 basehttp "GET /static/admin/js/prepopulate_init.js HTTP/1.1" 200 586
INFO 2025-05-27 20:48:51,290 basehttp "GET /static/admin/js/vendor/jquery/jquery.js HTTP/1.1" 200 285314
INFO 2025-05-27 20:48:51,291 basehttp "GET /static/admin/js/vendor/xregexp/xregexp.js HTTP/1.1" 200 325171
INFO 2025-05-27 20:48:51,296 basehttp "GET /static/admin/js/change_form.js HTTP/1.1" 200 606
INFO 2025-05-27 20:48:51,301 basehttp "GET /static/admin/js/unusable_password_field.js HTTP/1.1" 200 1480
INFO 2025-05-27 20:49:01,468 basehttp "GET /admin/auth/group/add/ HTTP/1.1" 200 21707
INFO 2025-05-27 20:49:01,477 basehttp "GET /static/admin/js/SelectBox.js HTTP/1.1" 200 4530
INFO 2025-05-27 20:49:01,478 basehttp "GET /static/admin/js/SelectFilter2.js HTTP/1.1" 200 15709
INFO 2025-05-27 20:49:01,478 basehttp "GET /admin/jsi18n/ HTTP/1.1" 200 3342
INFO 2025-05-27 20:49:01,505 basehttp "GET /static/admin/img/selector-icons.svg HTTP/1.1" 200 3291
INFO 2025-05-27 20:49:01,506 basehttp "GET /static/admin/img/search.svg HTTP/1.1" 200 458
INFO 2025-05-27 20:49:16,749 basehttp "GET / HTTP/1.1" 200 2047
INFO 2025-05-27 20:49:19,477 basehttp "GET /admin/auth/group/add/ HTTP/1.1" 200 21707
INFO 2025-05-27 20:49:24,451 basehttp "GET /admin/auth/ HTTP/1.1" 200 6117
INFO 2025-05-27 20:49:25,524 basehttp "GET /admin/ HTTP/1.1" 200 14886
INFO 2025-05-27 20:49:31,116 basehttp "GET /admin/estateAgency/client/add/ HTTP/1.1" 200 18201
INFO 2025-05-27 20:49:31,129 basehttp "GET /static/admin/img/icon-viewlink.svg HTTP/1.1" 200 581
INFO 2025-05-27 20:49:31,132 basehttp "GET /admin/jsi18n/ HTTP/1.1" 200 3342
INFO 2025-05-27 20:49:34,504 basehttp "GET /admin/estateAgency/profile/add/?_to_field=id&_popup=1 HTTP/1.1" 200 7993
INFO 2025-05-27 20:49:34,525 basehttp "GET /admin/jsi18n/ HTTP/1.1" 200 3342
INFO 2025-05-27 20:49:53,702 basehttp "POST /admin/estateAgency/profile/add/?_to_field=id&_popup=1 HTTP/1.1" 200 8245
INFO 2025-05-27 20:49:53,717 basehttp "GET /admin/jsi18n/ HTTP/1.1" 200 3342
INFO 2025-05-27 20:49:56,838 basehttp "GET /admin/auth/user/add/?_to_field=id&_popup=1 HTTP/1.1" 200 8107
INFO 2025-05-27 20:49:56,857 basehttp "GET /admin/jsi18n/ HTTP/1.1" 200 3342
INFO 2025-05-27 20:50:07,423 basehttp "GET /admin/auth/user/1/change/?_to_field=id HTTP/1.1" 200 31813
INFO 2025-05-27 20:50:07,443 basehttp "GET /static/admin/js/calendar.js HTTP/1.1" 200 9141
INFO 2025-05-27 20:50:07,443 basehttp "GET /static/admin/js/admin/DateTimeShortcuts.js HTTP/1.1" 200 19319
INFO 2025-05-27 20:50:07,444 basehttp "GET /admin/jsi18n/ HTTP/1.1" 200 3342
INFO 2025-05-27 20:50:07,485 basehttp "GET /static/admin/img/icon-calendar.svg HTTP/1.1" 200 1086
INFO 2025-05-27 20:50:07,486 basehttp "GET /static/admin/img/icon-clock.svg HTTP/1.1" 200 677
INFO 2025-05-27 20:50:10,328 basehttp "GET /admin/auth/user/1/change/?_to_field=id HTTP/1.1" 200 31813
INFO 2025-05-27 20:50:15,264 basehttp "GET /admin/estateAgency/client/add/ HTTP/1.1" 200 18201
INFO 2025-05-27 20:50:15,279 basehttp "GET /admin/jsi18n/ HTTP/1.1" 200 3342
INFO 2025-05-27 20:50:20,039 basehttp "GET /admin/estateAgency/property/add/?_to_field=id&_popup=1 HTTP/1.1" 200 12156
INFO 2025-05-27 20:50:20,057 basehttp "GET /static/admin/img/icon-deletelink.svg HTTP/1.1" 200 392
INFO 2025-05-27 20:50:20,059 basehttp "GET /admin/jsi18n/ HTTP/1.1" 200 3342
INFO 2025-05-27 20:50:26,394 basehttp "GET /admin/ HTTP/1.1" 200 14886
INFO 2025-05-27 20:50:28,927 basehttp "GET /admin/auth/user/add/ HTTP/1.1" 200 18361
INFO 2025-05-27 20:50:28,941 basehttp "GET /admin/jsi18n/ HTTP/1.1" 200 3342
INFO 2025-05-27 20:50:48,058 basehttp "POST /admin/auth/user/add/ HTTP/1.1" 200 18612
INFO 2025-05-27 20:50:48,072 basehttp "GET /admin/jsi18n/ HTTP/1.1" 200 3342
INFO 2025-05-27 20:51:03,758 basehttp "POST /admin/auth/user/add/ HTTP/1.1" 302 0
INFO 2025-05-27 20:51:03,786 basehttp "GET /admin/auth/user/2/change/ HTTP/1.1" 200 31686
INFO 2025-05-27 20:51:03,802 basehttp "GET /admin/jsi18n/ HTTP/1.1" 200 3342
INFO 2025-05-27 20:51:03,812 basehttp "GET /static/admin/img/icon-yes.svg HTTP/1.1" 200 436
INFO 2025-05-27 20:51:18,938 basehttp "GET /admin/ HTTP/1.1" 200 15259
INFO 2025-05-27 20:51:23,062 basehttp "GET /admin/estateAgency/client/add/ HTTP/1.1" 200 18201
INFO 2025-05-27 20:51:23,077 basehttp "GET /admin/jsi18n/ HTTP/1.1" 200 3342
INFO 2025-05-27 20:51:25,749 basehttp "GET /admin/estateAgency/profile/add/?_to_field=id&_popup=1 HTTP/1.1" 200 8032
INFO 2025-05-27 20:51:25,760 basehttp "GET /admin/jsi18n/ HTTP/1.1" 200 3342
INFO 2025-05-27 20:51:42,126 basehttp "POST /admin/estateAgency/profile/add/?_to_field=id&_popup=1 HTTP/1.1" 200 329
INFO 2025-05-27 20:51:42,137 basehttp "GET /static/admin/js/popup_response.js HTTP/1.1" 200 532
INFO 2025-05-27 20:51:56,568 basehttp "GET /admin/estateAgency/property/add/?_to_field=id&_popup=1 HTTP/1.1" 200 12156
INFO 2025-05-27 20:51:56,587 basehttp "GET /admin/jsi18n/ HTTP/1.1" 200 3342
INFO 2025-05-27 20:52:01,201 basehttp "GET /admin/estateAgency/property/add/?_to_field=id&_popup=1 HTTP/1.1" 200 12156
INFO 2025-05-27 20:52:01,211 basehttp "GET /admin/jsi18n/ HTTP/1.1" 200 3342
INFO 2025-05-27 20:52:15,765 basehttp "GET /admin/estateAgency/property/add/?_to_field=id&_popup=1 HTTP/1.1" 200 12156
INFO 2025-05-27 20:52:15,783 basehttp "GET /admin/jsi18n/ HTTP/1.1" 200 3342
INFO 2025-05-27 20:52:24,687 basehttp "GET /admin/estateAgency/propertytype/add/?_to_field=id&_popup=1 HTTP/1.1" 200 5054
INFO 2025-05-27 20:52:24,697 basehttp "GET /admin/jsi18n/ HTTP/1.1" 200 3342
INFO 2025-05-27 20:52:31,572 basehttp "POST /admin/estateAgency/propertytype/add/?_to_field=id&_popup=1 HTTP/1.1" 200 325
INFO 2025-05-27 20:52:33,061 basehttp "GET /admin/estateAgency/propertytype/add/?_to_field=id&_popup=1 HTTP/1.1" 200 5054
INFO 2025-05-27 20:52:33,071 basehttp "GET /admin/jsi18n/ HTTP/1.1" 200 3342
INFO 2025-05-27 20:53:04,136 basehttp "POST /admin/estateAgency/propertytype/add/?_to_field=id&_popup=1 HTTP/1.1" 200 324
INFO 2025-05-27 20:53:50,371 basehttp "POST /admin/estateAgency/property/add/?_to_field=id&_popup=1 HTTP/1.1" 200 12800
INFO 2025-05-27 20:53:50,387 basehttp "GET /admin/jsi18n/ HTTP/1.1" 200 3342
INFO 2025-05-27 20:53:55,098 basehttp "GET /admin/estateAgency/owner/?_to_field=id&_popup=1 HTTP/1.1" 200 3731
INFO 2025-05-27 20:53:55,114 basehttp "GET /static/admin/js/filters.js HTTP/1.1" 200 978
INFO 2025-05-27 20:53:55,115 basehttp "GET /static/admin/css/changelists.css HTTP/1.1" 200 6878
INFO 2025-05-27 20:53:55,122 basehttp "GET /static/admin/img/tooltag-add.svg HTTP/1.1" 200 331
INFO 2025-05-27 20:53:57,627 basehttp "GET /admin/estateAgency/owner/add/?_changelist_filters=_to_field%3Did%26_popup%3D1&_popup=1&_to_field=id HTTP/1.1" 200 6925
INFO 2025-05-27 20:53:57,643 basehttp "GET /admin/jsi18n/ HTTP/1.1" 200 3342
INFO 2025-05-27 20:54:03,845 basehttp "GET /admin/estateAgency/property/add/?_to_field=id&_popup=1 HTTP/1.1" 200 12227
INFO 2025-05-27 20:54:03,863 basehttp "GET /admin/jsi18n/ HTTP/1.1" 200 3342
INFO 2025-05-27 20:54:33,110 basehttp "POST /admin/estateAgency/property/add/?_to_field=id&_popup=1 HTTP/1.1" 200 12788
INFO 2025-05-27 20:54:33,123 basehttp "GET /admin/jsi18n/ HTTP/1.1" 200 3342
INFO 2025-05-27 20:54:37,346 basehttp "GET /admin/estateAgency/property/add/?_to_field=id&_popup=1 HTTP/1.1" 200 12227
INFO 2025-05-27 20:54:48,876 basehttp "POST /admin/estateAgency/owner/add/?_changelist_filters=_to_field%3Did%26_popup%3D1 HTTP/1.1" 200 7152
INFO 2025-05-27 20:54:48,891 basehttp "GET /admin/jsi18n/ HTTP/1.1" 200 3342
INFO 2025-05-27 20:54:50,930 basehttp "GET /admin/estateAgency/property/add/?_to_field=id&_popup=1 HTTP/1.1" 200 12227
INFO 2025-05-27 20:54:50,952 basehttp "GET /admin/jsi18n/ HTTP/1.1" 200 3342
INFO 2025-05-27 20:54:58,761 basehttp "GET /admin/estateAgency/property/add/?_to_field=id&_popup=1 HTTP/1.1" 200 12227
INFO 2025-05-27 20:55:04,538 basehttp "GET /admin/estateAgency/companyinfo/ HTTP/1.1" 200 13823
INFO 2025-05-27 20:55:04,552 basehttp "GET /admin/jsi18n/ HTTP/1.1" 200 3342
INFO 2025-05-27 20:55:05,977 basehttp "GET /admin/ HTTP/1.1" 200 16337
INFO 2025-05-27 20:55:08,395 basehttp "GET /admin/estateAgency/client/ HTTP/1.1" 200 13783
INFO 2025-05-27 20:55:08,411 basehttp "GET /admin/jsi18n/ HTTP/1.1" 200 3342
INFO 2025-05-27 20:55:10,178 basehttp "GET /admin/estateAgency/companyinfo/ HTTP/1.1" 200 13823
INFO 2025-05-27 20:55:10,194 basehttp "GET /admin/jsi18n/ HTTP/1.1" 200 3342
INFO 2025-05-27 20:55:12,935 basehttp "GET /admin/auth/user/ HTTP/1.1" 200 18123
INFO 2025-05-27 20:55:12,950 basehttp "GET /static/admin/img/icon-no.svg HTTP/1.1" 200 560
INFO 2025-05-27 20:55:12,952 basehttp "GET /admin/jsi18n/ HTTP/1.1" 200 3342
INFO 2025-05-27 20:55:12,960 basehttp "GET /static/admin/img/sorting-icons.svg HTTP/1.1" 200 1097
INFO 2025-05-27 20:55:18,644 basehttp "GET /admin/auth/user/2/change/ HTTP/1.1" 200 31463
INFO 2025-05-27 20:55:18,658 basehttp "GET /admin/jsi18n/ HTTP/1.1" 200 3342
INFO 2025-05-27 20:55:22,144 basehttp "GET /admin/auth/group/ HTTP/1.1" 200 14097
INFO 2025-05-27 20:55:22,160 basehttp "GET /admin/jsi18n/ HTTP/1.1" 200 3342
INFO 2025-05-27 20:55:24,534 basehttp "GET /admin/estateAgency/client/ HTTP/1.1" 200 13783
INFO 2025-05-27 20:55:24,547 basehttp "GET /admin/jsi18n/ HTTP/1.1" 200 3342
INFO 2025-05-27 20:55:26,978 basehttp "GET /admin/estateAgency/client/add/ HTTP/1.1" 200 18241
INFO 2025-05-27 20:55:26,993 basehttp "GET /admin/jsi18n/ HTTP/1.1" 200 3342
INFO 2025-05-27 20:55:34,182 basehttp "GET /admin/estateAgency/profile/add/?_to_field=id&_popup=1 HTTP/1.1" 200 8032
INFO 2025-05-27 20:55:34,193 basehttp "GET /admin/jsi18n/ HTTP/1.1" 200 3342
INFO 2025-05-27 20:55:54,073 basehttp "POST /admin/estateAgency/profile/add/?_to_field=id&_popup=1 HTTP/1.1" 200 8302
INFO 2025-05-27 20:55:54,085 basehttp "GET /admin/jsi18n/ HTTP/1.1" 200 3342
INFO 2025-05-27 20:56:01,590 basehttp "GET /admin/auth/user/add/?_to_field=id&_popup=1 HTTP/1.1" 200 8107
INFO 2025-05-27 20:56:01,613 basehttp "GET /admin/jsi18n/ HTTP/1.1" 200 3342
INFO 2025-05-27 20:56:09,421 basehttp "POST /admin/auth/user/add/?_to_field=id&_popup=1 HTTP/1.1" 200 329
INFO 2025-05-27 20:56:11,891 basehttp "POST /admin/estateAgency/profile/add/?_to_field=id&_popup=1 HTTP/1.1" 200 328
INFO 2025-05-27 20:56:29,222 basehttp "POST /admin/estateAgency/client/add/ HTTP/1.1" 302 0
INFO 2025-05-27 20:56:29,233 basehttp "GET /admin/estateAgency/client/ HTTP/1.1" 200 15251
INFO 2025-05-27 20:56:29,244 basehttp "GET /admin/jsi18n/ HTTP/1.1" 200 3342
INFO 2025-05-27 20:56:32,085 basehttp "GET /admin/estateAgency/client/1/change/ HTTP/1.1" 200 18489
INFO 2025-05-27 20:56:32,099 basehttp "GET /admin/jsi18n/ HTTP/1.1" 200 3342
INFO 2025-05-27 20:56:36,177 basehttp "GET /admin/estateAgency/client/ HTTP/1.1" 200 15053
INFO 2025-05-27 20:56:41,725 basehttp "GET /admin/estateAgency/client/1/change/ HTTP/1.1" 200 18489
INFO 2025-05-27 20:56:41,740 basehttp "GET /admin/jsi18n/ HTTP/1.1" 200 3342
INFO 2025-05-27 20:56:43,458 basehttp "GET /admin/estateAgency/property/add/?_to_field=id&_popup=1 HTTP/1.1" 200 12227
INFO 2025-05-27 20:56:43,479 basehttp "GET /admin/jsi18n/ HTTP/1.1" 200 3342
INFO 2025-05-27 20:56:48,757 basehttp "GET /admin/auth/user/ HTTP/1.1" 200 18571
INFO 2025-05-27 20:56:48,772 basehttp "GET /admin/jsi18n/ HTTP/1.1" 200 3342
INFO 2025-05-27 20:56:53,227 basehttp "GET /admin/estateAgency/client/ HTTP/1.1" 200 15053
INFO 2025-05-27 20:56:53,243 basehttp "GET /admin/jsi18n/ HTTP/1.1" 200 3342
INFO 2025-05-27 20:56:57,398 basehttp "GET /admin/estateAgency/client/1/change/ HTTP/1.1" 200 18489
INFO 2025-05-27 20:56:57,413 basehttp "GET /admin/jsi18n/ HTTP/1.1" 200 3342
INFO 2025-05-27 20:57:04,238 basehttp "GET /admin/estateAgency/client/ HTTP/1.1" 200 15053
INFO 2025-05-27 20:57:05,426 basehttp "GET /admin/estateAgency/client/add/ HTTP/1.1" 200 18280
INFO 2025-05-27 20:57:05,445 basehttp "GET /admin/jsi18n/ HTTP/1.1" 200 3342
INFO 2025-05-27 20:57:08,743 basehttp "GET /admin/estateAgency/profile/add/?_to_field=id&_popup=1 HTTP/1.1" 200 8072
INFO 2025-05-27 20:57:08,753 basehttp "GET /admin/jsi18n/ HTTP/1.1" 200 3342
INFO 2025-05-27 20:57:18,419 basehttp "POST /admin/estateAgency/profile/add/?_to_field=id&_popup=1 HTTP/1.1" 200 328
INFO 2025-05-27 20:57:20,372 basehttp "POST /admin/estateAgency/client/add/ HTTP/1.1" 302 0
INFO 2025-05-27 20:57:20,385 basehttp "GET /admin/estateAgency/client/ HTTP/1.1" 200 15508
INFO 2025-05-27 20:57:20,396 basehttp "GET /admin/jsi18n/ HTTP/1.1" 200 3342
INFO 2025-05-27 20:57:28,347 basehttp "POST /admin/estateAgency/client/ HTTP/1.1" 302 0
INFO 2025-05-27 20:57:28,365 basehttp "GET /admin/estateAgency/client/ HTTP/1.1" 200 15503
INFO 2025-05-27 20:57:28,377 basehttp "GET /admin/jsi18n/ HTTP/1.1" 200 3342
INFO 2025-05-27 20:57:28,384 basehttp "GET /static/admin/img/icon-alert.svg HTTP/1.1" 200 504
INFO 2025-05-27 20:57:38,619 basehttp "GET /admin/estateAgency/client/2/change/ HTTP/1.1" 200 18506
INFO 2025-05-27 20:57:38,628 basehttp "GET /admin/jsi18n/ HTTP/1.1" 200 3342
INFO 2025-05-27 21:01:50,593 autoreload /Users/user/Desktop/igi/353505_Chuiko_26/IGI/LR5/Agency/estateAgency/admin.py changed, reloading.
INFO 2025-05-27 21:01:50,995 autoreload Watching for file changes with StatReloader
INFO 2025-05-27 21:01:56,571 autoreload /Users/user/Desktop/igi/353505_Chuiko_26/IGI/LR5/Agency/estateAgency/admin.py changed, reloading.
INFO 2025-05-27 21:01:56,787 autoreload Watching for file changes with StatReloader
INFO 2025-05-27 21:12:54,324 autoreload /Users/user/Desktop/igi/353505_Chuiko_26/IGI/LR5/Agency/estateAgency/admin.py changed, reloading.
INFO 2025-05-27 21:12:54,626 autoreload Watching for file changes with StatReloader
INFO 2025-05-27 21:12:59,735 basehttp "GET /admin/estateAgency/client/ HTTP/1.1" 200 16143
INFO 2025-05-27 21:13:02,444 basehttp "GET /admin/ HTTP/1.1" 200 18074
INFO 2025-05-27 21:13:04,125 basehttp "GET /admin/ HTTP/1.1" 200 18074
INFO 2025-05-27 21:13:17,527 basehttp "GET /admin/estateAgency/owner/add/ HTTP/1.1" 200 17109
INFO 2025-05-27 21:13:17,546 basehttp "GET /admin/jsi18n/ HTTP/1.1" 200 3342
INFO 2025-05-27 21:13:30,149 basehttp "GET /admin/estateAgency/property/add/?_to_field=id&_popup=1 HTTP/1.1" 200 12837
INFO 2025-05-27 21:13:30,169 basehttp "GET /admin/jsi18n/ HTTP/1.1" 200 3342
INFO 2025-05-27 21:13:35,250 basehttp "POST /admin/estateAgency/property/add/?_to_field=id&_popup=1 HTTP/1.1" 200 14325
INFO 2025-05-27 21:13:35,261 basehttp "GET /admin/jsi18n/ HTTP/1.1" 200 3342
INFO 2025-05-27 21:13:38,624 basehttp "GET /admin/estateAgency/owner/?_to_field=id&_popup=1 HTTP/1.1" 200 4162
INFO 2025-05-27 21:13:45,985 basehttp "GET /admin/estateAgency/property/add/?_to_field=id&_popup=1 HTTP/1.1" 200 12837
INFO 2025-05-27 21:16:14,081 basehttp "GET /admin/ HTTP/1.1" 200 18074
INFO 2025-05-27 21:16:21,326 basehttp "GET /admin/estateAgency/client/ HTTP/1.1" 200 16143
INFO 2025-05-27 21:16:21,347 basehttp "GET /admin/jsi18n/ HTTP/1.1" 200 3342
INFO 2025-05-27 21:16:26,074 basehttp "GET /admin/estateAgency/client/2/change/ HTTP/1.1" 200 18506
INFO 2025-05-27 21:16:26,092 basehttp "GET /admin/jsi18n/ HTTP/1.1" 200 3342
INFO 2025-05-27 21:16:27,803 basehttp "GET /admin/estateAgency/client/ HTTP/1.1" 200 16143
INFO 2025-05-27 21:17:57,985 autoreload /Users/user/Desktop/igi/353505_Chuiko_26/IGI/LR5/Agency/estateAgency/admin.py changed, reloading.
INFO 2025-05-27 21:17:58,343 autoreload Watching for file changes with StatReloader
INFO 2025-05-27 21:18:03,478 basehttp "GET /admin/estateAgency/client/ HTTP/1.1" 200 17728
INFO 2025-05-27 21:18:03,495 basehttp "GET /admin/jsi18n/ HTTP/1.1" 200 3342
INFO 2025-05-27 21:18:07,131 basehttp "GET /admin/estateAgency/client/ HTTP/1.1" 200 17728
INFO 2025-05-27 21:18:07,147 basehttp "GET /admin/jsi18n/ HTTP/1.1" 200 3342
INFO 2025-05-27 21:18:08,101 basehttp "GET /admin/ HTTP/1.1" 200 18074
INFO 2025-05-27 21:18:10,545 basehttp "GET /admin/estateAgency/client/ HTTP/1.1" 200 17728
INFO 2025-05-27 21:18:10,561 basehttp "GET /admin/jsi18n/ HTTP/1.1" 200 3342
INFO 2025-05-27 21:18:21,674 basehttp "GET /admin/estateAgency/client/2/change/ HTTP/1.1" 200 18506
INFO 2025-05-27 21:18:21,686 basehttp "GET /admin/jsi18n/ HTTP/1.1" 200 3342
INFO 2025-05-27 21:18:27,242 basehttp "GET /admin/estateAgency/client/ HTTP/1.1" 200 17728
INFO 2025-05-27 21:18:27,259 basehttp "GET /admin/jsi18n/ HTTP/1.1" 200 3342
INFO 2025-05-27 21:21:28,795 autoreload /Users/user/Desktop/igi/353505_Chuiko_26/IGI/LR5/Agency/estateAgency/admin.py changed, reloading.
INFO 2025-05-27 21:21:29,165 autoreload Watching for file changes with StatReloader
INFO 2025-05-27 21:21:42,503 autoreload /Users/user/Desktop/igi/353505_Chuiko_26/IGI/LR5/Agency/estateAgency/admin.py changed, reloading.
INFO 2025-05-27 21:21:42,761 autoreload Watching for file changes with StatReloader
INFO 2025-05-27 21:21:43,970 autoreload /Users/user/Desktop/igi/353505_Chuiko_26/IGI/LR5/Agency/estateAgency/admin.py changed, reloading.
INFO 2025-05-27 21:21:44,156 autoreload Watching for file changes with StatReloader
INFO 2025-05-27 21:21:45,351 autoreload /Users/user/Desktop/igi/353505_Chuiko_26/IGI/LR5/Agency/estateAgency/admin.py changed, reloading.
INFO 2025-05-27 21:21:45,515 autoreload Watching for file changes with StatReloader
INFO 2025-05-27 21:22:59,527 autoreload /Users/user/Desktop/igi/353505_Chuiko_26/IGI/LR5/Agency/estateAgency/admin.py changed, reloading.
INFO 2025-05-27 21:22:59,829 autoreload Watching for file changes with StatReloader
INFO 2025-05-27 21:23:17,211 autoreload /Users/user/Desktop/igi/353505_Chuiko_26/IGI/LR5/Agency/estateAgency/forms.py changed, reloading.
INFO 2025-05-27 21:23:17,484 autoreload Watching for file changes with StatReloader
INFO 2025-05-27 21:23:24,769 autoreload /Users/user/Desktop/igi/353505_Chuiko_26/IGI/LR5/Agency/estateAgency/forms.py changed, reloading.
INFO 2025-05-27 21:23:25,038 autoreload Watching for file changes with StatReloader
INFO 2025-05-27 21:23:42,411 autoreload /Users/user/Desktop/igi/353505_Chuiko_26/IGI/LR5/Agency/estateAgency/admin.py changed, reloading.
INFO 2025-05-27 21:23:42,680 autoreload Watching for file changes with StatReloader
INFO 2025-05-27 21:23:44,887 autoreload /Users/user/Desktop/igi/353505_Chuiko_26/IGI/LR5/Agency/estateAgency/admin.py changed, reloading.
INFO 2025-05-27 21:23:45,073 autoreload Watching for file changes with StatReloader
INFO 2025-05-27 21:24:47,308 autoreload Watching for file changes with StatReloader
INFO 2025-05-27 21:32:00,799 autoreload Watching for file changes with StatReloader
INFO 2025-05-27 21:32:06,133 basehttp "GET /admin/ HTTP/1.1" 200 18074
INFO 2025-05-27 21:32:06,148 basehttp "GET /static/admin/css/base.css HTTP/1.1" 304 0
INFO 2025-05-27 21:32:06,149 basehttp "GET /static/admin/css/dark_mode.css HTTP/1.1" 304 0
INFO 2025-05-27 21:32:06,150 basehttp "GET /static/admin/css/nav_sidebar.css HTTP/1.1" 304 0
INFO 2025-05-27 21:32:06,152 basehttp "GET /static/admin/js/theme.js HTTP/1.1" 304 0
INFO 2025-05-27 21:32:06,153 basehttp "GET /static/admin/css/responsive.css HTTP/1.1" 304 0
INFO 2025-05-27 21:32:06,154 basehttp "GET /static/admin/js/nav_sidebar.js HTTP/1.1" 304 0
INFO 2025-05-27 21:32:08,402 basehttp "GET /admin/estateAgency/client/add/ HTTP/1.1" 200 17988
INFO 2025-05-27 21:32:08,417 basehttp "GET /admin/jsi18n/ HTTP/1.1" 200 3342
ERROR 2025-05-27 21:33:40,426 log Internal Server Error: /admin/estateAgency/client/add/
Traceback (most recent call last):
  File "/Users/user/Desktop/igi/353505_Chuiko_26/IGI/LR5/Agency/venv/lib/python3.13/site-packages/django/db/backends/utils.py", line 105, in _execute
    return self.cursor.execute(sql, params)
           ~~~~~~~~~~~~~~~~~~~^^^^^^^^^^^^^
  File "/Users/user/Desktop/igi/353505_Chuiko_26/IGI/LR5/Agency/venv/lib/python3.13/site-packages/django/db/backends/sqlite3/base.py", line 360, in execute
    return super().execute(query, params)
           ~~~~~~~~~~~~~~~^^^^^^^^^^^^^^^
sqlite3.IntegrityError: NOT NULL constraint failed: estateAgency_client.profile_id

The above exception was the direct cause of the following exception:

Traceback (most recent call last):
  File "/Users/user/Desktop/igi/353505_Chuiko_26/IGI/LR5/Agency/venv/lib/python3.13/site-packages/django/core/handlers/exception.py", line 55, in inner
    response = get_response(request)
  File "/Users/user/Desktop/igi/353505_Chuiko_26/IGI/LR5/Agency/venv/lib/python3.13/site-packages/django/core/handlers/base.py", line 197, in _get_response
    response = wrapped_callback(request, *callback_args, **callback_kwargs)
  File "/Users/user/Desktop/igi/353505_Chuiko_26/IGI/LR5/Agency/venv/lib/python3.13/site-packages/django/contrib/admin/options.py", line 719, in wrapper
    return self.admin_site.admin_view(view)(*args, **kwargs)
           ~~~~~~~~~~~~~~~~~~~~~~~~~~~~~~~~^^^^^^^^^^^^^^^^^
  File "/Users/user/Desktop/igi/353505_Chuiko_26/IGI/LR5/Agency/venv/lib/python3.13/site-packages/django/utils/decorators.py", line 192, in _view_wrapper
    result = _process_exception(request, e)
  File "/Users/user/Desktop/igi/353505_Chuiko_26/IGI/LR5/Agency/venv/lib/python3.13/site-packages/django/utils/decorators.py", line 190, in _view_wrapper
    response = view_func(request, *args, **kwargs)
  File "/Users/user/Desktop/igi/353505_Chuiko_26/IGI/LR5/Agency/venv/lib/python3.13/site-packages/django/views/decorators/cache.py", line 80, in _view_wrapper
    response = view_func(request, *args, **kwargs)
  File "/Users/user/Desktop/igi/353505_Chuiko_26/IGI/LR5/Agency/venv/lib/python3.13/site-packages/django/contrib/admin/sites.py", line 246, in inner
    return view(request, *args, **kwargs)
  File "/Users/user/Desktop/igi/353505_Chuiko_26/IGI/LR5/Agency/venv/lib/python3.13/site-packages/django/contrib/admin/options.py", line 1984, in add_view
    return self.changeform_view(request, None, form_url, extra_context)
           ~~~~~~~~~~~~~~~~~~~~^^^^^^^^^^^^^^^^^^^^^^^^^^^^^^^^^^^^^^^^
  File "/Users/user/Desktop/igi/353505_Chuiko_26/IGI/LR5/Agency/venv/lib/python3.13/site-packages/django/utils/decorators.py", line 48, in _wrapper
    return bound_method(*args, **kwargs)
  File "/Users/user/Desktop/igi/353505_Chuiko_26/IGI/LR5/Agency/venv/lib/python3.13/site-packages/django/utils/decorators.py", line 192, in _view_wrapper
    result = _process_exception(request, e)
  File "/Users/user/Desktop/igi/353505_Chuiko_26/IGI/LR5/Agency/venv/lib/python3.13/site-packages/django/utils/decorators.py", line 190, in _view_wrapper
    response = view_func(request, *args, **kwargs)
  File "/Users/user/Desktop/igi/353505_Chuiko_26/IGI/LR5/Agency/venv/lib/python3.13/site-packages/django/contrib/admin/options.py", line 1843, in changeform_view
    return self._changeform_view(request, object_id, form_url, extra_context)
           ~~~~~~~~~~~~~~~~~~~~~^^^^^^^^^^^^^^^^^^^^^^^^^^^^^^^^^^^^^^^^^^^^^
  File "/Users/user/Desktop/igi/353505_Chuiko_26/IGI/LR5/Agency/venv/lib/python3.13/site-packages/django/contrib/admin/options.py", line 1894, in _changeform_view
    self.save_model(request, new_object, form, not add)
    ~~~~~~~~~~~~~~~^^^^^^^^^^^^^^^^^^^^^^^^^^^^^^^^^^^^
  File "/Users/user/Desktop/igi/353505_Chuiko_26/IGI/LR5/Agency/venv/lib/python3.13/site-packages/django/contrib/admin/options.py", line 1314, in save_model
    obj.save()
    ~~~~~~~~^^
  File "/Users/user/Desktop/igi/353505_Chuiko_26/IGI/LR5/Agency/venv/lib/python3.13/site-packages/django/db/models/base.py", line 902, in save
    self.save_base(
    ~~~~~~~~~~~~~~^
        using=using,
        ^^^^^^^^^^^^
    ...<2 lines>...
        update_fields=update_fields,
        ^^^^^^^^^^^^^^^^^^^^^^^^^^^^
    )
    ^
  File "/Users/user/Desktop/igi/353505_Chuiko_26/IGI/LR5/Agency/venv/lib/python3.13/site-packages/django/db/models/base.py", line 1008, in save_base
    updated = self._save_table(
        raw,
    ...<4 lines>...
        update_fields,
    )
  File "/Users/user/Desktop/igi/353505_Chuiko_26/IGI/LR5/Agency/venv/lib/python3.13/site-packages/django/db/models/base.py", line 1169, in _save_table
    results = self._do_insert(
        cls._base_manager, using, fields, returning_fields, raw
    )
  File "/Users/user/Desktop/igi/353505_Chuiko_26/IGI/LR5/Agency/venv/lib/python3.13/site-packages/django/db/models/base.py", line 1210, in _do_insert
    return manager._insert(
           ~~~~~~~~~~~~~~~^
        [self],
        ^^^^^^^
    ...<3 lines>...
        raw=raw,
        ^^^^^^^^
    )
    ^
  File "/Users/user/Desktop/igi/353505_Chuiko_26/IGI/LR5/Agency/venv/lib/python3.13/site-packages/django/db/models/manager.py", line 87, in manager_method
    return getattr(self.get_queryset(), name)(*args, **kwargs)
           ~~~~~~~~~~~~~~~~~~~~~~~~~~~~~~~~~~^^^^^^^^^^^^^^^^^
  File "/Users/user/Desktop/igi/353505_Chuiko_26/IGI/LR5/Agency/venv/lib/python3.13/site-packages/django/db/models/query.py", line 1864, in _insert
    return query.get_compiler(using=using).execute_sql(returning_fields)
           ~~~~~~~~~~~~~~~~~~~~~~~~~~~~~~~~~~~~~~~~~~~^^^^^^^^^^^^^^^^^^
  File "/Users/user/Desktop/igi/353505_Chuiko_26/IGI/LR5/Agency/venv/lib/python3.13/site-packages/django/db/models/sql/compiler.py", line 1882, in execute_sql
    cursor.execute(sql, params)
    ~~~~~~~~~~~~~~^^^^^^^^^^^^^
  File "/Users/user/Desktop/igi/353505_Chuiko_26/IGI/LR5/Agency/venv/lib/python3.13/site-packages/django/db/backends/utils.py", line 122, in execute
    return super().execute(sql, params)
           ~~~~~~~~~~~~~~~^^^^^^^^^^^^^
  File "/Users/user/Desktop/igi/353505_Chuiko_26/IGI/LR5/Agency/venv/lib/python3.13/site-packages/django/db/backends/utils.py", line 79, in execute
    return self._execute_with_wrappers(
           ~~~~~~~~~~~~~~~~~~~~~~~~~~~^
        sql, params, many=False, executor=self._execute
        ^^^^^^^^^^^^^^^^^^^^^^^^^^^^^^^^^^^^^^^^^^^^^^^
    )
    ^
  File "/Users/user/Desktop/igi/353505_Chuiko_26/IGI/LR5/Agency/venv/lib/python3.13/site-packages/django/db/backends/utils.py", line 92, in _execute_with_wrappers
    return executor(sql, params, many, context)
  File "/Users/user/Desktop/igi/353505_Chuiko_26/IGI/LR5/Agency/venv/lib/python3.13/site-packages/django/db/backends/utils.py", line 100, in _execute
    with self.db.wrap_database_errors:
         ^^^^^^^^^^^^^^^^^^^^^^^^^^^^
  File "/Users/user/Desktop/igi/353505_Chuiko_26/IGI/LR5/Agency/venv/lib/python3.13/site-packages/django/db/utils.py", line 91, in __exit__
    raise dj_exc_value.with_traceback(traceback) from exc_value
  File "/Users/user/Desktop/igi/353505_Chuiko_26/IGI/LR5/Agency/venv/lib/python3.13/site-packages/django/db/backends/utils.py", line 105, in _execute
    return self.cursor.execute(sql, params)
           ~~~~~~~~~~~~~~~~~~~^^^^^^^^^^^^^
  File "/Users/user/Desktop/igi/353505_Chuiko_26/IGI/LR5/Agency/venv/lib/python3.13/site-packages/django/db/backends/sqlite3/base.py", line 360, in execute
    return super().execute(query, params)
           ~~~~~~~~~~~~~~~^^^^^^^^^^^^^^^
django.db.utils.IntegrityError: NOT NULL constraint failed: estateAgency_client.profile_id
ERROR 2025-05-27 21:33:40,430 basehttp "POST /admin/estateAgency/client/add/ HTTP/1.1" 500 204960
INFO 2025-05-27 21:35:59,771 autoreload /Users/user/Desktop/igi/353505_Chuiko_26/IGI/LR5/Agency/estateAgency/forms.py changed, reloading.
INFO 2025-05-27 21:36:00,142 autoreload Watching for file changes with StatReloader
INFO 2025-05-27 21:36:06,696 autoreload /Users/user/Desktop/igi/353505_Chuiko_26/IGI/LR5/Agency/estateAgency/forms.py changed, reloading.
INFO 2025-05-27 21:36:07,004 autoreload Watching for file changes with StatReloader
INFO 2025-05-27 21:36:08,345 autoreload /Users/user/Desktop/igi/353505_Chuiko_26/IGI/LR5/Agency/estateAgency/forms.py changed, reloading.
INFO 2025-05-27 21:36:08,624 autoreload Watching for file changes with StatReloader
INFO 2025-05-27 21:36:09,960 autoreload /Users/user/Desktop/igi/353505_Chuiko_26/IGI/LR5/Agency/estateAgency/forms.py changed, reloading.
INFO 2025-05-27 21:36:10,165 autoreload Watching for file changes with StatReloader
INFO 2025-05-27 21:36:33,874 autoreload /Users/user/Desktop/igi/353505_Chuiko_26/IGI/LR5/Agency/estateAgency/admin.py changed, reloading.
INFO 2025-05-27 21:36:34,163 autoreload Watching for file changes with StatReloader
INFO 2025-05-27 21:36:40,461 autoreload /Users/user/Desktop/igi/353505_Chuiko_26/IGI/LR5/Agency/estateAgency/admin.py changed, reloading.
INFO 2025-05-27 21:36:40,744 autoreload Watching for file changes with StatReloader
INFO 2025-05-27 21:36:46,807 basehttp "GET /admin/estateAgency/client/add/ HTTP/1.1" 200 19459
INFO 2025-05-27 21:36:48,000 basehttp "GET /admin/estateAgency/client/add/ HTTP/1.1" 200 19459
INFO 2025-05-27 21:36:48,013 basehttp "GET /admin/jsi18n/ HTTP/1.1" 200 3342
INFO 2025-05-27 21:36:50,855 basehttp "GET /admin/estateAgency/client/ HTTP/1.1" 200 17728
INFO 2025-05-27 21:36:50,872 basehttp "GET /admin/jsi18n/ HTTP/1.1" 200 3342
INFO 2025-05-27 21:36:54,644 basehttp "GET /admin/estateAgency/client/2/change/ HTTP/1.1" 200 19646
INFO 2025-05-27 21:36:54,660 basehttp "GET /admin/jsi18n/ HTTP/1.1" 200 3342
INFO 2025-05-27 21:37:32,194 basehttp "POST /admin/estateAgency/client/2/change/ HTTP/1.1" 200 20034
INFO 2025-05-27 21:37:32,206 basehttp "GET /admin/jsi18n/ HTTP/1.1" 200 3342
INFO 2025-05-27 21:37:43,419 basehttp "POST /admin/estateAgency/client/2/change/ HTTP/1.1" 200 19975
INFO 2025-05-27 21:37:43,432 basehttp "GET /admin/jsi18n/ HTTP/1.1" 200 3342
INFO 2025-05-27 21:37:50,657 basehttp "POST /admin/estateAgency/client/2/change/ HTTP/1.1" 302 0
INFO 2025-05-27 21:37:50,667 basehttp "GET /admin/estateAgency/client/ HTTP/1.1" 200 17943
INFO 2025-05-27 21:37:50,681 basehttp "GET /admin/jsi18n/ HTTP/1.1" 200 3342
INFO 2025-05-27 21:37:57,123 basehttp "GET /admin/estateAgency/client/1/change/ HTTP/1.1" 200 19668
INFO 2025-05-27 21:37:57,140 basehttp "GET /admin/jsi18n/ HTTP/1.1" 200 3342
INFO 2025-05-27 21:38:26,266 basehttp "POST /admin/estateAgency/client/1/change/ HTTP/1.1" 302 0
INFO 2025-05-27 21:38:26,278 basehttp "GET /admin/estateAgency/client/ HTTP/1.1" 200 17970
INFO 2025-05-27 21:38:26,290 basehttp "GET /admin/jsi18n/ HTTP/1.1" 200 3342
INFO 2025-05-27 21:38:28,311 basehttp "GET /admin/estateAgency/client/2/change/ HTTP/1.1" 200 19703
INFO 2025-05-27 21:38:28,320 basehttp "GET /admin/jsi18n/ HTTP/1.1" 200 3342
INFO 2025-05-27 21:38:57,072 basehttp "POST /admin/estateAgency/client/2/change/ HTTP/1.1" 200 20154
INFO 2025-05-27 21:38:57,088 basehttp "GET /admin/jsi18n/ HTTP/1.1" 200 3342
ERROR 2025-05-27 21:39:08,612 log Internal Server Error: /admin/estateAgency/client/2/change/
Traceback (most recent call last):
  File "/Users/user/Desktop/igi/353505_Chuiko_26/IGI/LR5/Agency/venv/lib/python3.13/site-packages/django/db/backends/utils.py", line 105, in _execute
    return self.cursor.execute(sql, params)
           ~~~~~~~~~~~~~~~~~~~^^^^^^^^^^^^^
  File "/Users/user/Desktop/igi/353505_Chuiko_26/IGI/LR5/Agency/venv/lib/python3.13/site-packages/django/db/backends/sqlite3/base.py", line 360, in execute
    return super().execute(query, params)
           ~~~~~~~~~~~~~~~^^^^^^^^^^^^^^^
sqlite3.IntegrityError: UNIQUE constraint failed: auth_user.username

The above exception was the direct cause of the following exception:

Traceback (most recent call last):
  File "/Users/user/Desktop/igi/353505_Chuiko_26/IGI/LR5/Agency/venv/lib/python3.13/site-packages/django/core/handlers/exception.py", line 55, in inner
    response = get_response(request)
  File "/Users/user/Desktop/igi/353505_Chuiko_26/IGI/LR5/Agency/venv/lib/python3.13/site-packages/django/core/handlers/base.py", line 197, in _get_response
    response = wrapped_callback(request, *callback_args, **callback_kwargs)
  File "/Users/user/Desktop/igi/353505_Chuiko_26/IGI/LR5/Agency/venv/lib/python3.13/site-packages/django/contrib/admin/options.py", line 719, in wrapper
    return self.admin_site.admin_view(view)(*args, **kwargs)
           ~~~~~~~~~~~~~~~~~~~~~~~~~~~~~~~~^^^^^^^^^^^^^^^^^
  File "/Users/user/Desktop/igi/353505_Chuiko_26/IGI/LR5/Agency/venv/lib/python3.13/site-packages/django/utils/decorators.py", line 192, in _view_wrapper
    result = _process_exception(request, e)
  File "/Users/user/Desktop/igi/353505_Chuiko_26/IGI/LR5/Agency/venv/lib/python3.13/site-packages/django/utils/decorators.py", line 190, in _view_wrapper
    response = view_func(request, *args, **kwargs)
  File "/Users/user/Desktop/igi/353505_Chuiko_26/IGI/LR5/Agency/venv/lib/python3.13/site-packages/django/views/decorators/cache.py", line 80, in _view_wrapper
    response = view_func(request, *args, **kwargs)
  File "/Users/user/Desktop/igi/353505_Chuiko_26/IGI/LR5/Agency/venv/lib/python3.13/site-packages/django/contrib/admin/sites.py", line 246, in inner
    return view(request, *args, **kwargs)
  File "/Users/user/Desktop/igi/353505_Chuiko_26/IGI/LR5/Agency/venv/lib/python3.13/site-packages/django/contrib/admin/options.py", line 1987, in change_view
    return self.changeform_view(request, object_id, form_url, extra_context)
           ~~~~~~~~~~~~~~~~~~~~^^^^^^^^^^^^^^^^^^^^^^^^^^^^^^^^^^^^^^^^^^^^^
  File "/Users/user/Desktop/igi/353505_Chuiko_26/IGI/LR5/Agency/venv/lib/python3.13/site-packages/django/utils/decorators.py", line 48, in _wrapper
    return bound_method(*args, **kwargs)
  File "/Users/user/Desktop/igi/353505_Chuiko_26/IGI/LR5/Agency/venv/lib/python3.13/site-packages/django/utils/decorators.py", line 192, in _view_wrapper
    result = _process_exception(request, e)
  File "/Users/user/Desktop/igi/353505_Chuiko_26/IGI/LR5/Agency/venv/lib/python3.13/site-packages/django/utils/decorators.py", line 190, in _view_wrapper
    response = view_func(request, *args, **kwargs)
  File "/Users/user/Desktop/igi/353505_Chuiko_26/IGI/LR5/Agency/venv/lib/python3.13/site-packages/django/contrib/admin/options.py", line 1843, in changeform_view
    return self._changeform_view(request, object_id, form_url, extra_context)
           ~~~~~~~~~~~~~~~~~~~~~^^^^^^^^^^^^^^^^^^^^^^^^^^^^^^^^^^^^^^^^^^^^^
  File "/Users/user/Desktop/igi/353505_Chuiko_26/IGI/LR5/Agency/venv/lib/python3.13/site-packages/django/contrib/admin/options.py", line 1890, in _changeform_view
    new_object = self.save_form(request, form, change=not add)
  File "/Users/user/Desktop/igi/353505_Chuiko_26/IGI/LR5/Agency/venv/lib/python3.13/site-packages/django/contrib/admin/options.py", line 1308, in save_form
    return form.save(commit=False)
           ~~~~~~~~~^^^^^^^^^^^^^^
  File "/Users/user/Desktop/igi/353505_Chuiko_26/IGI/LR5/Agency/estateAgency/forms.py", line 23, in save
    user = User.objects.create_user(
        username=self.cleaned_data['username'],
    ...<3 lines>...
        last_name=self.cleaned_data['last_name']
    )
  File "/Users/user/Desktop/igi/353505_Chuiko_26/IGI/LR5/Agency/venv/lib/python3.13/site-packages/django/contrib/auth/models.py", line 175, in create_user
    return self._create_user(username, email, password, **extra_fields)
           ~~~~~~~~~~~~~~~~~^^^^^^^^^^^^^^^^^^^^^^^^^^^^^^^^^^^^^^^^^^^
  File "/Users/user/Desktop/igi/353505_Chuiko_26/IGI/LR5/Agency/venv/lib/python3.13/site-packages/django/contrib/auth/models.py", line 163, in _create_user
    user.save(using=self._db)
    ~~~~~~~~~^^^^^^^^^^^^^^^^
  File "/Users/user/Desktop/igi/353505_Chuiko_26/IGI/LR5/Agency/venv/lib/python3.13/site-packages/django/contrib/auth/base_user.py", line 65, in save
    super().save(*args, **kwargs)
    ~~~~~~~~~~~~^^^^^^^^^^^^^^^^^
  File "/Users/user/Desktop/igi/353505_Chuiko_26/IGI/LR5/Agency/venv/lib/python3.13/site-packages/django/db/models/base.py", line 902, in save
    self.save_base(
    ~~~~~~~~~~~~~~^
        using=using,
        ^^^^^^^^^^^^
    ...<2 lines>...
        update_fields=update_fields,
        ^^^^^^^^^^^^^^^^^^^^^^^^^^^^
    )
    ^
  File "/Users/user/Desktop/igi/353505_Chuiko_26/IGI/LR5/Agency/venv/lib/python3.13/site-packages/django/db/models/base.py", line 1008, in save_base
    updated = self._save_table(
        raw,
    ...<4 lines>...
        update_fields,
    )
  File "/Users/user/Desktop/igi/353505_Chuiko_26/IGI/LR5/Agency/venv/lib/python3.13/site-packages/django/db/models/base.py", line 1169, in _save_table
    results = self._do_insert(
        cls._base_manager, using, fields, returning_fields, raw
    )
  File "/Users/user/Desktop/igi/353505_Chuiko_26/IGI/LR5/Agency/venv/lib/python3.13/site-packages/django/db/models/base.py", line 1210, in _do_insert
    return manager._insert(
           ~~~~~~~~~~~~~~~^
        [self],
        ^^^^^^^
    ...<3 lines>...
        raw=raw,
        ^^^^^^^^
    )
    ^
  File "/Users/user/Desktop/igi/353505_Chuiko_26/IGI/LR5/Agency/venv/lib/python3.13/site-packages/django/db/models/manager.py", line 87, in manager_method
    return getattr(self.get_queryset(), name)(*args, **kwargs)
           ~~~~~~~~~~~~~~~~~~~~~~~~~~~~~~~~~~^^^^^^^^^^^^^^^^^
  File "/Users/user/Desktop/igi/353505_Chuiko_26/IGI/LR5/Agency/venv/lib/python3.13/site-packages/django/db/models/query.py", line 1864, in _insert
    return query.get_compiler(using=using).execute_sql(returning_fields)
           ~~~~~~~~~~~~~~~~~~~~~~~~~~~~~~~~~~~~~~~~~~~^^^^^^^^^^^^^^^^^^
  File "/Users/user/Desktop/igi/353505_Chuiko_26/IGI/LR5/Agency/venv/lib/python3.13/site-packages/django/db/models/sql/compiler.py", line 1882, in execute_sql
    cursor.execute(sql, params)
    ~~~~~~~~~~~~~~^^^^^^^^^^^^^
  File "/Users/user/Desktop/igi/353505_Chuiko_26/IGI/LR5/Agency/venv/lib/python3.13/site-packages/django/db/backends/utils.py", line 122, in execute
    return super().execute(sql, params)
           ~~~~~~~~~~~~~~~^^^^^^^^^^^^^
  File "/Users/user/Desktop/igi/353505_Chuiko_26/IGI/LR5/Agency/venv/lib/python3.13/site-packages/django/db/backends/utils.py", line 79, in execute
    return self._execute_with_wrappers(
           ~~~~~~~~~~~~~~~~~~~~~~~~~~~^
        sql, params, many=False, executor=self._execute
        ^^^^^^^^^^^^^^^^^^^^^^^^^^^^^^^^^^^^^^^^^^^^^^^
    )
    ^
  File "/Users/user/Desktop/igi/353505_Chuiko_26/IGI/LR5/Agency/venv/lib/python3.13/site-packages/django/db/backends/utils.py", line 92, in _execute_with_wrappers
    return executor(sql, params, many, context)
  File "/Users/user/Desktop/igi/353505_Chuiko_26/IGI/LR5/Agency/venv/lib/python3.13/site-packages/django/db/backends/utils.py", line 100, in _execute
    with self.db.wrap_database_errors:
         ^^^^^^^^^^^^^^^^^^^^^^^^^^^^
  File "/Users/user/Desktop/igi/353505_Chuiko_26/IGI/LR5/Agency/venv/lib/python3.13/site-packages/django/db/utils.py", line 91, in __exit__
    raise dj_exc_value.with_traceback(traceback) from exc_value
  File "/Users/user/Desktop/igi/353505_Chuiko_26/IGI/LR5/Agency/venv/lib/python3.13/site-packages/django/db/backends/utils.py", line 105, in _execute
    return self.cursor.execute(sql, params)
           ~~~~~~~~~~~~~~~~~~~^^^^^^^^^^^^^
  File "/Users/user/Desktop/igi/353505_Chuiko_26/IGI/LR5/Agency/venv/lib/python3.13/site-packages/django/db/backends/sqlite3/base.py", line 360, in execute
    return super().execute(query, params)
           ~~~~~~~~~~~~~~~^^^^^^^^^^^^^^^
django.db.utils.IntegrityError: UNIQUE constraint failed: auth_user.username
ERROR 2025-05-27 21:39:08,616 basehttp "POST /admin/estateAgency/client/2/change/ HTTP/1.1" 500 228872
INFO 2025-05-27 21:39:13,424 basehttp "GET /admin/estateAgency/client/2/change/ HTTP/1.1" 200 19703
ERROR 2025-05-27 21:39:21,558 log Internal Server Error: /admin/estateAgency/client/2/change/
Traceback (most recent call last):
  File "/Users/user/Desktop/igi/353505_Chuiko_26/IGI/LR5/Agency/venv/lib/python3.13/site-packages/django/db/backends/utils.py", line 105, in _execute
    return self.cursor.execute(sql, params)
           ~~~~~~~~~~~~~~~~~~~^^^^^^^^^^^^^
  File "/Users/user/Desktop/igi/353505_Chuiko_26/IGI/LR5/Agency/venv/lib/python3.13/site-packages/django/db/backends/sqlite3/base.py", line 360, in execute
    return super().execute(query, params)
           ~~~~~~~~~~~~~~~^^^^^^^^^^^^^^^
sqlite3.IntegrityError: UNIQUE constraint failed: auth_user.username

The above exception was the direct cause of the following exception:

Traceback (most recent call last):
  File "/Users/user/Desktop/igi/353505_Chuiko_26/IGI/LR5/Agency/venv/lib/python3.13/site-packages/django/core/handlers/exception.py", line 55, in inner
    response = get_response(request)
  File "/Users/user/Desktop/igi/353505_Chuiko_26/IGI/LR5/Agency/venv/lib/python3.13/site-packages/django/core/handlers/base.py", line 197, in _get_response
    response = wrapped_callback(request, *callback_args, **callback_kwargs)
  File "/Users/user/Desktop/igi/353505_Chuiko_26/IGI/LR5/Agency/venv/lib/python3.13/site-packages/django/contrib/admin/options.py", line 719, in wrapper
    return self.admin_site.admin_view(view)(*args, **kwargs)
           ~~~~~~~~~~~~~~~~~~~~~~~~~~~~~~~~^^^^^^^^^^^^^^^^^
  File "/Users/user/Desktop/igi/353505_Chuiko_26/IGI/LR5/Agency/venv/lib/python3.13/site-packages/django/utils/decorators.py", line 192, in _view_wrapper
    result = _process_exception(request, e)
  File "/Users/user/Desktop/igi/353505_Chuiko_26/IGI/LR5/Agency/venv/lib/python3.13/site-packages/django/utils/decorators.py", line 190, in _view_wrapper
    response = view_func(request, *args, **kwargs)
  File "/Users/user/Desktop/igi/353505_Chuiko_26/IGI/LR5/Agency/venv/lib/python3.13/site-packages/django/views/decorators/cache.py", line 80, in _view_wrapper
    response = view_func(request, *args, **kwargs)
  File "/Users/user/Desktop/igi/353505_Chuiko_26/IGI/LR5/Agency/venv/lib/python3.13/site-packages/django/contrib/admin/sites.py", line 246, in inner
    return view(request, *args, **kwargs)
  File "/Users/user/Desktop/igi/353505_Chuiko_26/IGI/LR5/Agency/venv/lib/python3.13/site-packages/django/contrib/admin/options.py", line 1987, in change_view
    return self.changeform_view(request, object_id, form_url, extra_context)
           ~~~~~~~~~~~~~~~~~~~~^^^^^^^^^^^^^^^^^^^^^^^^^^^^^^^^^^^^^^^^^^^^^
  File "/Users/user/Desktop/igi/353505_Chuiko_26/IGI/LR5/Agency/venv/lib/python3.13/site-packages/django/utils/decorators.py", line 48, in _wrapper
    return bound_method(*args, **kwargs)
  File "/Users/user/Desktop/igi/353505_Chuiko_26/IGI/LR5/Agency/venv/lib/python3.13/site-packages/django/utils/decorators.py", line 192, in _view_wrapper
    result = _process_exception(request, e)
  File "/Users/user/Desktop/igi/353505_Chuiko_26/IGI/LR5/Agency/venv/lib/python3.13/site-packages/django/utils/decorators.py", line 190, in _view_wrapper
    response = view_func(request, *args, **kwargs)
  File "/Users/user/Desktop/igi/353505_Chuiko_26/IGI/LR5/Agency/venv/lib/python3.13/site-packages/django/contrib/admin/options.py", line 1843, in changeform_view
    return self._changeform_view(request, object_id, form_url, extra_context)
           ~~~~~~~~~~~~~~~~~~~~~^^^^^^^^^^^^^^^^^^^^^^^^^^^^^^^^^^^^^^^^^^^^^
  File "/Users/user/Desktop/igi/353505_Chuiko_26/IGI/LR5/Agency/venv/lib/python3.13/site-packages/django/contrib/admin/options.py", line 1890, in _changeform_view
    new_object = self.save_form(request, form, change=not add)
  File "/Users/user/Desktop/igi/353505_Chuiko_26/IGI/LR5/Agency/venv/lib/python3.13/site-packages/django/contrib/admin/options.py", line 1308, in save_form
    return form.save(commit=False)
           ~~~~~~~~~^^^^^^^^^^^^^^
  File "/Users/user/Desktop/igi/353505_Chuiko_26/IGI/LR5/Agency/estateAgency/forms.py", line 23, in save
    user = User.objects.create_user(
        username=self.cleaned_data['username'],
    ...<3 lines>...
        last_name=self.cleaned_data['last_name']
    )
  File "/Users/user/Desktop/igi/353505_Chuiko_26/IGI/LR5/Agency/venv/lib/python3.13/site-packages/django/contrib/auth/models.py", line 175, in create_user
    return self._create_user(username, email, password, **extra_fields)
           ~~~~~~~~~~~~~~~~~^^^^^^^^^^^^^^^^^^^^^^^^^^^^^^^^^^^^^^^^^^^
  File "/Users/user/Desktop/igi/353505_Chuiko_26/IGI/LR5/Agency/venv/lib/python3.13/site-packages/django/contrib/auth/models.py", line 163, in _create_user
    user.save(using=self._db)
    ~~~~~~~~~^^^^^^^^^^^^^^^^
  File "/Users/user/Desktop/igi/353505_Chuiko_26/IGI/LR5/Agency/venv/lib/python3.13/site-packages/django/contrib/auth/base_user.py", line 65, in save
    super().save(*args, **kwargs)
    ~~~~~~~~~~~~^^^^^^^^^^^^^^^^^
  File "/Users/user/Desktop/igi/353505_Chuiko_26/IGI/LR5/Agency/venv/lib/python3.13/site-packages/django/db/models/base.py", line 902, in save
    self.save_base(
    ~~~~~~~~~~~~~~^
        using=using,
        ^^^^^^^^^^^^
    ...<2 lines>...
        update_fields=update_fields,
        ^^^^^^^^^^^^^^^^^^^^^^^^^^^^
    )
    ^
  File "/Users/user/Desktop/igi/353505_Chuiko_26/IGI/LR5/Agency/venv/lib/python3.13/site-packages/django/db/models/base.py", line 1008, in save_base
    updated = self._save_table(
        raw,
    ...<4 lines>...
        update_fields,
    )
  File "/Users/user/Desktop/igi/353505_Chuiko_26/IGI/LR5/Agency/venv/lib/python3.13/site-packages/django/db/models/base.py", line 1169, in _save_table
    results = self._do_insert(
        cls._base_manager, using, fields, returning_fields, raw
    )
  File "/Users/user/Desktop/igi/353505_Chuiko_26/IGI/LR5/Agency/venv/lib/python3.13/site-packages/django/db/models/base.py", line 1210, in _do_insert
    return manager._insert(
           ~~~~~~~~~~~~~~~^
        [self],
        ^^^^^^^
    ...<3 lines>...
        raw=raw,
        ^^^^^^^^
    )
    ^
  File "/Users/user/Desktop/igi/353505_Chuiko_26/IGI/LR5/Agency/venv/lib/python3.13/site-packages/django/db/models/manager.py", line 87, in manager_method
    return getattr(self.get_queryset(), name)(*args, **kwargs)
           ~~~~~~~~~~~~~~~~~~~~~~~~~~~~~~~~~~^^^^^^^^^^^^^^^^^
  File "/Users/user/Desktop/igi/353505_Chuiko_26/IGI/LR5/Agency/venv/lib/python3.13/site-packages/django/db/models/query.py", line 1864, in _insert
    return query.get_compiler(using=using).execute_sql(returning_fields)
           ~~~~~~~~~~~~~~~~~~~~~~~~~~~~~~~~~~~~~~~~~~~^^^^^^^^^^^^^^^^^^
  File "/Users/user/Desktop/igi/353505_Chuiko_26/IGI/LR5/Agency/venv/lib/python3.13/site-packages/django/db/models/sql/compiler.py", line 1882, in execute_sql
    cursor.execute(sql, params)
    ~~~~~~~~~~~~~~^^^^^^^^^^^^^
  File "/Users/user/Desktop/igi/353505_Chuiko_26/IGI/LR5/Agency/venv/lib/python3.13/site-packages/django/db/backends/utils.py", line 122, in execute
    return super().execute(sql, params)
           ~~~~~~~~~~~~~~~^^^^^^^^^^^^^
  File "/Users/user/Desktop/igi/353505_Chuiko_26/IGI/LR5/Agency/venv/lib/python3.13/site-packages/django/db/backends/utils.py", line 79, in execute
    return self._execute_with_wrappers(
           ~~~~~~~~~~~~~~~~~~~~~~~~~~~^
        sql, params, many=False, executor=self._execute
        ^^^^^^^^^^^^^^^^^^^^^^^^^^^^^^^^^^^^^^^^^^^^^^^
    )
    ^
  File "/Users/user/Desktop/igi/353505_Chuiko_26/IGI/LR5/Agency/venv/lib/python3.13/site-packages/django/db/backends/utils.py", line 92, in _execute_with_wrappers
    return executor(sql, params, many, context)
  File "/Users/user/Desktop/igi/353505_Chuiko_26/IGI/LR5/Agency/venv/lib/python3.13/site-packages/django/db/backends/utils.py", line 100, in _execute
    with self.db.wrap_database_errors:
         ^^^^^^^^^^^^^^^^^^^^^^^^^^^^
  File "/Users/user/Desktop/igi/353505_Chuiko_26/IGI/LR5/Agency/venv/lib/python3.13/site-packages/django/db/utils.py", line 91, in __exit__
    raise dj_exc_value.with_traceback(traceback) from exc_value
  File "/Users/user/Desktop/igi/353505_Chuiko_26/IGI/LR5/Agency/venv/lib/python3.13/site-packages/django/db/backends/utils.py", line 105, in _execute
    return self.cursor.execute(sql, params)
           ~~~~~~~~~~~~~~~~~~~^^^^^^^^^^^^^
  File "/Users/user/Desktop/igi/353505_Chuiko_26/IGI/LR5/Agency/venv/lib/python3.13/site-packages/django/db/backends/sqlite3/base.py", line 360, in execute
    return super().execute(query, params)
           ~~~~~~~~~~~~~~~^^^^^^^^^^^^^^^
django.db.utils.IntegrityError: UNIQUE constraint failed: auth_user.username
ERROR 2025-05-27 21:39:21,562 basehttp "POST /admin/estateAgency/client/2/change/ HTTP/1.1" 500 228872
INFO 2025-05-27 21:39:28,713 basehttp "GET /admin/estateAgency/client/2/change/ HTTP/1.1" 200 19703
ERROR 2025-05-27 21:39:39,899 log Internal Server Error: /admin/estateAgency/client/2/change/
Traceback (most recent call last):
  File "/Users/user/Desktop/igi/353505_Chuiko_26/IGI/LR5/Agency/venv/lib/python3.13/site-packages/django/db/backends/utils.py", line 105, in _execute
    return self.cursor.execute(sql, params)
           ~~~~~~~~~~~~~~~~~~~^^^^^^^^^^^^^
  File "/Users/user/Desktop/igi/353505_Chuiko_26/IGI/LR5/Agency/venv/lib/python3.13/site-packages/django/db/backends/sqlite3/base.py", line 360, in execute
    return super().execute(query, params)
           ~~~~~~~~~~~~~~~^^^^^^^^^^^^^^^
sqlite3.IntegrityError: UNIQUE constraint failed: auth_user.username

The above exception was the direct cause of the following exception:

Traceback (most recent call last):
  File "/Users/user/Desktop/igi/353505_Chuiko_26/IGI/LR5/Agency/venv/lib/python3.13/site-packages/django/core/handlers/exception.py", line 55, in inner
    response = get_response(request)
  File "/Users/user/Desktop/igi/353505_Chuiko_26/IGI/LR5/Agency/venv/lib/python3.13/site-packages/django/core/handlers/base.py", line 197, in _get_response
    response = wrapped_callback(request, *callback_args, **callback_kwargs)
  File "/Users/user/Desktop/igi/353505_Chuiko_26/IGI/LR5/Agency/venv/lib/python3.13/site-packages/django/contrib/admin/options.py", line 719, in wrapper
    return self.admin_site.admin_view(view)(*args, **kwargs)
           ~~~~~~~~~~~~~~~~~~~~~~~~~~~~~~~~^^^^^^^^^^^^^^^^^
  File "/Users/user/Desktop/igi/353505_Chuiko_26/IGI/LR5/Agency/venv/lib/python3.13/site-packages/django/utils/decorators.py", line 192, in _view_wrapper
    result = _process_exception(request, e)
  File "/Users/user/Desktop/igi/353505_Chuiko_26/IGI/LR5/Agency/venv/lib/python3.13/site-packages/django/utils/decorators.py", line 190, in _view_wrapper
    response = view_func(request, *args, **kwargs)
  File "/Users/user/Desktop/igi/353505_Chuiko_26/IGI/LR5/Agency/venv/lib/python3.13/site-packages/django/views/decorators/cache.py", line 80, in _view_wrapper
    response = view_func(request, *args, **kwargs)
  File "/Users/user/Desktop/igi/353505_Chuiko_26/IGI/LR5/Agency/venv/lib/python3.13/site-packages/django/contrib/admin/sites.py", line 246, in inner
    return view(request, *args, **kwargs)
  File "/Users/user/Desktop/igi/353505_Chuiko_26/IGI/LR5/Agency/venv/lib/python3.13/site-packages/django/contrib/admin/options.py", line 1987, in change_view
    return self.changeform_view(request, object_id, form_url, extra_context)
           ~~~~~~~~~~~~~~~~~~~~^^^^^^^^^^^^^^^^^^^^^^^^^^^^^^^^^^^^^^^^^^^^^
  File "/Users/user/Desktop/igi/353505_Chuiko_26/IGI/LR5/Agency/venv/lib/python3.13/site-packages/django/utils/decorators.py", line 48, in _wrapper
    return bound_method(*args, **kwargs)
  File "/Users/user/Desktop/igi/353505_Chuiko_26/IGI/LR5/Agency/venv/lib/python3.13/site-packages/django/utils/decorators.py", line 192, in _view_wrapper
    result = _process_exception(request, e)
  File "/Users/user/Desktop/igi/353505_Chuiko_26/IGI/LR5/Agency/venv/lib/python3.13/site-packages/django/utils/decorators.py", line 190, in _view_wrapper
    response = view_func(request, *args, **kwargs)
  File "/Users/user/Desktop/igi/353505_Chuiko_26/IGI/LR5/Agency/venv/lib/python3.13/site-packages/django/contrib/admin/options.py", line 1843, in changeform_view
    return self._changeform_view(request, object_id, form_url, extra_context)
           ~~~~~~~~~~~~~~~~~~~~~^^^^^^^^^^^^^^^^^^^^^^^^^^^^^^^^^^^^^^^^^^^^^
  File "/Users/user/Desktop/igi/353505_Chuiko_26/IGI/LR5/Agency/venv/lib/python3.13/site-packages/django/contrib/admin/options.py", line 1890, in _changeform_view
    new_object = self.save_form(request, form, change=not add)
  File "/Users/user/Desktop/igi/353505_Chuiko_26/IGI/LR5/Agency/venv/lib/python3.13/site-packages/django/contrib/admin/options.py", line 1308, in save_form
    return form.save(commit=False)
           ~~~~~~~~~^^^^^^^^^^^^^^
  File "/Users/user/Desktop/igi/353505_Chuiko_26/IGI/LR5/Agency/estateAgency/forms.py", line 23, in save
    user = User.objects.create_user(
        username=self.cleaned_data['username'],
    ...<3 lines>...
        last_name=self.cleaned_data['last_name']
    )
  File "/Users/user/Desktop/igi/353505_Chuiko_26/IGI/LR5/Agency/venv/lib/python3.13/site-packages/django/contrib/auth/models.py", line 175, in create_user
    return self._create_user(username, email, password, **extra_fields)
           ~~~~~~~~~~~~~~~~~^^^^^^^^^^^^^^^^^^^^^^^^^^^^^^^^^^^^^^^^^^^
  File "/Users/user/Desktop/igi/353505_Chuiko_26/IGI/LR5/Agency/venv/lib/python3.13/site-packages/django/contrib/auth/models.py", line 163, in _create_user
    user.save(using=self._db)
    ~~~~~~~~~^^^^^^^^^^^^^^^^
  File "/Users/user/Desktop/igi/353505_Chuiko_26/IGI/LR5/Agency/venv/lib/python3.13/site-packages/django/contrib/auth/base_user.py", line 65, in save
    super().save(*args, **kwargs)
    ~~~~~~~~~~~~^^^^^^^^^^^^^^^^^
  File "/Users/user/Desktop/igi/353505_Chuiko_26/IGI/LR5/Agency/venv/lib/python3.13/site-packages/django/db/models/base.py", line 902, in save
    self.save_base(
    ~~~~~~~~~~~~~~^
        using=using,
        ^^^^^^^^^^^^
    ...<2 lines>...
        update_fields=update_fields,
        ^^^^^^^^^^^^^^^^^^^^^^^^^^^^
    )
    ^
  File "/Users/user/Desktop/igi/353505_Chuiko_26/IGI/LR5/Agency/venv/lib/python3.13/site-packages/django/db/models/base.py", line 1008, in save_base
    updated = self._save_table(
        raw,
    ...<4 lines>...
        update_fields,
    )
  File "/Users/user/Desktop/igi/353505_Chuiko_26/IGI/LR5/Agency/venv/lib/python3.13/site-packages/django/db/models/base.py", line 1169, in _save_table
    results = self._do_insert(
        cls._base_manager, using, fields, returning_fields, raw
    )
  File "/Users/user/Desktop/igi/353505_Chuiko_26/IGI/LR5/Agency/venv/lib/python3.13/site-packages/django/db/models/base.py", line 1210, in _do_insert
    return manager._insert(
           ~~~~~~~~~~~~~~~^
        [self],
        ^^^^^^^
    ...<3 lines>...
        raw=raw,
        ^^^^^^^^
    )
    ^
  File "/Users/user/Desktop/igi/353505_Chuiko_26/IGI/LR5/Agency/venv/lib/python3.13/site-packages/django/db/models/manager.py", line 87, in manager_method
    return getattr(self.get_queryset(), name)(*args, **kwargs)
           ~~~~~~~~~~~~~~~~~~~~~~~~~~~~~~~~~~^^^^^^^^^^^^^^^^^
  File "/Users/user/Desktop/igi/353505_Chuiko_26/IGI/LR5/Agency/venv/lib/python3.13/site-packages/django/db/models/query.py", line 1864, in _insert
    return query.get_compiler(using=using).execute_sql(returning_fields)
           ~~~~~~~~~~~~~~~~~~~~~~~~~~~~~~~~~~~~~~~~~~~^^^^^^^^^^^^^^^^^^
  File "/Users/user/Desktop/igi/353505_Chuiko_26/IGI/LR5/Agency/venv/lib/python3.13/site-packages/django/db/models/sql/compiler.py", line 1882, in execute_sql
    cursor.execute(sql, params)
    ~~~~~~~~~~~~~~^^^^^^^^^^^^^
  File "/Users/user/Desktop/igi/353505_Chuiko_26/IGI/LR5/Agency/venv/lib/python3.13/site-packages/django/db/backends/utils.py", line 122, in execute
    return super().execute(sql, params)
           ~~~~~~~~~~~~~~~^^^^^^^^^^^^^
  File "/Users/user/Desktop/igi/353505_Chuiko_26/IGI/LR5/Agency/venv/lib/python3.13/site-packages/django/db/backends/utils.py", line 79, in execute
    return self._execute_with_wrappers(
           ~~~~~~~~~~~~~~~~~~~~~~~~~~~^
        sql, params, many=False, executor=self._execute
        ^^^^^^^^^^^^^^^^^^^^^^^^^^^^^^^^^^^^^^^^^^^^^^^
    )
    ^
  File "/Users/user/Desktop/igi/353505_Chuiko_26/IGI/LR5/Agency/venv/lib/python3.13/site-packages/django/db/backends/utils.py", line 92, in _execute_with_wrappers
    return executor(sql, params, many, context)
  File "/Users/user/Desktop/igi/353505_Chuiko_26/IGI/LR5/Agency/venv/lib/python3.13/site-packages/django/db/backends/utils.py", line 100, in _execute
    with self.db.wrap_database_errors:
         ^^^^^^^^^^^^^^^^^^^^^^^^^^^^
  File "/Users/user/Desktop/igi/353505_Chuiko_26/IGI/LR5/Agency/venv/lib/python3.13/site-packages/django/db/utils.py", line 91, in __exit__
    raise dj_exc_value.with_traceback(traceback) from exc_value
  File "/Users/user/Desktop/igi/353505_Chuiko_26/IGI/LR5/Agency/venv/lib/python3.13/site-packages/django/db/backends/utils.py", line 105, in _execute
    return self.cursor.execute(sql, params)
           ~~~~~~~~~~~~~~~~~~~^^^^^^^^^^^^^
  File "/Users/user/Desktop/igi/353505_Chuiko_26/IGI/LR5/Agency/venv/lib/python3.13/site-packages/django/db/backends/sqlite3/base.py", line 360, in execute
    return super().execute(query, params)
           ~~~~~~~~~~~~~~~^^^^^^^^^^^^^^^
django.db.utils.IntegrityError: UNIQUE constraint failed: auth_user.username
ERROR 2025-05-27 21:39:39,999 basehttp "POST /admin/estateAgency/client/2/change/ HTTP/1.1" 500 228826
INFO 2025-05-27 21:39:41,592 basehttp "GET /admin/estateAgency/client/2/change/ HTTP/1.1" 200 19703
ERROR 2025-05-27 21:39:47,730 log Internal Server Error: /admin/estateAgency/client/2/change/
Traceback (most recent call last):
  File "/Users/user/Desktop/igi/353505_Chuiko_26/IGI/LR5/Agency/venv/lib/python3.13/site-packages/django/db/backends/utils.py", line 105, in _execute
    return self.cursor.execute(sql, params)
           ~~~~~~~~~~~~~~~~~~~^^^^^^^^^^^^^
  File "/Users/user/Desktop/igi/353505_Chuiko_26/IGI/LR5/Agency/venv/lib/python3.13/site-packages/django/db/backends/sqlite3/base.py", line 360, in execute
    return super().execute(query, params)
           ~~~~~~~~~~~~~~~^^^^^^^^^^^^^^^
sqlite3.IntegrityError: UNIQUE constraint failed: auth_user.username

The above exception was the direct cause of the following exception:

Traceback (most recent call last):
  File "/Users/user/Desktop/igi/353505_Chuiko_26/IGI/LR5/Agency/venv/lib/python3.13/site-packages/django/core/handlers/exception.py", line 55, in inner
    response = get_response(request)
  File "/Users/user/Desktop/igi/353505_Chuiko_26/IGI/LR5/Agency/venv/lib/python3.13/site-packages/django/core/handlers/base.py", line 197, in _get_response
    response = wrapped_callback(request, *callback_args, **callback_kwargs)
  File "/Users/user/Desktop/igi/353505_Chuiko_26/IGI/LR5/Agency/venv/lib/python3.13/site-packages/django/contrib/admin/options.py", line 719, in wrapper
    return self.admin_site.admin_view(view)(*args, **kwargs)
           ~~~~~~~~~~~~~~~~~~~~~~~~~~~~~~~~^^^^^^^^^^^^^^^^^
  File "/Users/user/Desktop/igi/353505_Chuiko_26/IGI/LR5/Agency/venv/lib/python3.13/site-packages/django/utils/decorators.py", line 192, in _view_wrapper
    result = _process_exception(request, e)
  File "/Users/user/Desktop/igi/353505_Chuiko_26/IGI/LR5/Agency/venv/lib/python3.13/site-packages/django/utils/decorators.py", line 190, in _view_wrapper
    response = view_func(request, *args, **kwargs)
  File "/Users/user/Desktop/igi/353505_Chuiko_26/IGI/LR5/Agency/venv/lib/python3.13/site-packages/django/views/decorators/cache.py", line 80, in _view_wrapper
    response = view_func(request, *args, **kwargs)
  File "/Users/user/Desktop/igi/353505_Chuiko_26/IGI/LR5/Agency/venv/lib/python3.13/site-packages/django/contrib/admin/sites.py", line 246, in inner
    return view(request, *args, **kwargs)
  File "/Users/user/Desktop/igi/353505_Chuiko_26/IGI/LR5/Agency/venv/lib/python3.13/site-packages/django/contrib/admin/options.py", line 1987, in change_view
    return self.changeform_view(request, object_id, form_url, extra_context)
           ~~~~~~~~~~~~~~~~~~~~^^^^^^^^^^^^^^^^^^^^^^^^^^^^^^^^^^^^^^^^^^^^^
  File "/Users/user/Desktop/igi/353505_Chuiko_26/IGI/LR5/Agency/venv/lib/python3.13/site-packages/django/utils/decorators.py", line 48, in _wrapper
    return bound_method(*args, **kwargs)
  File "/Users/user/Desktop/igi/353505_Chuiko_26/IGI/LR5/Agency/venv/lib/python3.13/site-packages/django/utils/decorators.py", line 192, in _view_wrapper
    result = _process_exception(request, e)
  File "/Users/user/Desktop/igi/353505_Chuiko_26/IGI/LR5/Agency/venv/lib/python3.13/site-packages/django/utils/decorators.py", line 190, in _view_wrapper
    response = view_func(request, *args, **kwargs)
  File "/Users/user/Desktop/igi/353505_Chuiko_26/IGI/LR5/Agency/venv/lib/python3.13/site-packages/django/contrib/admin/options.py", line 1843, in changeform_view
    return self._changeform_view(request, object_id, form_url, extra_context)
           ~~~~~~~~~~~~~~~~~~~~~^^^^^^^^^^^^^^^^^^^^^^^^^^^^^^^^^^^^^^^^^^^^^
  File "/Users/user/Desktop/igi/353505_Chuiko_26/IGI/LR5/Agency/venv/lib/python3.13/site-packages/django/contrib/admin/options.py", line 1890, in _changeform_view
    new_object = self.save_form(request, form, change=not add)
  File "/Users/user/Desktop/igi/353505_Chuiko_26/IGI/LR5/Agency/venv/lib/python3.13/site-packages/django/contrib/admin/options.py", line 1308, in save_form
    return form.save(commit=False)
           ~~~~~~~~~^^^^^^^^^^^^^^
  File "/Users/user/Desktop/igi/353505_Chuiko_26/IGI/LR5/Agency/estateAgency/forms.py", line 23, in save
    user = User.objects.create_user(
        username=self.cleaned_data['username'],
    ...<3 lines>...
        last_name=self.cleaned_data['last_name']
    )
  File "/Users/user/Desktop/igi/353505_Chuiko_26/IGI/LR5/Agency/venv/lib/python3.13/site-packages/django/contrib/auth/models.py", line 175, in create_user
    return self._create_user(username, email, password, **extra_fields)
           ~~~~~~~~~~~~~~~~~^^^^^^^^^^^^^^^^^^^^^^^^^^^^^^^^^^^^^^^^^^^
  File "/Users/user/Desktop/igi/353505_Chuiko_26/IGI/LR5/Agency/venv/lib/python3.13/site-packages/django/contrib/auth/models.py", line 163, in _create_user
    user.save(using=self._db)
    ~~~~~~~~~^^^^^^^^^^^^^^^^
  File "/Users/user/Desktop/igi/353505_Chuiko_26/IGI/LR5/Agency/venv/lib/python3.13/site-packages/django/contrib/auth/base_user.py", line 65, in save
    super().save(*args, **kwargs)
    ~~~~~~~~~~~~^^^^^^^^^^^^^^^^^
  File "/Users/user/Desktop/igi/353505_Chuiko_26/IGI/LR5/Agency/venv/lib/python3.13/site-packages/django/db/models/base.py", line 902, in save
    self.save_base(
    ~~~~~~~~~~~~~~^
        using=using,
        ^^^^^^^^^^^^
    ...<2 lines>...
        update_fields=update_fields,
        ^^^^^^^^^^^^^^^^^^^^^^^^^^^^
    )
    ^
  File "/Users/user/Desktop/igi/353505_Chuiko_26/IGI/LR5/Agency/venv/lib/python3.13/site-packages/django/db/models/base.py", line 1008, in save_base
    updated = self._save_table(
        raw,
    ...<4 lines>...
        update_fields,
    )
  File "/Users/user/Desktop/igi/353505_Chuiko_26/IGI/LR5/Agency/venv/lib/python3.13/site-packages/django/db/models/base.py", line 1169, in _save_table
    results = self._do_insert(
        cls._base_manager, using, fields, returning_fields, raw
    )
  File "/Users/user/Desktop/igi/353505_Chuiko_26/IGI/LR5/Agency/venv/lib/python3.13/site-packages/django/db/models/base.py", line 1210, in _do_insert
    return manager._insert(
           ~~~~~~~~~~~~~~~^
        [self],
        ^^^^^^^
    ...<3 lines>...
        raw=raw,
        ^^^^^^^^
    )
    ^
  File "/Users/user/Desktop/igi/353505_Chuiko_26/IGI/LR5/Agency/venv/lib/python3.13/site-packages/django/db/models/manager.py", line 87, in manager_method
    return getattr(self.get_queryset(), name)(*args, **kwargs)
           ~~~~~~~~~~~~~~~~~~~~~~~~~~~~~~~~~~^^^^^^^^^^^^^^^^^
  File "/Users/user/Desktop/igi/353505_Chuiko_26/IGI/LR5/Agency/venv/lib/python3.13/site-packages/django/db/models/query.py", line 1864, in _insert
    return query.get_compiler(using=using).execute_sql(returning_fields)
           ~~~~~~~~~~~~~~~~~~~~~~~~~~~~~~~~~~~~~~~~~~~^^^^^^^^^^^^^^^^^^
  File "/Users/user/Desktop/igi/353505_Chuiko_26/IGI/LR5/Agency/venv/lib/python3.13/site-packages/django/db/models/sql/compiler.py", line 1882, in execute_sql
    cursor.execute(sql, params)
    ~~~~~~~~~~~~~~^^^^^^^^^^^^^
  File "/Users/user/Desktop/igi/353505_Chuiko_26/IGI/LR5/Agency/venv/lib/python3.13/site-packages/django/db/backends/utils.py", line 122, in execute
    return super().execute(sql, params)
           ~~~~~~~~~~~~~~~^^^^^^^^^^^^^
  File "/Users/user/Desktop/igi/353505_Chuiko_26/IGI/LR5/Agency/venv/lib/python3.13/site-packages/django/db/backends/utils.py", line 79, in execute
    return self._execute_with_wrappers(
           ~~~~~~~~~~~~~~~~~~~~~~~~~~~^
        sql, params, many=False, executor=self._execute
        ^^^^^^^^^^^^^^^^^^^^^^^^^^^^^^^^^^^^^^^^^^^^^^^
    )
    ^
  File "/Users/user/Desktop/igi/353505_Chuiko_26/IGI/LR5/Agency/venv/lib/python3.13/site-packages/django/db/backends/utils.py", line 92, in _execute_with_wrappers
    return executor(sql, params, many, context)
  File "/Users/user/Desktop/igi/353505_Chuiko_26/IGI/LR5/Agency/venv/lib/python3.13/site-packages/django/db/backends/utils.py", line 100, in _execute
    with self.db.wrap_database_errors:
         ^^^^^^^^^^^^^^^^^^^^^^^^^^^^
  File "/Users/user/Desktop/igi/353505_Chuiko_26/IGI/LR5/Agency/venv/lib/python3.13/site-packages/django/db/utils.py", line 91, in __exit__
    raise dj_exc_value.with_traceback(traceback) from exc_value
  File "/Users/user/Desktop/igi/353505_Chuiko_26/IGI/LR5/Agency/venv/lib/python3.13/site-packages/django/db/backends/utils.py", line 105, in _execute
    return self.cursor.execute(sql, params)
           ~~~~~~~~~~~~~~~~~~~^^^^^^^^^^^^^
  File "/Users/user/Desktop/igi/353505_Chuiko_26/IGI/LR5/Agency/venv/lib/python3.13/site-packages/django/db/backends/sqlite3/base.py", line 360, in execute
    return super().execute(query, params)
           ~~~~~~~~~~~~~~~^^^^^^^^^^^^^^^
django.db.utils.IntegrityError: UNIQUE constraint failed: auth_user.username
ERROR 2025-05-27 21:39:47,732 basehttp "POST /admin/estateAgency/client/2/change/ HTTP/1.1" 500 228872
INFO 2025-05-27 21:39:49,143 basehttp "GET /admin/estateAgency/client/2/change/ HTTP/1.1" 200 19703
INFO 2025-05-27 21:39:50,448 basehttp "GET /admin/estateAgency/client/ HTTP/1.1" 200 17757
INFO 2025-05-27 21:39:50,466 basehttp "GET /admin/jsi18n/ HTTP/1.1" 200 3342
INFO 2025-05-27 21:39:52,292 basehttp "GET /admin/estateAgency/client/2/change/ HTTP/1.1" 200 19703
INFO 2025-05-27 21:39:52,308 basehttp "GET /admin/jsi18n/ HTTP/1.1" 200 3342
INFO 2025-05-27 21:40:10,576 autoreload /Users/user/Desktop/igi/353505_Chuiko_26/IGI/LR5/Agency/estateAgency/forms.py changed, reloading.
INFO 2025-05-27 21:40:10,960 autoreload Watching for file changes with StatReloader
INFO 2025-05-27 21:40:14,472 autoreload /Users/user/Desktop/igi/353505_Chuiko_26/IGI/LR5/Agency/estateAgency/forms.py changed, reloading.
INFO 2025-05-27 21:40:14,684 autoreload Watching for file changes with StatReloader
INFO 2025-05-27 21:40:28,253 autoreload /Users/user/Desktop/igi/353505_Chuiko_26/IGI/LR5/Agency/estateAgency/forms.py changed, reloading.
INFO 2025-05-27 21:40:28,582 autoreload Watching for file changes with StatReloader
INFO 2025-05-27 21:40:30,993 autoreload /Users/user/Desktop/igi/353505_Chuiko_26/IGI/LR5/Agency/estateAgency/forms.py changed, reloading.
INFO 2025-05-27 21:40:31,215 autoreload Watching for file changes with StatReloader
INFO 2025-05-27 21:40:34,567 autoreload /Users/user/Desktop/igi/353505_Chuiko_26/IGI/LR5/Agency/estateAgency/forms.py changed, reloading.
INFO 2025-05-27 21:40:34,804 autoreload Watching for file changes with StatReloader
INFO 2025-05-27 21:40:37,012 autoreload /Users/user/Desktop/igi/353505_Chuiko_26/IGI/LR5/Agency/estateAgency/forms.py changed, reloading.
INFO 2025-05-27 21:40:37,210 autoreload Watching for file changes with StatReloader
INFO 2025-05-27 21:40:54,810 autoreload /Users/user/Desktop/igi/353505_Chuiko_26/IGI/LR5/Agency/estateAgency/forms.py changed, reloading.
INFO 2025-05-27 21:40:55,102 autoreload Watching for file changes with StatReloader
ERROR 2025-05-27 21:41:01,912 log Internal Server Error: /admin/estateAgency/client/2/change/
Traceback (most recent call last):
  File "/Users/user/Desktop/igi/353505_Chuiko_26/IGI/LR5/Agency/venv/lib/python3.13/site-packages/django/contrib/admin/options.py", line 840, in get_form
    return modelform_factory(self.model, **defaults)
  File "/Users/user/Desktop/igi/353505_Chuiko_26/IGI/LR5/Agency/venv/lib/python3.13/site-packages/django/forms/models.py", line 654, in modelform_factory
    return type(form)(class_name, (form,), form_class_attrs)
           ~~~~~~~~~~^^^^^^^^^^^^^^^^^^^^^^^^^^^^^^^^^^^^^^^
  File "/Users/user/Desktop/igi/353505_Chuiko_26/IGI/LR5/Agency/venv/lib/python3.13/site-packages/django/forms/models.py", line 334, in __new__
    raise FieldError(message)
django.core.exceptions.FieldError: Unknown field(s) (username, password) specified for Client

During handling of the above exception, another exception occurred:

Traceback (most recent call last):
  File "/Users/user/Desktop/igi/353505_Chuiko_26/IGI/LR5/Agency/venv/lib/python3.13/site-packages/django/core/handlers/exception.py", line 55, in inner
    response = get_response(request)
  File "/Users/user/Desktop/igi/353505_Chuiko_26/IGI/LR5/Agency/venv/lib/python3.13/site-packages/django/core/handlers/base.py", line 197, in _get_response
    response = wrapped_callback(request, *callback_args, **callback_kwargs)
  File "/Users/user/Desktop/igi/353505_Chuiko_26/IGI/LR5/Agency/venv/lib/python3.13/site-packages/django/contrib/admin/options.py", line 719, in wrapper
    return self.admin_site.admin_view(view)(*args, **kwargs)
           ~~~~~~~~~~~~~~~~~~~~~~~~~~~~~~~~^^^^^^^^^^^^^^^^^
  File "/Users/user/Desktop/igi/353505_Chuiko_26/IGI/LR5/Agency/venv/lib/python3.13/site-packages/django/utils/decorators.py", line 192, in _view_wrapper
    result = _process_exception(request, e)
  File "/Users/user/Desktop/igi/353505_Chuiko_26/IGI/LR5/Agency/venv/lib/python3.13/site-packages/django/utils/decorators.py", line 190, in _view_wrapper
    response = view_func(request, *args, **kwargs)
  File "/Users/user/Desktop/igi/353505_Chuiko_26/IGI/LR5/Agency/venv/lib/python3.13/site-packages/django/views/decorators/cache.py", line 80, in _view_wrapper
    response = view_func(request, *args, **kwargs)
  File "/Users/user/Desktop/igi/353505_Chuiko_26/IGI/LR5/Agency/venv/lib/python3.13/site-packages/django/contrib/admin/sites.py", line 246, in inner
    return view(request, *args, **kwargs)
  File "/Users/user/Desktop/igi/353505_Chuiko_26/IGI/LR5/Agency/venv/lib/python3.13/site-packages/django/contrib/admin/options.py", line 1987, in change_view
    return self.changeform_view(request, object_id, form_url, extra_context)
           ~~~~~~~~~~~~~~~~~~~~^^^^^^^^^^^^^^^^^^^^^^^^^^^^^^^^^^^^^^^^^^^^^
  File "/Users/user/Desktop/igi/353505_Chuiko_26/IGI/LR5/Agency/venv/lib/python3.13/site-packages/django/utils/decorators.py", line 48, in _wrapper
    return bound_method(*args, **kwargs)
  File "/Users/user/Desktop/igi/353505_Chuiko_26/IGI/LR5/Agency/venv/lib/python3.13/site-packages/django/utils/decorators.py", line 192, in _view_wrapper
    result = _process_exception(request, e)
  File "/Users/user/Desktop/igi/353505_Chuiko_26/IGI/LR5/Agency/venv/lib/python3.13/site-packages/django/utils/decorators.py", line 190, in _view_wrapper
    response = view_func(request, *args, **kwargs)
  File "/Users/user/Desktop/igi/353505_Chuiko_26/IGI/LR5/Agency/venv/lib/python3.13/site-packages/django/contrib/admin/options.py", line 1840, in changeform_view
    return self._changeform_view(request, object_id, form_url, extra_context)
           ~~~~~~~~~~~~~~~~~~~~~^^^^^^^^^^^^^^^^^^^^^^^^^^^^^^^^^^^^^^^^^^^^^
  File "/Users/user/Desktop/igi/353505_Chuiko_26/IGI/LR5/Agency/venv/lib/python3.13/site-packages/django/contrib/admin/options.py", line 1878, in _changeform_view
    ModelForm = self.get_form(
        request, obj, change=not add, fields=flatten_fieldsets(fieldsets)
    )
  File "/Users/user/Desktop/igi/353505_Chuiko_26/IGI/LR5/Agency/venv/lib/python3.13/site-packages/django/contrib/admin/options.py", line 842, in get_form
    raise FieldError(
    ...<2 lines>...
    )
django.core.exceptions.FieldError: Unknown field(s) (username, password) specified for Client. Check fields/fieldsets/exclude attributes of class ClientAdmin.
ERROR 2025-05-27 21:41:01,914 basehttp "GET /admin/estateAgency/client/2/change/ HTTP/1.1" 500 145066
INFO 2025-05-27 21:41:03,248 basehttp "GET /admin/estateAgency/client/ HTTP/1.1" 200 17757
INFO 2025-05-27 21:41:04,259 basehttp "GET /admin/estateAgency/client/ HTTP/1.1" 200 17757
INFO 2025-05-27 21:41:04,273 basehttp "GET /admin/jsi18n/ HTTP/1.1" 200 3342
ERROR 2025-05-27 21:41:06,065 log Internal Server Error: /admin/estateAgency/client/2/change/
Traceback (most recent call last):
  File "/Users/user/Desktop/igi/353505_Chuiko_26/IGI/LR5/Agency/venv/lib/python3.13/site-packages/django/contrib/admin/options.py", line 840, in get_form
    return modelform_factory(self.model, **defaults)
  File "/Users/user/Desktop/igi/353505_Chuiko_26/IGI/LR5/Agency/venv/lib/python3.13/site-packages/django/forms/models.py", line 654, in modelform_factory
    return type(form)(class_name, (form,), form_class_attrs)
           ~~~~~~~~~~^^^^^^^^^^^^^^^^^^^^^^^^^^^^^^^^^^^^^^^
  File "/Users/user/Desktop/igi/353505_Chuiko_26/IGI/LR5/Agency/venv/lib/python3.13/site-packages/django/forms/models.py", line 334, in __new__
    raise FieldError(message)
django.core.exceptions.FieldError: Unknown field(s) (username, password) specified for Client

During handling of the above exception, another exception occurred:

Traceback (most recent call last):
  File "/Users/user/Desktop/igi/353505_Chuiko_26/IGI/LR5/Agency/venv/lib/python3.13/site-packages/django/core/handlers/exception.py", line 55, in inner
    response = get_response(request)
  File "/Users/user/Desktop/igi/353505_Chuiko_26/IGI/LR5/Agency/venv/lib/python3.13/site-packages/django/core/handlers/base.py", line 197, in _get_response
    response = wrapped_callback(request, *callback_args, **callback_kwargs)
  File "/Users/user/Desktop/igi/353505_Chuiko_26/IGI/LR5/Agency/venv/lib/python3.13/site-packages/django/contrib/admin/options.py", line 719, in wrapper
    return self.admin_site.admin_view(view)(*args, **kwargs)
           ~~~~~~~~~~~~~~~~~~~~~~~~~~~~~~~~^^^^^^^^^^^^^^^^^
  File "/Users/user/Desktop/igi/353505_Chuiko_26/IGI/LR5/Agency/venv/lib/python3.13/site-packages/django/utils/decorators.py", line 192, in _view_wrapper
    result = _process_exception(request, e)
  File "/Users/user/Desktop/igi/353505_Chuiko_26/IGI/LR5/Agency/venv/lib/python3.13/site-packages/django/utils/decorators.py", line 190, in _view_wrapper
    response = view_func(request, *args, **kwargs)
  File "/Users/user/Desktop/igi/353505_Chuiko_26/IGI/LR5/Agency/venv/lib/python3.13/site-packages/django/views/decorators/cache.py", line 80, in _view_wrapper
    response = view_func(request, *args, **kwargs)
  File "/Users/user/Desktop/igi/353505_Chuiko_26/IGI/LR5/Agency/venv/lib/python3.13/site-packages/django/contrib/admin/sites.py", line 246, in inner
    return view(request, *args, **kwargs)
  File "/Users/user/Desktop/igi/353505_Chuiko_26/IGI/LR5/Agency/venv/lib/python3.13/site-packages/django/contrib/admin/options.py", line 1987, in change_view
    return self.changeform_view(request, object_id, form_url, extra_context)
           ~~~~~~~~~~~~~~~~~~~~^^^^^^^^^^^^^^^^^^^^^^^^^^^^^^^^^^^^^^^^^^^^^
  File "/Users/user/Desktop/igi/353505_Chuiko_26/IGI/LR5/Agency/venv/lib/python3.13/site-packages/django/utils/decorators.py", line 48, in _wrapper
    return bound_method(*args, **kwargs)
  File "/Users/user/Desktop/igi/353505_Chuiko_26/IGI/LR5/Agency/venv/lib/python3.13/site-packages/django/utils/decorators.py", line 192, in _view_wrapper
    result = _process_exception(request, e)
  File "/Users/user/Desktop/igi/353505_Chuiko_26/IGI/LR5/Agency/venv/lib/python3.13/site-packages/django/utils/decorators.py", line 190, in _view_wrapper
    response = view_func(request, *args, **kwargs)
  File "/Users/user/Desktop/igi/353505_Chuiko_26/IGI/LR5/Agency/venv/lib/python3.13/site-packages/django/contrib/admin/options.py", line 1840, in changeform_view
    return self._changeform_view(request, object_id, form_url, extra_context)
           ~~~~~~~~~~~~~~~~~~~~~^^^^^^^^^^^^^^^^^^^^^^^^^^^^^^^^^^^^^^^^^^^^^
  File "/Users/user/Desktop/igi/353505_Chuiko_26/IGI/LR5/Agency/venv/lib/python3.13/site-packages/django/contrib/admin/options.py", line 1878, in _changeform_view
    ModelForm = self.get_form(
        request, obj, change=not add, fields=flatten_fieldsets(fieldsets)
    )
  File "/Users/user/Desktop/igi/353505_Chuiko_26/IGI/LR5/Agency/venv/lib/python3.13/site-packages/django/contrib/admin/options.py", line 842, in get_form
    raise FieldError(
    ...<2 lines>...
    )
django.core.exceptions.FieldError: Unknown field(s) (username, password) specified for Client. Check fields/fieldsets/exclude attributes of class ClientAdmin.
ERROR 2025-05-27 21:41:06,066 basehttp "GET /admin/estateAgency/client/2/change/ HTTP/1.1" 500 144929
INFO 2025-05-27 21:41:07,713 basehttp "GET /admin/estateAgency/client/ HTTP/1.1" 200 17757
INFO 2025-05-27 21:41:08,327 basehttp "GET /admin/estateAgency/client/ HTTP/1.1" 200 17757
INFO 2025-05-27 21:41:08,341 basehttp "GET /admin/jsi18n/ HTTP/1.1" 200 3342
ERROR 2025-05-27 21:41:10,027 log Internal Server Error: /admin/estateAgency/client/1/change/
Traceback (most recent call last):
  File "/Users/user/Desktop/igi/353505_Chuiko_26/IGI/LR5/Agency/venv/lib/python3.13/site-packages/django/contrib/admin/options.py", line 840, in get_form
    return modelform_factory(self.model, **defaults)
  File "/Users/user/Desktop/igi/353505_Chuiko_26/IGI/LR5/Agency/venv/lib/python3.13/site-packages/django/forms/models.py", line 654, in modelform_factory
    return type(form)(class_name, (form,), form_class_attrs)
           ~~~~~~~~~~^^^^^^^^^^^^^^^^^^^^^^^^^^^^^^^^^^^^^^^
  File "/Users/user/Desktop/igi/353505_Chuiko_26/IGI/LR5/Agency/venv/lib/python3.13/site-packages/django/forms/models.py", line 334, in __new__
    raise FieldError(message)
django.core.exceptions.FieldError: Unknown field(s) (username, password) specified for Client

During handling of the above exception, another exception occurred:

Traceback (most recent call last):
  File "/Users/user/Desktop/igi/353505_Chuiko_26/IGI/LR5/Agency/venv/lib/python3.13/site-packages/django/core/handlers/exception.py", line 55, in inner
    response = get_response(request)
  File "/Users/user/Desktop/igi/353505_Chuiko_26/IGI/LR5/Agency/venv/lib/python3.13/site-packages/django/core/handlers/base.py", line 197, in _get_response
    response = wrapped_callback(request, *callback_args, **callback_kwargs)
  File "/Users/user/Desktop/igi/353505_Chuiko_26/IGI/LR5/Agency/venv/lib/python3.13/site-packages/django/contrib/admin/options.py", line 719, in wrapper
    return self.admin_site.admin_view(view)(*args, **kwargs)
           ~~~~~~~~~~~~~~~~~~~~~~~~~~~~~~~~^^^^^^^^^^^^^^^^^
  File "/Users/user/Desktop/igi/353505_Chuiko_26/IGI/LR5/Agency/venv/lib/python3.13/site-packages/django/utils/decorators.py", line 192, in _view_wrapper
    result = _process_exception(request, e)
  File "/Users/user/Desktop/igi/353505_Chuiko_26/IGI/LR5/Agency/venv/lib/python3.13/site-packages/django/utils/decorators.py", line 190, in _view_wrapper
    response = view_func(request, *args, **kwargs)
  File "/Users/user/Desktop/igi/353505_Chuiko_26/IGI/LR5/Agency/venv/lib/python3.13/site-packages/django/views/decorators/cache.py", line 80, in _view_wrapper
    response = view_func(request, *args, **kwargs)
  File "/Users/user/Desktop/igi/353505_Chuiko_26/IGI/LR5/Agency/venv/lib/python3.13/site-packages/django/contrib/admin/sites.py", line 246, in inner
    return view(request, *args, **kwargs)
  File "/Users/user/Desktop/igi/353505_Chuiko_26/IGI/LR5/Agency/venv/lib/python3.13/site-packages/django/contrib/admin/options.py", line 1987, in change_view
    return self.changeform_view(request, object_id, form_url, extra_context)
           ~~~~~~~~~~~~~~~~~~~~^^^^^^^^^^^^^^^^^^^^^^^^^^^^^^^^^^^^^^^^^^^^^
  File "/Users/user/Desktop/igi/353505_Chuiko_26/IGI/LR5/Agency/venv/lib/python3.13/site-packages/django/utils/decorators.py", line 48, in _wrapper
    return bound_method(*args, **kwargs)
  File "/Users/user/Desktop/igi/353505_Chuiko_26/IGI/LR5/Agency/venv/lib/python3.13/site-packages/django/utils/decorators.py", line 192, in _view_wrapper
    result = _process_exception(request, e)
  File "/Users/user/Desktop/igi/353505_Chuiko_26/IGI/LR5/Agency/venv/lib/python3.13/site-packages/django/utils/decorators.py", line 190, in _view_wrapper
    response = view_func(request, *args, **kwargs)
  File "/Users/user/Desktop/igi/353505_Chuiko_26/IGI/LR5/Agency/venv/lib/python3.13/site-packages/django/contrib/admin/options.py", line 1840, in changeform_view
    return self._changeform_view(request, object_id, form_url, extra_context)
           ~~~~~~~~~~~~~~~~~~~~~^^^^^^^^^^^^^^^^^^^^^^^^^^^^^^^^^^^^^^^^^^^^^
  File "/Users/user/Desktop/igi/353505_Chuiko_26/IGI/LR5/Agency/venv/lib/python3.13/site-packages/django/contrib/admin/options.py", line 1878, in _changeform_view
    ModelForm = self.get_form(
        request, obj, change=not add, fields=flatten_fieldsets(fieldsets)
    )
  File "/Users/user/Desktop/igi/353505_Chuiko_26/IGI/LR5/Agency/venv/lib/python3.13/site-packages/django/contrib/admin/options.py", line 842, in get_form
    raise FieldError(
    ...<2 lines>...
    )
django.core.exceptions.FieldError: Unknown field(s) (username, password) specified for Client. Check fields/fieldsets/exclude attributes of class ClientAdmin.
ERROR 2025-05-27 21:41:10,028 basehttp "GET /admin/estateAgency/client/1/change/ HTTP/1.1" 500 144941
INFO 2025-05-27 21:41:13,954 basehttp "GET /admin/estateAgency/client/ HTTP/1.1" 200 17757
INFO 2025-05-27 21:41:27,188 autoreload /Users/user/Desktop/igi/353505_Chuiko_26/IGI/LR5/Agency/estateAgency/admin.py changed, reloading.
INFO 2025-05-27 21:41:27,517 autoreload Watching for file changes with StatReloader
INFO 2025-05-27 21:41:28,802 basehttp "GET /admin/estateAgency/client/2/change/ HTTP/1.1" 200 18248
INFO 2025-05-27 21:41:28,816 basehttp "GET /admin/jsi18n/ HTTP/1.1" 200 3342
INFO 2025-05-27 21:41:31,733 basehttp "GET /admin/estateAgency/client/ HTTP/1.1" 200 17757
INFO 2025-05-27 21:41:32,894 basehttp "GET /admin/estateAgency/client/2/change/ HTTP/1.1" 200 18248
INFO 2025-05-27 21:41:32,909 basehttp "GET /admin/jsi18n/ HTTP/1.1" 200 3342
ERROR 2025-05-27 21:41:47,275 log Internal Server Error: /admin/estateAgency/client/2/change/
Traceback (most recent call last):
  File "/Users/user/Desktop/igi/353505_Chuiko_26/IGI/LR5/Agency/venv/lib/python3.13/site-packages/django/core/handlers/exception.py", line 55, in inner
    response = get_response(request)
  File "/Users/user/Desktop/igi/353505_Chuiko_26/IGI/LR5/Agency/venv/lib/python3.13/site-packages/django/core/handlers/base.py", line 197, in _get_response
    response = wrapped_callback(request, *callback_args, **callback_kwargs)
  File "/Users/user/Desktop/igi/353505_Chuiko_26/IGI/LR5/Agency/venv/lib/python3.13/site-packages/django/contrib/admin/options.py", line 719, in wrapper
    return self.admin_site.admin_view(view)(*args, **kwargs)
           ~~~~~~~~~~~~~~~~~~~~~~~~~~~~~~~~^^^^^^^^^^^^^^^^^
  File "/Users/user/Desktop/igi/353505_Chuiko_26/IGI/LR5/Agency/venv/lib/python3.13/site-packages/django/utils/decorators.py", line 192, in _view_wrapper
    result = _process_exception(request, e)
  File "/Users/user/Desktop/igi/353505_Chuiko_26/IGI/LR5/Agency/venv/lib/python3.13/site-packages/django/utils/decorators.py", line 190, in _view_wrapper
    response = view_func(request, *args, **kwargs)
  File "/Users/user/Desktop/igi/353505_Chuiko_26/IGI/LR5/Agency/venv/lib/python3.13/site-packages/django/views/decorators/cache.py", line 80, in _view_wrapper
    response = view_func(request, *args, **kwargs)
  File "/Users/user/Desktop/igi/353505_Chuiko_26/IGI/LR5/Agency/venv/lib/python3.13/site-packages/django/contrib/admin/sites.py", line 246, in inner
    return view(request, *args, **kwargs)
  File "/Users/user/Desktop/igi/353505_Chuiko_26/IGI/LR5/Agency/venv/lib/python3.13/site-packages/django/contrib/admin/options.py", line 1987, in change_view
    return self.changeform_view(request, object_id, form_url, extra_context)
           ~~~~~~~~~~~~~~~~~~~~^^^^^^^^^^^^^^^^^^^^^^^^^^^^^^^^^^^^^^^^^^^^^
  File "/Users/user/Desktop/igi/353505_Chuiko_26/IGI/LR5/Agency/venv/lib/python3.13/site-packages/django/utils/decorators.py", line 48, in _wrapper
    return bound_method(*args, **kwargs)
  File "/Users/user/Desktop/igi/353505_Chuiko_26/IGI/LR5/Agency/venv/lib/python3.13/site-packages/django/utils/decorators.py", line 192, in _view_wrapper
    result = _process_exception(request, e)
  File "/Users/user/Desktop/igi/353505_Chuiko_26/IGI/LR5/Agency/venv/lib/python3.13/site-packages/django/utils/decorators.py", line 190, in _view_wrapper
    response = view_func(request, *args, **kwargs)
  File "/Users/user/Desktop/igi/353505_Chuiko_26/IGI/LR5/Agency/venv/lib/python3.13/site-packages/django/contrib/admin/options.py", line 1843, in changeform_view
    return self._changeform_view(request, object_id, form_url, extra_context)
           ~~~~~~~~~~~~~~~~~~~~~^^^^^^^^^^^^^^^^^^^^^^^^^^^^^^^^^^^^^^^^^^^^^
  File "/Users/user/Desktop/igi/353505_Chuiko_26/IGI/LR5/Agency/venv/lib/python3.13/site-packages/django/contrib/admin/options.py", line 1890, in _changeform_view
    new_object = self.save_form(request, form, change=not add)
  File "/Users/user/Desktop/igi/353505_Chuiko_26/IGI/LR5/Agency/venv/lib/python3.13/site-packages/django/contrib/admin/options.py", line 1308, in save_form
    return form.save(commit=False)
           ~~~~~~~~~^^^^^^^^^^^^^^
  File "/Users/user/Desktop/igi/353505_Chuiko_26/IGI/LR5/Agency/estateAgency/forms.py", line 21, in save
    user = User.objects.create_user(
        first_name=self.cleaned_data['first_name'],
        last_name=self.cleaned_data['last_name'],
        email=self.cleaned_data['email'],
    )
TypeError: UserManager.create_user() missing 1 required positional argument: 'username'
ERROR 2025-05-27 21:41:47,276 basehttp "POST /admin/estateAgency/client/2/change/ HTTP/1.1" 500 128467
INFO 2025-05-27 21:42:04,635 autoreload /Users/user/Desktop/igi/353505_Chuiko_26/IGI/LR5/Agency/estateAgency/forms.py changed, reloading.
INFO 2025-05-27 21:42:04,974 autoreload Watching for file changes with StatReloader
INFO 2025-05-27 21:42:09,430 autoreload /Users/user/Desktop/igi/353505_Chuiko_26/IGI/LR5/Agency/estateAgency/forms.py changed, reloading.
INFO 2025-05-27 21:42:09,637 autoreload Watching for file changes with StatReloader
INFO 2025-05-27 21:42:16,085 autoreload /Users/user/Desktop/igi/353505_Chuiko_26/IGI/LR5/Agency/estateAgency/forms.py changed, reloading.
INFO 2025-05-27 21:42:16,306 autoreload Watching for file changes with StatReloader
INFO 2025-05-27 21:42:17,639 autoreload /Users/user/Desktop/igi/353505_Chuiko_26/IGI/LR5/Agency/estateAgency/forms.py changed, reloading.
INFO 2025-05-27 21:42:17,854 autoreload Watching for file changes with StatReloader
INFO 2025-05-27 21:42:19,190 autoreload /Users/user/Desktop/igi/353505_Chuiko_26/IGI/LR5/Agency/estateAgency/forms.py changed, reloading.
INFO 2025-05-27 21:42:19,401 autoreload Watching for file changes with StatReloader
INFO 2025-05-27 21:42:23,755 autoreload /Users/user/Desktop/igi/353505_Chuiko_26/IGI/LR5/Agency/estateAgency/forms.py changed, reloading.
INFO 2025-05-27 21:42:23,996 autoreload Watching for file changes with StatReloader
INFO 2025-05-27 21:42:25,047 basehttp "GET /admin/estateAgency/client/2/change/ HTTP/1.1" 200 18248
INFO 2025-05-27 21:42:25,542 basehttp "GET /admin/estateAgency/client/2/change/ HTTP/1.1" 200 18248
INFO 2025-05-27 21:42:25,553 basehttp "GET /admin/jsi18n/ HTTP/1.1" 200 3342
INFO 2025-05-27 21:42:28,477 basehttp "GET /admin/estateAgency/client/ HTTP/1.1" 200 17757
INFO 2025-05-27 21:42:30,309 basehttp "GET /admin/estateAgency/client/2/change/ HTTP/1.1" 200 18248
INFO 2025-05-27 21:42:30,326 basehttp "GET /admin/jsi18n/ HTTP/1.1" 200 3342
ERROR 2025-05-27 21:42:43,168 log Internal Server Error: /admin/estateAgency/client/2/change/
Traceback (most recent call last):
  File "/Users/user/Desktop/igi/353505_Chuiko_26/IGI/LR5/Agency/venv/lib/python3.13/site-packages/django/db/backends/utils.py", line 105, in _execute
    return self.cursor.execute(sql, params)
           ~~~~~~~~~~~~~~~~~~~^^^^^^^^^^^^^
  File "/Users/user/Desktop/igi/353505_Chuiko_26/IGI/LR5/Agency/venv/lib/python3.13/site-packages/django/db/backends/sqlite3/base.py", line 360, in execute
    return super().execute(query, params)
           ~~~~~~~~~~~~~~~^^^^^^^^^^^^^^^
sqlite3.IntegrityError: UNIQUE constraint failed: auth_user.username

The above exception was the direct cause of the following exception:

Traceback (most recent call last):
  File "/Users/user/Desktop/igi/353505_Chuiko_26/IGI/LR5/Agency/venv/lib/python3.13/site-packages/django/core/handlers/exception.py", line 55, in inner
    response = get_response(request)
  File "/Users/user/Desktop/igi/353505_Chuiko_26/IGI/LR5/Agency/venv/lib/python3.13/site-packages/django/core/handlers/base.py", line 197, in _get_response
    response = wrapped_callback(request, *callback_args, **callback_kwargs)
  File "/Users/user/Desktop/igi/353505_Chuiko_26/IGI/LR5/Agency/venv/lib/python3.13/site-packages/django/contrib/admin/options.py", line 719, in wrapper
    return self.admin_site.admin_view(view)(*args, **kwargs)
           ~~~~~~~~~~~~~~~~~~~~~~~~~~~~~~~~^^^^^^^^^^^^^^^^^
  File "/Users/user/Desktop/igi/353505_Chuiko_26/IGI/LR5/Agency/venv/lib/python3.13/site-packages/django/utils/decorators.py", line 192, in _view_wrapper
    result = _process_exception(request, e)
  File "/Users/user/Desktop/igi/353505_Chuiko_26/IGI/LR5/Agency/venv/lib/python3.13/site-packages/django/utils/decorators.py", line 190, in _view_wrapper
    response = view_func(request, *args, **kwargs)
  File "/Users/user/Desktop/igi/353505_Chuiko_26/IGI/LR5/Agency/venv/lib/python3.13/site-packages/django/views/decorators/cache.py", line 80, in _view_wrapper
    response = view_func(request, *args, **kwargs)
  File "/Users/user/Desktop/igi/353505_Chuiko_26/IGI/LR5/Agency/venv/lib/python3.13/site-packages/django/contrib/admin/sites.py", line 246, in inner
    return view(request, *args, **kwargs)
  File "/Users/user/Desktop/igi/353505_Chuiko_26/IGI/LR5/Agency/venv/lib/python3.13/site-packages/django/contrib/admin/options.py", line 1987, in change_view
    return self.changeform_view(request, object_id, form_url, extra_context)
           ~~~~~~~~~~~~~~~~~~~~^^^^^^^^^^^^^^^^^^^^^^^^^^^^^^^^^^^^^^^^^^^^^
  File "/Users/user/Desktop/igi/353505_Chuiko_26/IGI/LR5/Agency/venv/lib/python3.13/site-packages/django/utils/decorators.py", line 48, in _wrapper
    return bound_method(*args, **kwargs)
  File "/Users/user/Desktop/igi/353505_Chuiko_26/IGI/LR5/Agency/venv/lib/python3.13/site-packages/django/utils/decorators.py", line 192, in _view_wrapper
    result = _process_exception(request, e)
  File "/Users/user/Desktop/igi/353505_Chuiko_26/IGI/LR5/Agency/venv/lib/python3.13/site-packages/django/utils/decorators.py", line 190, in _view_wrapper
    response = view_func(request, *args, **kwargs)
  File "/Users/user/Desktop/igi/353505_Chuiko_26/IGI/LR5/Agency/venv/lib/python3.13/site-packages/django/contrib/admin/options.py", line 1843, in changeform_view
    return self._changeform_view(request, object_id, form_url, extra_context)
           ~~~~~~~~~~~~~~~~~~~~~^^^^^^^^^^^^^^^^^^^^^^^^^^^^^^^^^^^^^^^^^^^^^
  File "/Users/user/Desktop/igi/353505_Chuiko_26/IGI/LR5/Agency/venv/lib/python3.13/site-packages/django/contrib/admin/options.py", line 1890, in _changeform_view
    new_object = self.save_form(request, form, change=not add)
  File "/Users/user/Desktop/igi/353505_Chuiko_26/IGI/LR5/Agency/venv/lib/python3.13/site-packages/django/contrib/admin/options.py", line 1308, in save_form
    return form.save(commit=False)
           ~~~~~~~~~^^^^^^^^^^^^^^
  File "/Users/user/Desktop/igi/353505_Chuiko_26/IGI/LR5/Agency/estateAgency/forms.py", line 21, in save
    user = User.objects.create_user(
        username='admin',
    ...<3 lines>...
        email=self.cleaned_data['email'],
    )
  File "/Users/user/Desktop/igi/353505_Chuiko_26/IGI/LR5/Agency/venv/lib/python3.13/site-packages/django/contrib/auth/models.py", line 175, in create_user
    return self._create_user(username, email, password, **extra_fields)
           ~~~~~~~~~~~~~~~~~^^^^^^^^^^^^^^^^^^^^^^^^^^^^^^^^^^^^^^^^^^^
  File "/Users/user/Desktop/igi/353505_Chuiko_26/IGI/LR5/Agency/venv/lib/python3.13/site-packages/django/contrib/auth/models.py", line 163, in _create_user
    user.save(using=self._db)
    ~~~~~~~~~^^^^^^^^^^^^^^^^
  File "/Users/user/Desktop/igi/353505_Chuiko_26/IGI/LR5/Agency/venv/lib/python3.13/site-packages/django/contrib/auth/base_user.py", line 65, in save
    super().save(*args, **kwargs)
    ~~~~~~~~~~~~^^^^^^^^^^^^^^^^^
  File "/Users/user/Desktop/igi/353505_Chuiko_26/IGI/LR5/Agency/venv/lib/python3.13/site-packages/django/db/models/base.py", line 902, in save
    self.save_base(
    ~~~~~~~~~~~~~~^
        using=using,
        ^^^^^^^^^^^^
    ...<2 lines>...
        update_fields=update_fields,
        ^^^^^^^^^^^^^^^^^^^^^^^^^^^^
    )
    ^
  File "/Users/user/Desktop/igi/353505_Chuiko_26/IGI/LR5/Agency/venv/lib/python3.13/site-packages/django/db/models/base.py", line 1008, in save_base
    updated = self._save_table(
        raw,
    ...<4 lines>...
        update_fields,
    )
  File "/Users/user/Desktop/igi/353505_Chuiko_26/IGI/LR5/Agency/venv/lib/python3.13/site-packages/django/db/models/base.py", line 1169, in _save_table
    results = self._do_insert(
        cls._base_manager, using, fields, returning_fields, raw
    )
  File "/Users/user/Desktop/igi/353505_Chuiko_26/IGI/LR5/Agency/venv/lib/python3.13/site-packages/django/db/models/base.py", line 1210, in _do_insert
    return manager._insert(
           ~~~~~~~~~~~~~~~^
        [self],
        ^^^^^^^
    ...<3 lines>...
        raw=raw,
        ^^^^^^^^
    )
    ^
  File "/Users/user/Desktop/igi/353505_Chuiko_26/IGI/LR5/Agency/venv/lib/python3.13/site-packages/django/db/models/manager.py", line 87, in manager_method
    return getattr(self.get_queryset(), name)(*args, **kwargs)
           ~~~~~~~~~~~~~~~~~~~~~~~~~~~~~~~~~~^^^^^^^^^^^^^^^^^
  File "/Users/user/Desktop/igi/353505_Chuiko_26/IGI/LR5/Agency/venv/lib/python3.13/site-packages/django/db/models/query.py", line 1864, in _insert
    return query.get_compiler(using=using).execute_sql(returning_fields)
           ~~~~~~~~~~~~~~~~~~~~~~~~~~~~~~~~~~~~~~~~~~~^^^^^^^^^^^^^^^^^^
  File "/Users/user/Desktop/igi/353505_Chuiko_26/IGI/LR5/Agency/venv/lib/python3.13/site-packages/django/db/models/sql/compiler.py", line 1882, in execute_sql
    cursor.execute(sql, params)
    ~~~~~~~~~~~~~~^^^^^^^^^^^^^
  File "/Users/user/Desktop/igi/353505_Chuiko_26/IGI/LR5/Agency/venv/lib/python3.13/site-packages/django/db/backends/utils.py", line 122, in execute
    return super().execute(sql, params)
           ~~~~~~~~~~~~~~~^^^^^^^^^^^^^
  File "/Users/user/Desktop/igi/353505_Chuiko_26/IGI/LR5/Agency/venv/lib/python3.13/site-packages/django/db/backends/utils.py", line 79, in execute
    return self._execute_with_wrappers(
           ~~~~~~~~~~~~~~~~~~~~~~~~~~~^
        sql, params, many=False, executor=self._execute
        ^^^^^^^^^^^^^^^^^^^^^^^^^^^^^^^^^^^^^^^^^^^^^^^
    )
    ^
  File "/Users/user/Desktop/igi/353505_Chuiko_26/IGI/LR5/Agency/venv/lib/python3.13/site-packages/django/db/backends/utils.py", line 92, in _execute_with_wrappers
    return executor(sql, params, many, context)
  File "/Users/user/Desktop/igi/353505_Chuiko_26/IGI/LR5/Agency/venv/lib/python3.13/site-packages/django/db/backends/utils.py", line 100, in _execute
    with self.db.wrap_database_errors:
         ^^^^^^^^^^^^^^^^^^^^^^^^^^^^
  File "/Users/user/Desktop/igi/353505_Chuiko_26/IGI/LR5/Agency/venv/lib/python3.13/site-packages/django/db/utils.py", line 91, in __exit__
    raise dj_exc_value.with_traceback(traceback) from exc_value
  File "/Users/user/Desktop/igi/353505_Chuiko_26/IGI/LR5/Agency/venv/lib/python3.13/site-packages/django/db/backends/utils.py", line 105, in _execute
    return self.cursor.execute(sql, params)
           ~~~~~~~~~~~~~~~~~~~^^^^^^^^^^^^^
  File "/Users/user/Desktop/igi/353505_Chuiko_26/IGI/LR5/Agency/venv/lib/python3.13/site-packages/django/db/backends/sqlite3/base.py", line 360, in execute
    return super().execute(query, params)
           ~~~~~~~~~~~~~~~^^^^^^^^^^^^^^^
django.db.utils.IntegrityError: UNIQUE constraint failed: auth_user.username
ERROR 2025-05-27 21:42:43,172 basehttp "POST /admin/estateAgency/client/2/change/ HTTP/1.1" 500 228397
INFO 2025-05-27 21:43:47,024 autoreload /Users/user/Desktop/igi/353505_Chuiko_26/IGI/LR5/Agency/estateAgency/forms.py changed, reloading.
INFO 2025-05-27 21:43:47,360 autoreload Watching for file changes with StatReloader
INFO 2025-05-27 21:43:50,602 autoreload /Users/user/Desktop/igi/353505_Chuiko_26/IGI/LR5/Agency/estateAgency/forms.py changed, reloading.
INFO 2025-05-27 21:43:50,800 autoreload Watching for file changes with StatReloader
INFO 2025-05-27 21:43:56,037 autoreload /Users/user/Desktop/igi/353505_Chuiko_26/IGI/LR5/Agency/estateAgency/forms.py changed, reloading.
INFO 2025-05-27 21:43:56,254 autoreload Watching for file changes with StatReloader
INFO 2025-05-27 21:43:59,756 autoreload /Users/user/Desktop/igi/353505_Chuiko_26/IGI/LR5/Agency/estateAgency/forms.py changed, reloading.
INFO 2025-05-27 21:43:59,965 autoreload Watching for file changes with StatReloader
INFO 2025-05-27 21:44:02,299 autoreload /Users/user/Desktop/igi/353505_Chuiko_26/IGI/LR5/Agency/estateAgency/forms.py changed, reloading.
INFO 2025-05-27 21:44:02,521 autoreload Watching for file changes with StatReloader
INFO 2025-05-27 21:44:22,156 autoreload /Users/user/Desktop/igi/353505_Chuiko_26/IGI/LR5/Agency/estateAgency/forms.py changed, reloading.
INFO 2025-05-27 21:44:22,475 autoreload Watching for file changes with StatReloader
INFO 2025-05-27 21:44:24,894 autoreload /Users/user/Desktop/igi/353505_Chuiko_26/IGI/LR5/Agency/estateAgency/forms.py changed, reloading.
INFO 2025-05-27 21:44:25,108 autoreload Watching for file changes with StatReloader
INFO 2025-05-27 21:44:26,450 autoreload /Users/user/Desktop/igi/353505_Chuiko_26/IGI/LR5/Agency/estateAgency/forms.py changed, reloading.
INFO 2025-05-27 21:44:26,654 autoreload Watching for file changes with StatReloader
INFO 2025-05-27 21:44:28,855 autoreload /Users/user/Desktop/igi/353505_Chuiko_26/IGI/LR5/Agency/estateAgency/forms.py changed, reloading.
INFO 2025-05-27 21:44:29,064 autoreload Watching for file changes with StatReloader
INFO 2025-05-27 21:44:39,404 basehttp "GET /admin/estateAgency/client/2/change/ HTTP/1.1" 200 18248
INFO 2025-05-27 21:44:41,796 basehttp "POST /admin/estateAgency/client/2/change/ HTTP/1.1" 302 0
INFO 2025-05-27 21:44:41,811 basehttp "GET /admin/estateAgency/client/ HTTP/1.1" 200 17978
INFO 2025-05-27 21:44:41,832 basehttp "GET /admin/jsi18n/ HTTP/1.1" 200 3342
INFO 2025-05-27 21:50:49,125 basehttp "GET /admin/estateAgency/companyinfo/ HTTP/1.1" 200 14148
INFO 2025-05-27 21:50:49,149 basehttp "GET /admin/jsi18n/ HTTP/1.1" 200 3342
INFO 2025-05-27 21:50:49,889 basehttp "GET /admin/estateAgency/deal/ HTTP/1.1" 200 15429
INFO 2025-05-27 21:50:49,906 basehttp "GET /admin/jsi18n/ HTTP/1.1" 200 3342
INFO 2025-05-27 21:50:50,810 basehttp "GET /admin/estateAgency/employee/ HTTP/1.1" 200 15311
INFO 2025-05-27 21:50:50,823 basehttp "GET /admin/jsi18n/ HTTP/1.1" 200 3342
INFO 2025-05-27 21:50:51,455 basehttp "GET /admin/estateAgency/glossaryentry/ HTTP/1.1" 200 14202
INFO 2025-05-27 21:50:51,467 basehttp "GET /admin/jsi18n/ HTTP/1.1" 200 3342
INFO 2025-05-27 21:50:52,070 basehttp "GET /admin/estateAgency/news/ HTTP/1.1" 200 16040
INFO 2025-05-27 21:50:52,083 basehttp "GET /admin/jsi18n/ HTTP/1.1" 200 3342
INFO 2025-05-27 21:50:53,101 basehttp "GET /admin/estateAgency/client/ HTTP/1.1" 200 17765
INFO 2025-05-27 21:50:53,119 basehttp "GET /admin/jsi18n/ HTTP/1.1" 200 3342
INFO 2025-05-27 21:50:53,707 basehttp "GET /admin/estateAgency/companyinfo/ HTTP/1.1" 200 14148
INFO 2025-05-27 21:50:53,723 basehttp "GET /admin/jsi18n/ HTTP/1.1" 200 3342
INFO 2025-05-27 21:50:54,305 basehttp "GET /admin/estateAgency/client/ HTTP/1.1" 200 17765
INFO 2025-05-27 21:50:54,322 basehttp "GET /admin/jsi18n/ HTTP/1.1" 200 3342
INFO 2025-05-27 21:50:57,075 basehttp "GET /admin/estateAgency/owner/ HTTP/1.1" 200 14101
INFO 2025-05-27 21:50:57,092 basehttp "GET /admin/jsi18n/ HTTP/1.1" 200 3342
INFO 2025-05-27 21:50:59,097 basehttp "GET /admin/estateAgency/owner/add/ HTTP/1.1" 200 17264
INFO 2025-05-27 21:50:59,112 basehttp "GET /admin/jsi18n/ HTTP/1.1" 200 3342
INFO 2025-05-27 21:51:04,800 basehttp "GET /admin/estateAgency/property/add/?_to_field=id&_popup=1 HTTP/1.1" 200 12837
INFO 2025-05-27 21:51:04,819 basehttp "GET /admin/jsi18n/ HTTP/1.1" 200 3342
INFO 2025-05-27 21:51:12,277 basehttp "GET /admin/estateAgency/property/ HTTP/1.1" 200 15768
INFO 2025-05-27 21:51:12,297 basehttp "GET /admin/jsi18n/ HTTP/1.1" 200 3342
INFO 2025-05-27 21:51:13,077 basehttp "GET /admin/estateAgency/propertytype/ HTTP/1.1" 200 16182
INFO 2025-05-27 21:51:13,094 basehttp "GET /admin/jsi18n/ HTTP/1.1" 200 3342
INFO 2025-05-27 21:51:14,979 basehttp "GET /admin/estateAgency/promocode/ HTTP/1.1" 200 16251
INFO 2025-05-27 21:51:14,994 basehttp "GET /admin/jsi18n/ HTTP/1.1" 200 3342
INFO 2025-05-28 16:58:34,411 autoreload Watching for file changes with StatReloader
INFO 2025-05-28 16:58:44,184 basehttp "GET / HTTP/1.1" 200 2047
ERROR 2025-05-28 16:58:57,250 log Internal Server Error: /about/
Traceback (most recent call last):
  File "/Users/user/Desktop/igi/353505_Chuiko_26/IGI/LR5/Agency/venv/lib/python3.13/site-packages/django/template/backends/django.py", line 107, in render
    return self.template.render(context)
           ~~~~~~~~~~~~~~~~~~~~^^^^^^^^^
  File "/Users/user/Desktop/igi/353505_Chuiko_26/IGI/LR5/Agency/venv/lib/python3.13/site-packages/django/template/base.py", line 171, in render
    return self._render(context)
           ~~~~~~~~~~~~^^^^^^^^^
  File "/Users/user/Desktop/igi/353505_Chuiko_26/IGI/LR5/Agency/venv/lib/python3.13/site-packages/django/template/base.py", line 163, in _render
    return self.nodelist.render(context)
           ~~~~~~~~~~~~~~~~~~~~^^^^^^^^^
  File "/Users/user/Desktop/igi/353505_Chuiko_26/IGI/LR5/Agency/venv/lib/python3.13/site-packages/django/template/base.py", line 1016, in render
    return SafeString("".join([node.render_annotated(context) for node in self]))
                               ~~~~~~~~~~~~~~~~~~~~~^^^^^^^^^
  File "/Users/user/Desktop/igi/353505_Chuiko_26/IGI/LR5/Agency/venv/lib/python3.13/site-packages/django/template/base.py", line 977, in render_annotated
    return self.render(context)
           ~~~~~~~~~~~^^^^^^^^^
  File "/Users/user/Desktop/igi/353505_Chuiko_26/IGI/LR5/Agency/venv/lib/python3.13/site-packages/django/template/loader_tags.py", line 134, in render
    compiled_parent = self.get_parent(context)
  File "/Users/user/Desktop/igi/353505_Chuiko_26/IGI/LR5/Agency/venv/lib/python3.13/site-packages/django/template/loader_tags.py", line 131, in get_parent
    return self.find_template(parent, context)
           ~~~~~~~~~~~~~~~~~~^^^^^^^^^^^^^^^^^
  File "/Users/user/Desktop/igi/353505_Chuiko_26/IGI/LR5/Agency/venv/lib/python3.13/site-packages/django/template/loader_tags.py", line 109, in find_template
    template, origin = context.template.engine.find_template(
                       ~~~~~~~~~~~~~~~~~~~~~~~~~~~~~~~~~~~~~^
        template_name,
        ^^^^^^^^^^^^^^
        skip=history,
        ^^^^^^^^^^^^^
    )
    ^
  File "/Users/user/Desktop/igi/353505_Chuiko_26/IGI/LR5/Agency/venv/lib/python3.13/site-packages/django/template/engine.py", line 163, in find_template
    raise TemplateDoesNotExist(name, tried=tried)
django.template.exceptions.TemplateDoesNotExist: base_generic.html

The above exception was the direct cause of the following exception:

Traceback (most recent call last):
  File "/Users/user/Desktop/igi/353505_Chuiko_26/IGI/LR5/Agency/venv/lib/python3.13/site-packages/django/core/handlers/exception.py", line 55, in inner
    response = get_response(request)
  File "/Users/user/Desktop/igi/353505_Chuiko_26/IGI/LR5/Agency/venv/lib/python3.13/site-packages/django/core/handlers/base.py", line 197, in _get_response
    response = wrapped_callback(request, *callback_args, **callback_kwargs)
  File "/Users/user/Desktop/igi/353505_Chuiko_26/IGI/LR5/Agency/estateAgency/views.py", line 27, in about
    return render(request, 'about/about.html', {
        'company_info': company_info,
        'employees': employees
    })
  File "/Users/user/Desktop/igi/353505_Chuiko_26/IGI/LR5/Agency/venv/lib/python3.13/site-packages/django/shortcuts.py", line 25, in render
    content = loader.render_to_string(template_name, context, request, using=using)
  File "/Users/user/Desktop/igi/353505_Chuiko_26/IGI/LR5/Agency/venv/lib/python3.13/site-packages/django/template/loader.py", line 62, in render_to_string
    return template.render(context, request)
           ~~~~~~~~~~~~~~~^^^^^^^^^^^^^^^^^^
  File "/Users/user/Desktop/igi/353505_Chuiko_26/IGI/LR5/Agency/venv/lib/python3.13/site-packages/django/template/backends/django.py", line 109, in render
    reraise(exc, self.backend)
    ~~~~~~~^^^^^^^^^^^^^^^^^^^
  File "/Users/user/Desktop/igi/353505_Chuiko_26/IGI/LR5/Agency/venv/lib/python3.13/site-packages/django/template/backends/django.py", line 130, in reraise
    raise new from exc
django.template.exceptions.TemplateDoesNotExist: base_generic.html
ERROR 2025-05-28 16:58:57,253 basehttp "GET /about/ HTTP/1.1" 500 126769
INFO 2025-05-28 16:59:01,220 basehttp "GET /properties/ HTTP/1.1" 200 808
ERROR 2025-05-28 16:59:02,422 log Internal Server Error: /news/
Traceback (most recent call last):
  File "/Users/user/Desktop/igi/353505_Chuiko_26/IGI/LR5/Agency/venv/lib/python3.13/site-packages/django/template/backends/django.py", line 107, in render
    return self.template.render(context)
           ~~~~~~~~~~~~~~~~~~~~^^^^^^^^^
  File "/Users/user/Desktop/igi/353505_Chuiko_26/IGI/LR5/Agency/venv/lib/python3.13/site-packages/django/template/base.py", line 171, in render
    return self._render(context)
           ~~~~~~~~~~~~^^^^^^^^^
  File "/Users/user/Desktop/igi/353505_Chuiko_26/IGI/LR5/Agency/venv/lib/python3.13/site-packages/django/template/base.py", line 163, in _render
    return self.nodelist.render(context)
           ~~~~~~~~~~~~~~~~~~~~^^^^^^^^^
  File "/Users/user/Desktop/igi/353505_Chuiko_26/IGI/LR5/Agency/venv/lib/python3.13/site-packages/django/template/base.py", line 1016, in render
    return SafeString("".join([node.render_annotated(context) for node in self]))
                               ~~~~~~~~~~~~~~~~~~~~~^^^^^^^^^
  File "/Users/user/Desktop/igi/353505_Chuiko_26/IGI/LR5/Agency/venv/lib/python3.13/site-packages/django/template/base.py", line 977, in render_annotated
    return self.render(context)
           ~~~~~~~~~~~^^^^^^^^^
  File "/Users/user/Desktop/igi/353505_Chuiko_26/IGI/LR5/Agency/venv/lib/python3.13/site-packages/django/template/loader_tags.py", line 134, in render
    compiled_parent = self.get_parent(context)
  File "/Users/user/Desktop/igi/353505_Chuiko_26/IGI/LR5/Agency/venv/lib/python3.13/site-packages/django/template/loader_tags.py", line 131, in get_parent
    return self.find_template(parent, context)
           ~~~~~~~~~~~~~~~~~~^^^^^^^^^^^^^^^^^
  File "/Users/user/Desktop/igi/353505_Chuiko_26/IGI/LR5/Agency/venv/lib/python3.13/site-packages/django/template/loader_tags.py", line 109, in find_template
    template, origin = context.template.engine.find_template(
                       ~~~~~~~~~~~~~~~~~~~~~~~~~~~~~~~~~~~~~^
        template_name,
        ^^^^^^^^^^^^^^
        skip=history,
        ^^^^^^^^^^^^^
    )
    ^
  File "/Users/user/Desktop/igi/353505_Chuiko_26/IGI/LR5/Agency/venv/lib/python3.13/site-packages/django/template/engine.py", line 163, in find_template
    raise TemplateDoesNotExist(name, tried=tried)
django.template.exceptions.TemplateDoesNotExist: base_generic.html

The above exception was the direct cause of the following exception:

Traceback (most recent call last):
  File "/Users/user/Desktop/igi/353505_Chuiko_26/IGI/LR5/Agency/venv/lib/python3.13/site-packages/django/core/handlers/exception.py", line 55, in inner
    response = get_response(request)
  File "/Users/user/Desktop/igi/353505_Chuiko_26/IGI/LR5/Agency/venv/lib/python3.13/site-packages/django/core/handlers/base.py", line 197, in _get_response
    response = wrapped_callback(request, *callback_args, **callback_kwargs)
  File "/Users/user/Desktop/igi/353505_Chuiko_26/IGI/LR5/Agency/estateAgency/views.py", line 35, in news_list
    return render(request, 'news/news_list.html', {'news_items': news_items})
  File "/Users/user/Desktop/igi/353505_Chuiko_26/IGI/LR5/Agency/venv/lib/python3.13/site-packages/django/shortcuts.py", line 25, in render
    content = loader.render_to_string(template_name, context, request, using=using)
  File "/Users/user/Desktop/igi/353505_Chuiko_26/IGI/LR5/Agency/venv/lib/python3.13/site-packages/django/template/loader.py", line 62, in render_to_string
    return template.render(context, request)
           ~~~~~~~~~~~~~~~^^^^^^^^^^^^^^^^^^
  File "/Users/user/Desktop/igi/353505_Chuiko_26/IGI/LR5/Agency/venv/lib/python3.13/site-packages/django/template/backends/django.py", line 109, in render
    reraise(exc, self.backend)
    ~~~~~~~^^^^^^^^^^^^^^^^^^^
  File "/Users/user/Desktop/igi/353505_Chuiko_26/IGI/LR5/Agency/venv/lib/python3.13/site-packages/django/template/backends/django.py", line 130, in reraise
    raise new from exc
django.template.exceptions.TemplateDoesNotExist: base_generic.html
ERROR 2025-05-28 16:59:02,425 basehttp "GET /news/ HTTP/1.1" 500 126391
INFO 2025-05-28 16:59:04,637 basehttp "GET /contacts/ HTTP/1.1" 200 739
WARNING 2025-05-28 16:59:06,130 base Method Not Allowed (GET): /logout/
WARNING 2025-05-28 16:59:06,131 log Method Not Allowed: /logout/
WARNING 2025-05-28 16:59:06,132 basehttp "GET /logout/ HTTP/1.1" 405 0
ERROR 2025-05-28 16:59:09,075 log Internal Server Error: /about/
Traceback (most recent call last):
  File "/Users/user/Desktop/igi/353505_Chuiko_26/IGI/LR5/Agency/venv/lib/python3.13/site-packages/django/template/backends/django.py", line 107, in render
    return self.template.render(context)
           ~~~~~~~~~~~~~~~~~~~~^^^^^^^^^
  File "/Users/user/Desktop/igi/353505_Chuiko_26/IGI/LR5/Agency/venv/lib/python3.13/site-packages/django/template/base.py", line 171, in render
    return self._render(context)
           ~~~~~~~~~~~~^^^^^^^^^
  File "/Users/user/Desktop/igi/353505_Chuiko_26/IGI/LR5/Agency/venv/lib/python3.13/site-packages/django/template/base.py", line 163, in _render
    return self.nodelist.render(context)
           ~~~~~~~~~~~~~~~~~~~~^^^^^^^^^
  File "/Users/user/Desktop/igi/353505_Chuiko_26/IGI/LR5/Agency/venv/lib/python3.13/site-packages/django/template/base.py", line 1016, in render
    return SafeString("".join([node.render_annotated(context) for node in self]))
                               ~~~~~~~~~~~~~~~~~~~~~^^^^^^^^^
  File "/Users/user/Desktop/igi/353505_Chuiko_26/IGI/LR5/Agency/venv/lib/python3.13/site-packages/django/template/base.py", line 977, in render_annotated
    return self.render(context)
           ~~~~~~~~~~~^^^^^^^^^
  File "/Users/user/Desktop/igi/353505_Chuiko_26/IGI/LR5/Agency/venv/lib/python3.13/site-packages/django/template/loader_tags.py", line 134, in render
    compiled_parent = self.get_parent(context)
  File "/Users/user/Desktop/igi/353505_Chuiko_26/IGI/LR5/Agency/venv/lib/python3.13/site-packages/django/template/loader_tags.py", line 131, in get_parent
    return self.find_template(parent, context)
           ~~~~~~~~~~~~~~~~~~^^^^^^^^^^^^^^^^^
  File "/Users/user/Desktop/igi/353505_Chuiko_26/IGI/LR5/Agency/venv/lib/python3.13/site-packages/django/template/loader_tags.py", line 109, in find_template
    template, origin = context.template.engine.find_template(
                       ~~~~~~~~~~~~~~~~~~~~~~~~~~~~~~~~~~~~~^
        template_name,
        ^^^^^^^^^^^^^^
        skip=history,
        ^^^^^^^^^^^^^
    )
    ^
  File "/Users/user/Desktop/igi/353505_Chuiko_26/IGI/LR5/Agency/venv/lib/python3.13/site-packages/django/template/engine.py", line 163, in find_template
    raise TemplateDoesNotExist(name, tried=tried)
django.template.exceptions.TemplateDoesNotExist: base_generic.html

The above exception was the direct cause of the following exception:

Traceback (most recent call last):
  File "/Users/user/Desktop/igi/353505_Chuiko_26/IGI/LR5/Agency/venv/lib/python3.13/site-packages/django/core/handlers/exception.py", line 55, in inner
    response = get_response(request)
  File "/Users/user/Desktop/igi/353505_Chuiko_26/IGI/LR5/Agency/venv/lib/python3.13/site-packages/django/core/handlers/base.py", line 197, in _get_response
    response = wrapped_callback(request, *callback_args, **callback_kwargs)
  File "/Users/user/Desktop/igi/353505_Chuiko_26/IGI/LR5/Agency/estateAgency/views.py", line 27, in about
    return render(request, 'about/about.html', {
        'company_info': company_info,
        'employees': employees
    })
  File "/Users/user/Desktop/igi/353505_Chuiko_26/IGI/LR5/Agency/venv/lib/python3.13/site-packages/django/shortcuts.py", line 25, in render
    content = loader.render_to_string(template_name, context, request, using=using)
  File "/Users/user/Desktop/igi/353505_Chuiko_26/IGI/LR5/Agency/venv/lib/python3.13/site-packages/django/template/loader.py", line 62, in render_to_string
    return template.render(context, request)
           ~~~~~~~~~~~~~~~^^^^^^^^^^^^^^^^^^
  File "/Users/user/Desktop/igi/353505_Chuiko_26/IGI/LR5/Agency/venv/lib/python3.13/site-packages/django/template/backends/django.py", line 109, in render
    reraise(exc, self.backend)
    ~~~~~~~^^^^^^^^^^^^^^^^^^^
  File "/Users/user/Desktop/igi/353505_Chuiko_26/IGI/LR5/Agency/venv/lib/python3.13/site-packages/django/template/backends/django.py", line 130, in reraise
    raise new from exc
django.template.exceptions.TemplateDoesNotExist: base_generic.html
ERROR 2025-05-28 16:59:09,077 basehttp "GET /about/ HTTP/1.1" 500 126778
ERROR 2025-05-28 17:00:51,481 log Internal Server Error: /about/
Traceback (most recent call last):
  File "/Users/user/Desktop/igi/353505_Chuiko_26/IGI/LR5/Agency/venv/lib/python3.13/site-packages/django/template/backends/django.py", line 107, in render
    return self.template.render(context)
           ~~~~~~~~~~~~~~~~~~~~^^^^^^^^^
  File "/Users/user/Desktop/igi/353505_Chuiko_26/IGI/LR5/Agency/venv/lib/python3.13/site-packages/django/template/base.py", line 171, in render
    return self._render(context)
           ~~~~~~~~~~~~^^^^^^^^^
  File "/Users/user/Desktop/igi/353505_Chuiko_26/IGI/LR5/Agency/venv/lib/python3.13/site-packages/django/template/base.py", line 163, in _render
    return self.nodelist.render(context)
           ~~~~~~~~~~~~~~~~~~~~^^^^^^^^^
  File "/Users/user/Desktop/igi/353505_Chuiko_26/IGI/LR5/Agency/venv/lib/python3.13/site-packages/django/template/base.py", line 1016, in render
    return SafeString("".join([node.render_annotated(context) for node in self]))
                               ~~~~~~~~~~~~~~~~~~~~~^^^^^^^^^
  File "/Users/user/Desktop/igi/353505_Chuiko_26/IGI/LR5/Agency/venv/lib/python3.13/site-packages/django/template/base.py", line 977, in render_annotated
    return self.render(context)
           ~~~~~~~~~~~^^^^^^^^^
  File "/Users/user/Desktop/igi/353505_Chuiko_26/IGI/LR5/Agency/venv/lib/python3.13/site-packages/django/template/loader_tags.py", line 134, in render
    compiled_parent = self.get_parent(context)
  File "/Users/user/Desktop/igi/353505_Chuiko_26/IGI/LR5/Agency/venv/lib/python3.13/site-packages/django/template/loader_tags.py", line 131, in get_parent
    return self.find_template(parent, context)
           ~~~~~~~~~~~~~~~~~~^^^^^^^^^^^^^^^^^
  File "/Users/user/Desktop/igi/353505_Chuiko_26/IGI/LR5/Agency/venv/lib/python3.13/site-packages/django/template/loader_tags.py", line 109, in find_template
    template, origin = context.template.engine.find_template(
                       ~~~~~~~~~~~~~~~~~~~~~~~~~~~~~~~~~~~~~^
        template_name,
        ^^^^^^^^^^^^^^
        skip=history,
        ^^^^^^^^^^^^^
    )
    ^
  File "/Users/user/Desktop/igi/353505_Chuiko_26/IGI/LR5/Agency/venv/lib/python3.13/site-packages/django/template/engine.py", line 163, in find_template
    raise TemplateDoesNotExist(name, tried=tried)
django.template.exceptions.TemplateDoesNotExist: base_generic.html

The above exception was the direct cause of the following exception:

Traceback (most recent call last):
  File "/Users/user/Desktop/igi/353505_Chuiko_26/IGI/LR5/Agency/venv/lib/python3.13/site-packages/django/core/handlers/exception.py", line 55, in inner
    response = get_response(request)
  File "/Users/user/Desktop/igi/353505_Chuiko_26/IGI/LR5/Agency/venv/lib/python3.13/site-packages/django/core/handlers/base.py", line 197, in _get_response
    response = wrapped_callback(request, *callback_args, **callback_kwargs)
  File "/Users/user/Desktop/igi/353505_Chuiko_26/IGI/LR5/Agency/estateAgency/views.py", line 27, in about
    return render(request, 'about/about.html', {
        'company_info': company_info,
        'employees': employees
    })
  File "/Users/user/Desktop/igi/353505_Chuiko_26/IGI/LR5/Agency/venv/lib/python3.13/site-packages/django/shortcuts.py", line 25, in render
    content = loader.render_to_string(template_name, context, request, using=using)
  File "/Users/user/Desktop/igi/353505_Chuiko_26/IGI/LR5/Agency/venv/lib/python3.13/site-packages/django/template/loader.py", line 62, in render_to_string
    return template.render(context, request)
           ~~~~~~~~~~~~~~~^^^^^^^^^^^^^^^^^^
  File "/Users/user/Desktop/igi/353505_Chuiko_26/IGI/LR5/Agency/venv/lib/python3.13/site-packages/django/template/backends/django.py", line 109, in render
    reraise(exc, self.backend)
    ~~~~~~~^^^^^^^^^^^^^^^^^^^
  File "/Users/user/Desktop/igi/353505_Chuiko_26/IGI/LR5/Agency/venv/lib/python3.13/site-packages/django/template/backends/django.py", line 130, in reraise
    raise new from exc
django.template.exceptions.TemplateDoesNotExist: base_generic.html
ERROR 2025-05-28 17:00:51,485 basehttp "GET /about/ HTTP/1.1" 500 126915
INFO 2025-05-28 17:00:53,168 basehttp "GET /contacts/ HTTP/1.1" 200 739
INFO 2025-05-28 17:00:54,905 basehttp "GET / HTTP/1.1" 200 2047
INFO 2025-05-28 17:02:11,544 basehttp "GET /about/ HTTP/1.1" 200 1358
INFO 2025-05-28 17:02:13,082 basehttp "GET /properties/ HTTP/1.1" 200 808
INFO 2025-05-28 17:02:14,369 basehttp "GET /about/ HTTP/1.1" 200 1358
INFO 2025-05-28 17:02:16,583 basehttp "GET /properties/ HTTP/1.1" 200 808
INFO 2025-05-28 17:02:18,037 basehttp "GET /news/ HTTP/1.1" 200 1026
INFO 2025-05-28 17:02:18,954 basehttp "GET /contacts/ HTTP/1.1" 200 739
WARNING 2025-05-28 17:02:20,808 base Method Not Allowed (GET): /logout/
WARNING 2025-05-28 17:02:20,809 log Method Not Allowed: /logout/
WARNING 2025-05-28 17:02:20,810 basehttp "GET /logout/ HTTP/1.1" 405 0
INFO 2025-05-28 17:02:23,537 basehttp "GET / HTTP/1.1" 200 2047
INFO 2025-05-28 17:03:33,204 basehttp "GET /crud HTTP/1.1" 301 0
ERROR 2025-05-28 17:03:33,258 log Internal Server Error: /crud/
Traceback (most recent call last):
  File "/Users/user/Desktop/igi/353505_Chuiko_26/IGI/LR5/Agency/venv/lib/python3.13/site-packages/django/core/handlers/exception.py", line 55, in inner
    response = get_response(request)
  File "/Users/user/Desktop/igi/353505_Chuiko_26/IGI/LR5/Agency/venv/lib/python3.13/site-packages/django/core/handlers/base.py", line 220, in _get_response
    response = response.render()
  File "/Users/user/Desktop/igi/353505_Chuiko_26/IGI/LR5/Agency/venv/lib/python3.13/site-packages/django/template/response.py", line 114, in render
    self.content = self.rendered_content
                   ^^^^^^^^^^^^^^^^^^^^^
  File "/Users/user/Desktop/igi/353505_Chuiko_26/IGI/LR5/Agency/venv/lib/python3.13/site-packages/django/template/response.py", line 92, in rendered_content
    return template.render(context, self._request)
           ~~~~~~~~~~~~~~~^^^^^^^^^^^^^^^^^^^^^^^^
  File "/Users/user/Desktop/igi/353505_Chuiko_26/IGI/LR5/Agency/venv/lib/python3.13/site-packages/django/template/backends/django.py", line 107, in render
    return self.template.render(context)
           ~~~~~~~~~~~~~~~~~~~~^^^^^^^^^
  File "/Users/user/Desktop/igi/353505_Chuiko_26/IGI/LR5/Agency/venv/lib/python3.13/site-packages/django/template/base.py", line 171, in render
    return self._render(context)
           ~~~~~~~~~~~~^^^^^^^^^
  File "/Users/user/Desktop/igi/353505_Chuiko_26/IGI/LR5/Agency/venv/lib/python3.13/site-packages/django/template/base.py", line 163, in _render
    return self.nodelist.render(context)
           ~~~~~~~~~~~~~~~~~~~~^^^^^^^^^
  File "/Users/user/Desktop/igi/353505_Chuiko_26/IGI/LR5/Agency/venv/lib/python3.13/site-packages/django/template/base.py", line 1016, in render
    return SafeString("".join([node.render_annotated(context) for node in self]))
                               ~~~~~~~~~~~~~~~~~~~~~^^^^^^^^^
  File "/Users/user/Desktop/igi/353505_Chuiko_26/IGI/LR5/Agency/venv/lib/python3.13/site-packages/django/template/base.py", line 977, in render_annotated
    return self.render(context)
           ~~~~~~~~~~~^^^^^^^^^
  File "/Users/user/Desktop/igi/353505_Chuiko_26/IGI/LR5/Agency/venv/lib/python3.13/site-packages/django/template/loader_tags.py", line 159, in render
    return compiled_parent._render(context)
           ~~~~~~~~~~~~~~~~~~~~~~~^^^^^^^^^
  File "/Users/user/Desktop/igi/353505_Chuiko_26/IGI/LR5/Agency/venv/lib/python3.13/site-packages/django/template/base.py", line 163, in _render
    return self.nodelist.render(context)
           ~~~~~~~~~~~~~~~~~~~~^^^^^^^^^
  File "/Users/user/Desktop/igi/353505_Chuiko_26/IGI/LR5/Agency/venv/lib/python3.13/site-packages/django/template/base.py", line 1016, in render
    return SafeString("".join([node.render_annotated(context) for node in self]))
                               ~~~~~~~~~~~~~~~~~~~~~^^^^^^^^^
  File "/Users/user/Desktop/igi/353505_Chuiko_26/IGI/LR5/Agency/venv/lib/python3.13/site-packages/django/template/base.py", line 977, in render_annotated
    return self.render(context)
           ~~~~~~~~~~~^^^^^^^^^
  File "/Users/user/Desktop/igi/353505_Chuiko_26/IGI/LR5/Agency/venv/lib/python3.13/site-packages/django/template/loader_tags.py", line 65, in render
    result = block.nodelist.render(context)
  File "/Users/user/Desktop/igi/353505_Chuiko_26/IGI/LR5/Agency/venv/lib/python3.13/site-packages/django/template/base.py", line 1016, in render
    return SafeString("".join([node.render_annotated(context) for node in self]))
                               ~~~~~~~~~~~~~~~~~~~~~^^^^^^^^^
  File "/Users/user/Desktop/igi/353505_Chuiko_26/IGI/LR5/Agency/venv/lib/python3.13/site-packages/django/template/base.py", line 977, in render_annotated
    return self.render(context)
           ~~~~~~~~~~~^^^^^^^^^
  File "/Users/user/Desktop/igi/353505_Chuiko_26/IGI/LR5/Agency/venv/lib/python3.13/site-packages/django/template/defaulttags.py", line 480, in render
    url = reverse(view_name, args=args, kwargs=kwargs, current_app=current_app)
  File "/Users/user/Desktop/igi/353505_Chuiko_26/IGI/LR5/Agency/venv/lib/python3.13/site-packages/django/urls/base.py", line 98, in reverse
    resolved_url = resolver._reverse_with_prefix(view, prefix, *args, **kwargs)
  File "/Users/user/Desktop/igi/353505_Chuiko_26/IGI/LR5/Agency/venv/lib/python3.13/site-packages/django/urls/resolvers.py", line 831, in _reverse_with_prefix
    raise NoReverseMatch(msg)
django.urls.exceptions.NoReverseMatch: Reverse for 'review_list' not found. 'review_list' is not a valid view function or pattern name.
ERROR 2025-05-28 17:03:33,260 basehttp "GET /crud/ HTTP/1.1" 500 145886
INFO 2025-05-28 17:04:21,043 basehttp "GET /crud/ HTTP/1.1" 200 1102
ERROR 2025-05-28 17:04:23,044 log Internal Server Error: /crud/property-types/
Traceback (most recent call last):
  File "/Users/user/Desktop/igi/353505_Chuiko_26/IGI/LR5/Agency/venv/lib/python3.13/site-packages/django/core/handlers/exception.py", line 55, in inner
    response = get_response(request)
  File "/Users/user/Desktop/igi/353505_Chuiko_26/IGI/LR5/Agency/venv/lib/python3.13/site-packages/django/core/handlers/base.py", line 220, in _get_response
    response = response.render()
  File "/Users/user/Desktop/igi/353505_Chuiko_26/IGI/LR5/Agency/venv/lib/python3.13/site-packages/django/template/response.py", line 114, in render
    self.content = self.rendered_content
                   ^^^^^^^^^^^^^^^^^^^^^
  File "/Users/user/Desktop/igi/353505_Chuiko_26/IGI/LR5/Agency/venv/lib/python3.13/site-packages/django/template/response.py", line 92, in rendered_content
    return template.render(context, self._request)
           ~~~~~~~~~~~~~~~^^^^^^^^^^^^^^^^^^^^^^^^
  File "/Users/user/Desktop/igi/353505_Chuiko_26/IGI/LR5/Agency/venv/lib/python3.13/site-packages/django/template/backends/django.py", line 107, in render
    return self.template.render(context)
           ~~~~~~~~~~~~~~~~~~~~^^^^^^^^^
  File "/Users/user/Desktop/igi/353505_Chuiko_26/IGI/LR5/Agency/venv/lib/python3.13/site-packages/django/template/base.py", line 171, in render
    return self._render(context)
           ~~~~~~~~~~~~^^^^^^^^^
  File "/Users/user/Desktop/igi/353505_Chuiko_26/IGI/LR5/Agency/venv/lib/python3.13/site-packages/django/template/base.py", line 163, in _render
    return self.nodelist.render(context)
           ~~~~~~~~~~~~~~~~~~~~^^^^^^^^^
  File "/Users/user/Desktop/igi/353505_Chuiko_26/IGI/LR5/Agency/venv/lib/python3.13/site-packages/django/template/base.py", line 1016, in render
    return SafeString("".join([node.render_annotated(context) for node in self]))
                               ~~~~~~~~~~~~~~~~~~~~~^^^^^^^^^
  File "/Users/user/Desktop/igi/353505_Chuiko_26/IGI/LR5/Agency/venv/lib/python3.13/site-packages/django/template/base.py", line 977, in render_annotated
    return self.render(context)
           ~~~~~~~~~~~^^^^^^^^^
  File "/Users/user/Desktop/igi/353505_Chuiko_26/IGI/LR5/Agency/venv/lib/python3.13/site-packages/django/template/loader_tags.py", line 159, in render
    return compiled_parent._render(context)
           ~~~~~~~~~~~~~~~~~~~~~~~^^^^^^^^^
  File "/Users/user/Desktop/igi/353505_Chuiko_26/IGI/LR5/Agency/venv/lib/python3.13/site-packages/django/template/base.py", line 163, in _render
    return self.nodelist.render(context)
           ~~~~~~~~~~~~~~~~~~~~^^^^^^^^^
  File "/Users/user/Desktop/igi/353505_Chuiko_26/IGI/LR5/Agency/venv/lib/python3.13/site-packages/django/template/base.py", line 1016, in render
    return SafeString("".join([node.render_annotated(context) for node in self]))
                               ~~~~~~~~~~~~~~~~~~~~~^^^^^^^^^
  File "/Users/user/Desktop/igi/353505_Chuiko_26/IGI/LR5/Agency/venv/lib/python3.13/site-packages/django/template/base.py", line 977, in render_annotated
    return self.render(context)
           ~~~~~~~~~~~^^^^^^^^^
  File "/Users/user/Desktop/igi/353505_Chuiko_26/IGI/LR5/Agency/venv/lib/python3.13/site-packages/django/template/loader_tags.py", line 65, in render
    result = block.nodelist.render(context)
  File "/Users/user/Desktop/igi/353505_Chuiko_26/IGI/LR5/Agency/venv/lib/python3.13/site-packages/django/template/base.py", line 1016, in render
    return SafeString("".join([node.render_annotated(context) for node in self]))
                               ~~~~~~~~~~~~~~~~~~~~~^^^^^^^^^
  File "/Users/user/Desktop/igi/353505_Chuiko_26/IGI/LR5/Agency/venv/lib/python3.13/site-packages/django/template/base.py", line 977, in render_annotated
    return self.render(context)
           ~~~~~~~~~~~^^^^^^^^^
  File "/Users/user/Desktop/igi/353505_Chuiko_26/IGI/LR5/Agency/venv/lib/python3.13/site-packages/django/template/defaulttags.py", line 480, in render
    url = reverse(view_name, args=args, kwargs=kwargs, current_app=current_app)
  File "/Users/user/Desktop/igi/353505_Chuiko_26/IGI/LR5/Agency/venv/lib/python3.13/site-packages/django/urls/base.py", line 98, in reverse
    resolved_url = resolver._reverse_with_prefix(view, prefix, *args, **kwargs)
  File "/Users/user/Desktop/igi/353505_Chuiko_26/IGI/LR5/Agency/venv/lib/python3.13/site-packages/django/urls/resolvers.py", line 831, in _reverse_with_prefix
    raise NoReverseMatch(msg)
django.urls.exceptions.NoReverseMatch: Reverse for 'propertytype_create' not found. 'propertytype_create' is not a valid view function or pattern name.
ERROR 2025-05-28 17:04:23,046 basehttp "GET /crud/property-types/ HTTP/1.1" 500 147018
ERROR 2025-05-28 17:04:43,689 log Internal Server Error: /crud/property-types/
Traceback (most recent call last):
  File "/Users/user/Desktop/igi/353505_Chuiko_26/IGI/LR5/Agency/venv/lib/python3.13/site-packages/django/core/handlers/exception.py", line 55, in inner
    response = get_response(request)
  File "/Users/user/Desktop/igi/353505_Chuiko_26/IGI/LR5/Agency/venv/lib/python3.13/site-packages/django/core/handlers/base.py", line 220, in _get_response
    response = response.render()
  File "/Users/user/Desktop/igi/353505_Chuiko_26/IGI/LR5/Agency/venv/lib/python3.13/site-packages/django/template/response.py", line 114, in render
    self.content = self.rendered_content
                   ^^^^^^^^^^^^^^^^^^^^^
  File "/Users/user/Desktop/igi/353505_Chuiko_26/IGI/LR5/Agency/venv/lib/python3.13/site-packages/django/template/response.py", line 92, in rendered_content
    return template.render(context, self._request)
           ~~~~~~~~~~~~~~~^^^^^^^^^^^^^^^^^^^^^^^^
  File "/Users/user/Desktop/igi/353505_Chuiko_26/IGI/LR5/Agency/venv/lib/python3.13/site-packages/django/template/backends/django.py", line 107, in render
    return self.template.render(context)
           ~~~~~~~~~~~~~~~~~~~~^^^^^^^^^
  File "/Users/user/Desktop/igi/353505_Chuiko_26/IGI/LR5/Agency/venv/lib/python3.13/site-packages/django/template/base.py", line 171, in render
    return self._render(context)
           ~~~~~~~~~~~~^^^^^^^^^
  File "/Users/user/Desktop/igi/353505_Chuiko_26/IGI/LR5/Agency/venv/lib/python3.13/site-packages/django/template/base.py", line 163, in _render
    return self.nodelist.render(context)
           ~~~~~~~~~~~~~~~~~~~~^^^^^^^^^
  File "/Users/user/Desktop/igi/353505_Chuiko_26/IGI/LR5/Agency/venv/lib/python3.13/site-packages/django/template/base.py", line 1016, in render
    return SafeString("".join([node.render_annotated(context) for node in self]))
                               ~~~~~~~~~~~~~~~~~~~~~^^^^^^^^^
  File "/Users/user/Desktop/igi/353505_Chuiko_26/IGI/LR5/Agency/venv/lib/python3.13/site-packages/django/template/base.py", line 977, in render_annotated
    return self.render(context)
           ~~~~~~~~~~~^^^^^^^^^
  File "/Users/user/Desktop/igi/353505_Chuiko_26/IGI/LR5/Agency/venv/lib/python3.13/site-packages/django/template/loader_tags.py", line 159, in render
    return compiled_parent._render(context)
           ~~~~~~~~~~~~~~~~~~~~~~~^^^^^^^^^
  File "/Users/user/Desktop/igi/353505_Chuiko_26/IGI/LR5/Agency/venv/lib/python3.13/site-packages/django/template/base.py", line 163, in _render
    return self.nodelist.render(context)
           ~~~~~~~~~~~~~~~~~~~~^^^^^^^^^
  File "/Users/user/Desktop/igi/353505_Chuiko_26/IGI/LR5/Agency/venv/lib/python3.13/site-packages/django/template/base.py", line 1016, in render
    return SafeString("".join([node.render_annotated(context) for node in self]))
                               ~~~~~~~~~~~~~~~~~~~~~^^^^^^^^^
  File "/Users/user/Desktop/igi/353505_Chuiko_26/IGI/LR5/Agency/venv/lib/python3.13/site-packages/django/template/base.py", line 977, in render_annotated
    return self.render(context)
           ~~~~~~~~~~~^^^^^^^^^
  File "/Users/user/Desktop/igi/353505_Chuiko_26/IGI/LR5/Agency/venv/lib/python3.13/site-packages/django/template/loader_tags.py", line 65, in render
    result = block.nodelist.render(context)
  File "/Users/user/Desktop/igi/353505_Chuiko_26/IGI/LR5/Agency/venv/lib/python3.13/site-packages/django/template/base.py", line 1016, in render
    return SafeString("".join([node.render_annotated(context) for node in self]))
                               ~~~~~~~~~~~~~~~~~~~~~^^^^^^^^^
  File "/Users/user/Desktop/igi/353505_Chuiko_26/IGI/LR5/Agency/venv/lib/python3.13/site-packages/django/template/base.py", line 977, in render_annotated
    return self.render(context)
           ~~~~~~~~~~~^^^^^^^^^
  File "/Users/user/Desktop/igi/353505_Chuiko_26/IGI/LR5/Agency/venv/lib/python3.13/site-packages/django/template/defaulttags.py", line 480, in render
    url = reverse(view_name, args=args, kwargs=kwargs, current_app=current_app)
  File "/Users/user/Desktop/igi/353505_Chuiko_26/IGI/LR5/Agency/venv/lib/python3.13/site-packages/django/urls/base.py", line 98, in reverse
    resolved_url = resolver._reverse_with_prefix(view, prefix, *args, **kwargs)
  File "/Users/user/Desktop/igi/353505_Chuiko_26/IGI/LR5/Agency/venv/lib/python3.13/site-packages/django/urls/resolvers.py", line 831, in _reverse_with_prefix
    raise NoReverseMatch(msg)
django.urls.exceptions.NoReverseMatch: Reverse for 'propertytype_create' not found. 'propertytype_create' is not a valid view function or pattern name.
ERROR 2025-05-28 17:04:43,691 basehttp "GET /crud/property-types/ HTTP/1.1" 500 147018
INFO 2025-05-28 18:01:18,054 autoreload Watching for file changes with StatReloader
INFO 2025-05-28 18:01:24,088 basehttp "GET /crud/ HTTP/1.1" 200 1102
ERROR 2025-05-28 18:01:29,246 log Internal Server Error: /crud/properties/
Traceback (most recent call last):
  File "/Users/user/Desktop/igi/353505_Chuiko_26/IGI/LR5/Agency/venv/lib/python3.13/site-packages/django/core/handlers/exception.py", line 55, in inner
    response = get_response(request)
  File "/Users/user/Desktop/igi/353505_Chuiko_26/IGI/LR5/Agency/venv/lib/python3.13/site-packages/django/core/handlers/base.py", line 220, in _get_response
    response = response.render()
  File "/Users/user/Desktop/igi/353505_Chuiko_26/IGI/LR5/Agency/venv/lib/python3.13/site-packages/django/template/response.py", line 114, in render
    self.content = self.rendered_content
                   ^^^^^^^^^^^^^^^^^^^^^
  File "/Users/user/Desktop/igi/353505_Chuiko_26/IGI/LR5/Agency/venv/lib/python3.13/site-packages/django/template/response.py", line 92, in rendered_content
    return template.render(context, self._request)
           ~~~~~~~~~~~~~~~^^^^^^^^^^^^^^^^^^^^^^^^
  File "/Users/user/Desktop/igi/353505_Chuiko_26/IGI/LR5/Agency/venv/lib/python3.13/site-packages/django/template/backends/django.py", line 107, in render
    return self.template.render(context)
           ~~~~~~~~~~~~~~~~~~~~^^^^^^^^^
  File "/Users/user/Desktop/igi/353505_Chuiko_26/IGI/LR5/Agency/venv/lib/python3.13/site-packages/django/template/base.py", line 171, in render
    return self._render(context)
           ~~~~~~~~~~~~^^^^^^^^^
  File "/Users/user/Desktop/igi/353505_Chuiko_26/IGI/LR5/Agency/venv/lib/python3.13/site-packages/django/template/base.py", line 163, in _render
    return self.nodelist.render(context)
           ~~~~~~~~~~~~~~~~~~~~^^^^^^^^^
  File "/Users/user/Desktop/igi/353505_Chuiko_26/IGI/LR5/Agency/venv/lib/python3.13/site-packages/django/template/base.py", line 1016, in render
    return SafeString("".join([node.render_annotated(context) for node in self]))
                               ~~~~~~~~~~~~~~~~~~~~~^^^^^^^^^
  File "/Users/user/Desktop/igi/353505_Chuiko_26/IGI/LR5/Agency/venv/lib/python3.13/site-packages/django/template/base.py", line 977, in render_annotated
    return self.render(context)
           ~~~~~~~~~~~^^^^^^^^^
  File "/Users/user/Desktop/igi/353505_Chuiko_26/IGI/LR5/Agency/venv/lib/python3.13/site-packages/django/template/loader_tags.py", line 159, in render
    return compiled_parent._render(context)
           ~~~~~~~~~~~~~~~~~~~~~~~^^^^^^^^^
  File "/Users/user/Desktop/igi/353505_Chuiko_26/IGI/LR5/Agency/venv/lib/python3.13/site-packages/django/template/base.py", line 163, in _render
    return self.nodelist.render(context)
           ~~~~~~~~~~~~~~~~~~~~^^^^^^^^^
  File "/Users/user/Desktop/igi/353505_Chuiko_26/IGI/LR5/Agency/venv/lib/python3.13/site-packages/django/template/base.py", line 1016, in render
    return SafeString("".join([node.render_annotated(context) for node in self]))
                               ~~~~~~~~~~~~~~~~~~~~~^^^^^^^^^
  File "/Users/user/Desktop/igi/353505_Chuiko_26/IGI/LR5/Agency/venv/lib/python3.13/site-packages/django/template/base.py", line 977, in render_annotated
    return self.render(context)
           ~~~~~~~~~~~^^^^^^^^^
  File "/Users/user/Desktop/igi/353505_Chuiko_26/IGI/LR5/Agency/venv/lib/python3.13/site-packages/django/template/loader_tags.py", line 65, in render
    result = block.nodelist.render(context)
  File "/Users/user/Desktop/igi/353505_Chuiko_26/IGI/LR5/Agency/venv/lib/python3.13/site-packages/django/template/base.py", line 1016, in render
    return SafeString("".join([node.render_annotated(context) for node in self]))
                               ~~~~~~~~~~~~~~~~~~~~~^^^^^^^^^
  File "/Users/user/Desktop/igi/353505_Chuiko_26/IGI/LR5/Agency/venv/lib/python3.13/site-packages/django/template/base.py", line 977, in render_annotated
    return self.render(context)
           ~~~~~~~~~~~^^^^^^^^^
  File "/Users/user/Desktop/igi/353505_Chuiko_26/IGI/LR5/Agency/venv/lib/python3.13/site-packages/django/template/defaulttags.py", line 480, in render
    url = reverse(view_name, args=args, kwargs=kwargs, current_app=current_app)
  File "/Users/user/Desktop/igi/353505_Chuiko_26/IGI/LR5/Agency/venv/lib/python3.13/site-packages/django/urls/base.py", line 98, in reverse
    resolved_url = resolver._reverse_with_prefix(view, prefix, *args, **kwargs)
  File "/Users/user/Desktop/igi/353505_Chuiko_26/IGI/LR5/Agency/venv/lib/python3.13/site-packages/django/urls/resolvers.py", line 831, in _reverse_with_prefix
    raise NoReverseMatch(msg)
django.urls.exceptions.NoReverseMatch: Reverse for 'property_create' not found. 'property_create' is not a valid view function or pattern name.
ERROR 2025-05-28 18:01:29,248 basehttp "GET /crud/properties/ HTTP/1.1" 500 145641
INFO 2025-05-28 18:03:06,248 basehttp "GET /crud/properties/ HTTP/1.1" 200 1601
INFO 2025-05-28 18:03:10,670 basehttp "GET /properties/ HTTP/1.1" 200 808
INFO 2025-05-28 18:03:17,141 basehttp "GET /crud/ HTTP/1.1" 200 1102
INFO 2025-05-28 18:03:21,317 basehttp "GET /crud/properties/ HTTP/1.1" 200 1601
INFO 2025-05-28 18:18:34,879 basehttp "GET /crud/deals/ HTTP/1.1" 200 1031
ERROR 2025-05-28 18:18:48,258 log Internal Server Error: /crud/property-types/
Traceback (most recent call last):
  File "/Users/user/Desktop/igi/353505_Chuiko_26/IGI/LR5/Agency/venv/lib/python3.13/site-packages/django/core/handlers/exception.py", line 55, in inner
    response = get_response(request)
  File "/Users/user/Desktop/igi/353505_Chuiko_26/IGI/LR5/Agency/venv/lib/python3.13/site-packages/django/core/handlers/base.py", line 220, in _get_response
    response = response.render()
  File "/Users/user/Desktop/igi/353505_Chuiko_26/IGI/LR5/Agency/venv/lib/python3.13/site-packages/django/template/response.py", line 114, in render
    self.content = self.rendered_content
                   ^^^^^^^^^^^^^^^^^^^^^
  File "/Users/user/Desktop/igi/353505_Chuiko_26/IGI/LR5/Agency/venv/lib/python3.13/site-packages/django/template/response.py", line 92, in rendered_content
    return template.render(context, self._request)
           ~~~~~~~~~~~~~~~^^^^^^^^^^^^^^^^^^^^^^^^
  File "/Users/user/Desktop/igi/353505_Chuiko_26/IGI/LR5/Agency/venv/lib/python3.13/site-packages/django/template/backends/django.py", line 107, in render
    return self.template.render(context)
           ~~~~~~~~~~~~~~~~~~~~^^^^^^^^^
  File "/Users/user/Desktop/igi/353505_Chuiko_26/IGI/LR5/Agency/venv/lib/python3.13/site-packages/django/template/base.py", line 171, in render
    return self._render(context)
           ~~~~~~~~~~~~^^^^^^^^^
  File "/Users/user/Desktop/igi/353505_Chuiko_26/IGI/LR5/Agency/venv/lib/python3.13/site-packages/django/template/base.py", line 163, in _render
    return self.nodelist.render(context)
           ~~~~~~~~~~~~~~~~~~~~^^^^^^^^^
  File "/Users/user/Desktop/igi/353505_Chuiko_26/IGI/LR5/Agency/venv/lib/python3.13/site-packages/django/template/base.py", line 1016, in render
    return SafeString("".join([node.render_annotated(context) for node in self]))
                               ~~~~~~~~~~~~~~~~~~~~~^^^^^^^^^
  File "/Users/user/Desktop/igi/353505_Chuiko_26/IGI/LR5/Agency/venv/lib/python3.13/site-packages/django/template/base.py", line 977, in render_annotated
    return self.render(context)
           ~~~~~~~~~~~^^^^^^^^^
  File "/Users/user/Desktop/igi/353505_Chuiko_26/IGI/LR5/Agency/venv/lib/python3.13/site-packages/django/template/loader_tags.py", line 159, in render
    return compiled_parent._render(context)
           ~~~~~~~~~~~~~~~~~~~~~~~^^^^^^^^^
  File "/Users/user/Desktop/igi/353505_Chuiko_26/IGI/LR5/Agency/venv/lib/python3.13/site-packages/django/template/base.py", line 163, in _render
    return self.nodelist.render(context)
           ~~~~~~~~~~~~~~~~~~~~^^^^^^^^^
  File "/Users/user/Desktop/igi/353505_Chuiko_26/IGI/LR5/Agency/venv/lib/python3.13/site-packages/django/template/base.py", line 1016, in render
    return SafeString("".join([node.render_annotated(context) for node in self]))
                               ~~~~~~~~~~~~~~~~~~~~~^^^^^^^^^
  File "/Users/user/Desktop/igi/353505_Chuiko_26/IGI/LR5/Agency/venv/lib/python3.13/site-packages/django/template/base.py", line 977, in render_annotated
    return self.render(context)
           ~~~~~~~~~~~^^^^^^^^^
  File "/Users/user/Desktop/igi/353505_Chuiko_26/IGI/LR5/Agency/venv/lib/python3.13/site-packages/django/template/loader_tags.py", line 65, in render
    result = block.nodelist.render(context)
  File "/Users/user/Desktop/igi/353505_Chuiko_26/IGI/LR5/Agency/venv/lib/python3.13/site-packages/django/template/base.py", line 1016, in render
    return SafeString("".join([node.render_annotated(context) for node in self]))
                               ~~~~~~~~~~~~~~~~~~~~~^^^^^^^^^
  File "/Users/user/Desktop/igi/353505_Chuiko_26/IGI/LR5/Agency/venv/lib/python3.13/site-packages/django/template/base.py", line 977, in render_annotated
    return self.render(context)
           ~~~~~~~~~~~^^^^^^^^^
  File "/Users/user/Desktop/igi/353505_Chuiko_26/IGI/LR5/Agency/venv/lib/python3.13/site-packages/django/template/defaulttags.py", line 480, in render
    url = reverse(view_name, args=args, kwargs=kwargs, current_app=current_app)
  File "/Users/user/Desktop/igi/353505_Chuiko_26/IGI/LR5/Agency/venv/lib/python3.13/site-packages/django/urls/base.py", line 98, in reverse
    resolved_url = resolver._reverse_with_prefix(view, prefix, *args, **kwargs)
  File "/Users/user/Desktop/igi/353505_Chuiko_26/IGI/LR5/Agency/venv/lib/python3.13/site-packages/django/urls/resolvers.py", line 831, in _reverse_with_prefix
    raise NoReverseMatch(msg)
django.urls.exceptions.NoReverseMatch: Reverse for 'propertytype_create' not found. 'propertytype_create' is not a valid view function or pattern name.
ERROR 2025-05-28 18:18:48,259 basehttp "GET /crud/property-types/ HTTP/1.1" 500 146862
ERROR 2025-05-28 18:21:12,053 log Internal Server Error: /crud/property-types/
Traceback (most recent call last):
  File "/Users/user/Desktop/igi/353505_Chuiko_26/IGI/LR5/Agency/venv/lib/python3.13/site-packages/django/core/handlers/exception.py", line 55, in inner
    response = get_response(request)
  File "/Users/user/Desktop/igi/353505_Chuiko_26/IGI/LR5/Agency/venv/lib/python3.13/site-packages/django/core/handlers/base.py", line 220, in _get_response
    response = response.render()
  File "/Users/user/Desktop/igi/353505_Chuiko_26/IGI/LR5/Agency/venv/lib/python3.13/site-packages/django/template/response.py", line 114, in render
    self.content = self.rendered_content
                   ^^^^^^^^^^^^^^^^^^^^^
  File "/Users/user/Desktop/igi/353505_Chuiko_26/IGI/LR5/Agency/venv/lib/python3.13/site-packages/django/template/response.py", line 92, in rendered_content
    return template.render(context, self._request)
           ~~~~~~~~~~~~~~~^^^^^^^^^^^^^^^^^^^^^^^^
  File "/Users/user/Desktop/igi/353505_Chuiko_26/IGI/LR5/Agency/venv/lib/python3.13/site-packages/django/template/backends/django.py", line 107, in render
    return self.template.render(context)
           ~~~~~~~~~~~~~~~~~~~~^^^^^^^^^
  File "/Users/user/Desktop/igi/353505_Chuiko_26/IGI/LR5/Agency/venv/lib/python3.13/site-packages/django/template/base.py", line 171, in render
    return self._render(context)
           ~~~~~~~~~~~~^^^^^^^^^
  File "/Users/user/Desktop/igi/353505_Chuiko_26/IGI/LR5/Agency/venv/lib/python3.13/site-packages/django/template/base.py", line 163, in _render
    return self.nodelist.render(context)
           ~~~~~~~~~~~~~~~~~~~~^^^^^^^^^
  File "/Users/user/Desktop/igi/353505_Chuiko_26/IGI/LR5/Agency/venv/lib/python3.13/site-packages/django/template/base.py", line 1016, in render
    return SafeString("".join([node.render_annotated(context) for node in self]))
                               ~~~~~~~~~~~~~~~~~~~~~^^^^^^^^^
  File "/Users/user/Desktop/igi/353505_Chuiko_26/IGI/LR5/Agency/venv/lib/python3.13/site-packages/django/template/base.py", line 977, in render_annotated
    return self.render(context)
           ~~~~~~~~~~~^^^^^^^^^
  File "/Users/user/Desktop/igi/353505_Chuiko_26/IGI/LR5/Agency/venv/lib/python3.13/site-packages/django/template/loader_tags.py", line 159, in render
    return compiled_parent._render(context)
           ~~~~~~~~~~~~~~~~~~~~~~~^^^^^^^^^
  File "/Users/user/Desktop/igi/353505_Chuiko_26/IGI/LR5/Agency/venv/lib/python3.13/site-packages/django/template/base.py", line 163, in _render
    return self.nodelist.render(context)
           ~~~~~~~~~~~~~~~~~~~~^^^^^^^^^
  File "/Users/user/Desktop/igi/353505_Chuiko_26/IGI/LR5/Agency/venv/lib/python3.13/site-packages/django/template/base.py", line 1016, in render
    return SafeString("".join([node.render_annotated(context) for node in self]))
                               ~~~~~~~~~~~~~~~~~~~~~^^^^^^^^^
  File "/Users/user/Desktop/igi/353505_Chuiko_26/IGI/LR5/Agency/venv/lib/python3.13/site-packages/django/template/base.py", line 977, in render_annotated
    return self.render(context)
           ~~~~~~~~~~~^^^^^^^^^
  File "/Users/user/Desktop/igi/353505_Chuiko_26/IGI/LR5/Agency/venv/lib/python3.13/site-packages/django/template/loader_tags.py", line 65, in render
    result = block.nodelist.render(context)
  File "/Users/user/Desktop/igi/353505_Chuiko_26/IGI/LR5/Agency/venv/lib/python3.13/site-packages/django/template/base.py", line 1016, in render
    return SafeString("".join([node.render_annotated(context) for node in self]))
                               ~~~~~~~~~~~~~~~~~~~~~^^^^^^^^^
  File "/Users/user/Desktop/igi/353505_Chuiko_26/IGI/LR5/Agency/venv/lib/python3.13/site-packages/django/template/base.py", line 977, in render_annotated
    return self.render(context)
           ~~~~~~~~~~~^^^^^^^^^
  File "/Users/user/Desktop/igi/353505_Chuiko_26/IGI/LR5/Agency/venv/lib/python3.13/site-packages/django/template/defaulttags.py", line 243, in render
    nodelist.append(node.render_annotated(context))
                    ~~~~~~~~~~~~~~~~~~~~~^^^^^^^^^
  File "/Users/user/Desktop/igi/353505_Chuiko_26/IGI/LR5/Agency/venv/lib/python3.13/site-packages/django/template/base.py", line 977, in render_annotated
    return self.render(context)
           ~~~~~~~~~~~^^^^^^^^^
  File "/Users/user/Desktop/igi/353505_Chuiko_26/IGI/LR5/Agency/venv/lib/python3.13/site-packages/django/template/defaulttags.py", line 480, in render
    url = reverse(view_name, args=args, kwargs=kwargs, current_app=current_app)
  File "/Users/user/Desktop/igi/353505_Chuiko_26/IGI/LR5/Agency/venv/lib/python3.13/site-packages/django/urls/base.py", line 98, in reverse
    resolved_url = resolver._reverse_with_prefix(view, prefix, *args, **kwargs)
  File "/Users/user/Desktop/igi/353505_Chuiko_26/IGI/LR5/Agency/venv/lib/python3.13/site-packages/django/urls/resolvers.py", line 831, in _reverse_with_prefix
    raise NoReverseMatch(msg)
django.urls.exceptions.NoReverseMatch: Reverse for 'propertytype_update' not found. 'propertytype_update' is not a valid view function or pattern name.
ERROR 2025-05-28 18:21:12,055 basehttp "GET /crud/property-types/ HTTP/1.1" 500 158768
INFO 2025-05-28 18:21:26,141 basehttp "GET /crud/property-types/ HTTP/1.1" 200 1547
INFO 2025-05-28 18:22:21,230 autoreload /Users/user/Desktop/igi/353505_Chuiko_26/IGI/LR5/Agency/estateAgency/urls.py changed, reloading.
INFO 2025-05-28 18:22:21,622 autoreload Watching for file changes with StatReloader
INFO 2025-05-28 18:22:28,115 basehttp "GET /crud/properties/ HTTP/1.1" 200 1606
INFO 2025-05-28 18:22:34,329 autoreload /Users/user/Desktop/igi/353505_Chuiko_26/IGI/LR5/Agency/estateAgency/urls.py changed, reloading.
INFO 2025-05-28 18:22:34,655 autoreload Watching for file changes with StatReloader
INFO 2025-05-28 18:22:44,224 autoreload /Users/user/Desktop/igi/353505_Chuiko_26/IGI/LR5/Agency/estateAgency/urls.py changed, reloading.
INFO 2025-05-28 18:22:44,548 autoreload Watching for file changes with StatReloader
INFO 2025-05-28 18:22:48,983 autoreload /Users/user/Desktop/igi/353505_Chuiko_26/IGI/LR5/Agency/estateAgency/urls.py changed, reloading.
INFO 2025-05-28 18:22:49,213 autoreload Watching for file changes with StatReloader
INFO 2025-05-28 18:23:01,772 autoreload /Users/user/Desktop/igi/353505_Chuiko_26/IGI/LR5/Agency/estateAgency/urls.py changed, reloading.
INFO 2025-05-28 18:23:02,088 autoreload Watching for file changes with StatReloader
INFO 2025-05-28 18:23:06,544 autoreload /Users/user/Desktop/igi/353505_Chuiko_26/IGI/LR5/Agency/estateAgency/urls.py changed, reloading.
INFO 2025-05-28 18:23:06,772 autoreload Watching for file changes with StatReloader
INFO 2025-05-28 18:23:17,252 autoreload /Users/user/Desktop/igi/353505_Chuiko_26/IGI/LR5/Agency/estateAgency/urls.py changed, reloading.
INFO 2025-05-28 18:23:17,563 autoreload Watching for file changes with StatReloader
INFO 2025-05-28 18:23:19,984 autoreload /Users/user/Desktop/igi/353505_Chuiko_26/IGI/LR5/Agency/estateAgency/urls.py changed, reloading.
INFO 2025-05-28 18:23:20,203 autoreload Watching for file changes with StatReloader
INFO 2025-05-28 18:23:25,126 basehttp "GET /crud/properties/ HTTP/1.1" 200 1606
INFO 2025-05-28 18:23:34,837 basehttp "GET /crud/deals/ HTTP/1.1" 200 1036
INFO 2025-05-28 18:28:44,860 basehttp "GET /crud/employees/ HTTP/1.1" 200 1006
INFO 2025-05-28 18:29:51,353 basehttp "GET /crud/promo-codes/ HTTP/1.1" 200 1014
INFO 2025-05-28 18:29:57,884 basehttp "GET /crud/news/ HTTP/1.1" 200 965
INFO 2025-05-28 18:54:43,909 basehttp "GET /crud/properties/ HTTP/1.1" 200 1606
INFO 2025-05-28 18:54:44,621 basehttp "GET /news/ HTTP/1.1" 200 1031
INFO 2025-05-28 18:54:45,217 basehttp "GET /contacts/ HTTP/1.1" 200 744
INFO 2025-05-28 18:54:45,810 basehttp "GET /about/ HTTP/1.1" 200 1363
INFO 2025-05-28 18:54:46,288 basehttp "GET / HTTP/1.1" 200 2052
WARNING 2025-05-28 18:54:47,072 base Method Not Allowed (GET): /logout/
WARNING 2025-05-28 18:54:47,073 log Method Not Allowed: /logout/
WARNING 2025-05-28 18:54:47,074 basehttp "GET /logout/ HTTP/1.1" 405 0
INFO 2025-05-28 18:54:52,916 basehttp "GET / HTTP/1.1" 200 2052
INFO 2025-05-28 18:54:53,508 basehttp "GET /about/ HTTP/1.1" 200 1363
INFO 2025-05-28 18:54:54,049 basehttp "GET /crud/properties/ HTTP/1.1" 200 1606
INFO 2025-05-28 18:54:54,615 basehttp "GET /news/ HTTP/1.1" 200 1031
INFO 2025-05-28 18:54:55,234 basehttp "GET /contacts/ HTTP/1.1" 200 744
INFO 2025-05-28 18:54:55,698 basehttp "GET /news/ HTTP/1.1" 200 1031
INFO 2025-05-28 18:54:56,366 basehttp "GET /crud/properties/ HTTP/1.1" 200 1606
INFO 2025-05-28 18:54:58,920 basehttp "GET / HTTP/1.1" 200 2052
INFO 2025-05-28 20:13:44,920 basehttp "GET /about/ HTTP/1.1" 200 1363
INFO 2025-05-28 20:13:46,616 basehttp "GET /contacts/ HTTP/1.1" 200 744
INFO 2025-05-28 20:13:50,532 basehttp "GET /news/ HTTP/1.1" 200 1031
ERROR 2025-05-28 20:17:26,112 log Internal Server Error: /news/
Traceback (most recent call last):
  File "/Users/user/Desktop/igi/353505_Chuiko_26/IGI/LR5/Agency/venv/lib/python3.13/site-packages/django/core/handlers/exception.py", line 55, in inner
    response = get_response(request)
  File "/Users/user/Desktop/igi/353505_Chuiko_26/IGI/LR5/Agency/venv/lib/python3.13/site-packages/django/core/handlers/base.py", line 197, in _get_response
    response = wrapped_callback(request, *callback_args, **callback_kwargs)
  File "/Users/user/Desktop/igi/353505_Chuiko_26/IGI/LR5/Agency/estateAgency/views.py", line 35, in news_list
    return render(request, 'news/news_list.html', {'news_items': news_items})
  File "/Users/user/Desktop/igi/353505_Chuiko_26/IGI/LR5/Agency/venv/lib/python3.13/site-packages/django/shortcuts.py", line 25, in render
    content = loader.render_to_string(template_name, context, request, using=using)
  File "/Users/user/Desktop/igi/353505_Chuiko_26/IGI/LR5/Agency/venv/lib/python3.13/site-packages/django/template/loader.py", line 62, in render_to_string
    return template.render(context, request)
           ~~~~~~~~~~~~~~~^^^^^^^^^^^^^^^^^^
  File "/Users/user/Desktop/igi/353505_Chuiko_26/IGI/LR5/Agency/venv/lib/python3.13/site-packages/django/template/backends/django.py", line 107, in render
    return self.template.render(context)
           ~~~~~~~~~~~~~~~~~~~~^^^^^^^^^
  File "/Users/user/Desktop/igi/353505_Chuiko_26/IGI/LR5/Agency/venv/lib/python3.13/site-packages/django/template/base.py", line 171, in render
    return self._render(context)
           ~~~~~~~~~~~~^^^^^^^^^
  File "/Users/user/Desktop/igi/353505_Chuiko_26/IGI/LR5/Agency/venv/lib/python3.13/site-packages/django/template/base.py", line 163, in _render
    return self.nodelist.render(context)
           ~~~~~~~~~~~~~~~~~~~~^^^^^^^^^
  File "/Users/user/Desktop/igi/353505_Chuiko_26/IGI/LR5/Agency/venv/lib/python3.13/site-packages/django/template/base.py", line 1016, in render
    return SafeString("".join([node.render_annotated(context) for node in self]))
                               ~~~~~~~~~~~~~~~~~~~~~^^^^^^^^^
  File "/Users/user/Desktop/igi/353505_Chuiko_26/IGI/LR5/Agency/venv/lib/python3.13/site-packages/django/template/base.py", line 977, in render_annotated
    return self.render(context)
           ~~~~~~~~~~~^^^^^^^^^
  File "/Users/user/Desktop/igi/353505_Chuiko_26/IGI/LR5/Agency/venv/lib/python3.13/site-packages/django/template/loader_tags.py", line 159, in render
    return compiled_parent._render(context)
           ~~~~~~~~~~~~~~~~~~~~~~~^^^^^^^^^
  File "/Users/user/Desktop/igi/353505_Chuiko_26/IGI/LR5/Agency/venv/lib/python3.13/site-packages/django/template/base.py", line 163, in _render
    return self.nodelist.render(context)
           ~~~~~~~~~~~~~~~~~~~~^^^^^^^^^
  File "/Users/user/Desktop/igi/353505_Chuiko_26/IGI/LR5/Agency/venv/lib/python3.13/site-packages/django/template/base.py", line 1016, in render
    return SafeString("".join([node.render_annotated(context) for node in self]))
                               ~~~~~~~~~~~~~~~~~~~~~^^^^^^^^^
  File "/Users/user/Desktop/igi/353505_Chuiko_26/IGI/LR5/Agency/venv/lib/python3.13/site-packages/django/template/base.py", line 977, in render_annotated
    return self.render(context)
           ~~~~~~~~~~~^^^^^^^^^
  File "/Users/user/Desktop/igi/353505_Chuiko_26/IGI/LR5/Agency/venv/lib/python3.13/site-packages/django/template/defaulttags.py", line 480, in render
    url = reverse(view_name, args=args, kwargs=kwargs, current_app=current_app)
  File "/Users/user/Desktop/igi/353505_Chuiko_26/IGI/LR5/Agency/venv/lib/python3.13/site-packages/django/urls/base.py", line 98, in reverse
    resolved_url = resolver._reverse_with_prefix(view, prefix, *args, **kwargs)
  File "/Users/user/Desktop/igi/353505_Chuiko_26/IGI/LR5/Agency/venv/lib/python3.13/site-packages/django/urls/resolvers.py", line 831, in _reverse_with_prefix
    raise NoReverseMatch(msg)
django.urls.exceptions.NoReverseMatch: Reverse for 'review_list' not found. 'review_list' is not a valid view function or pattern name.
ERROR 2025-05-28 20:17:26,115 basehttp "GET /news/ HTTP/1.1" 500 135618
ERROR 2025-05-28 20:17:47,577 log Internal Server Error: /news/
Traceback (most recent call last):
  File "/Users/user/Desktop/igi/353505_Chuiko_26/IGI/LR5/Agency/venv/lib/python3.13/site-packages/django/core/handlers/exception.py", line 55, in inner
    response = get_response(request)
  File "/Users/user/Desktop/igi/353505_Chuiko_26/IGI/LR5/Agency/venv/lib/python3.13/site-packages/django/core/handlers/base.py", line 197, in _get_response
    response = wrapped_callback(request, *callback_args, **callback_kwargs)
  File "/Users/user/Desktop/igi/353505_Chuiko_26/IGI/LR5/Agency/estateAgency/views.py", line 35, in news_list
    return render(request, 'news/news_list.html', {'news_items': news_items})
  File "/Users/user/Desktop/igi/353505_Chuiko_26/IGI/LR5/Agency/venv/lib/python3.13/site-packages/django/shortcuts.py", line 25, in render
    content = loader.render_to_string(template_name, context, request, using=using)
  File "/Users/user/Desktop/igi/353505_Chuiko_26/IGI/LR5/Agency/venv/lib/python3.13/site-packages/django/template/loader.py", line 62, in render_to_string
    return template.render(context, request)
           ~~~~~~~~~~~~~~~^^^^^^^^^^^^^^^^^^
  File "/Users/user/Desktop/igi/353505_Chuiko_26/IGI/LR5/Agency/venv/lib/python3.13/site-packages/django/template/backends/django.py", line 107, in render
    return self.template.render(context)
           ~~~~~~~~~~~~~~~~~~~~^^^^^^^^^
  File "/Users/user/Desktop/igi/353505_Chuiko_26/IGI/LR5/Agency/venv/lib/python3.13/site-packages/django/template/base.py", line 171, in render
    return self._render(context)
           ~~~~~~~~~~~~^^^^^^^^^
  File "/Users/user/Desktop/igi/353505_Chuiko_26/IGI/LR5/Agency/venv/lib/python3.13/site-packages/django/template/base.py", line 163, in _render
    return self.nodelist.render(context)
           ~~~~~~~~~~~~~~~~~~~~^^^^^^^^^
  File "/Users/user/Desktop/igi/353505_Chuiko_26/IGI/LR5/Agency/venv/lib/python3.13/site-packages/django/template/base.py", line 1016, in render
    return SafeString("".join([node.render_annotated(context) for node in self]))
                               ~~~~~~~~~~~~~~~~~~~~~^^^^^^^^^
  File "/Users/user/Desktop/igi/353505_Chuiko_26/IGI/LR5/Agency/venv/lib/python3.13/site-packages/django/template/base.py", line 977, in render_annotated
    return self.render(context)
           ~~~~~~~~~~~^^^^^^^^^
  File "/Users/user/Desktop/igi/353505_Chuiko_26/IGI/LR5/Agency/venv/lib/python3.13/site-packages/django/template/loader_tags.py", line 159, in render
    return compiled_parent._render(context)
           ~~~~~~~~~~~~~~~~~~~~~~~^^^^^^^^^
  File "/Users/user/Desktop/igi/353505_Chuiko_26/IGI/LR5/Agency/venv/lib/python3.13/site-packages/django/template/base.py", line 163, in _render
    return self.nodelist.render(context)
           ~~~~~~~~~~~~~~~~~~~~^^^^^^^^^
  File "/Users/user/Desktop/igi/353505_Chuiko_26/IGI/LR5/Agency/venv/lib/python3.13/site-packages/django/template/base.py", line 1016, in render
    return SafeString("".join([node.render_annotated(context) for node in self]))
                               ~~~~~~~~~~~~~~~~~~~~~^^^^^^^^^
  File "/Users/user/Desktop/igi/353505_Chuiko_26/IGI/LR5/Agency/venv/lib/python3.13/site-packages/django/template/base.py", line 977, in render_annotated
    return self.render(context)
           ~~~~~~~~~~~^^^^^^^^^
  File "/Users/user/Desktop/igi/353505_Chuiko_26/IGI/LR5/Agency/venv/lib/python3.13/site-packages/django/template/defaulttags.py", line 480, in render
    url = reverse(view_name, args=args, kwargs=kwargs, current_app=current_app)
  File "/Users/user/Desktop/igi/353505_Chuiko_26/IGI/LR5/Agency/venv/lib/python3.13/site-packages/django/urls/base.py", line 98, in reverse
    resolved_url = resolver._reverse_with_prefix(view, prefix, *args, **kwargs)
  File "/Users/user/Desktop/igi/353505_Chuiko_26/IGI/LR5/Agency/venv/lib/python3.13/site-packages/django/urls/resolvers.py", line 831, in _reverse_with_prefix
    raise NoReverseMatch(msg)
django.urls.exceptions.NoReverseMatch: Reverse for 'review_list' not found. 'review_list' is not a valid view function or pattern name.
ERROR 2025-05-28 20:17:47,579 basehttp "GET /news/ HTTP/1.1" 500 135609
INFO 2025-05-28 20:17:58,223 basehttp "GET /news/ HTTP/1.1" 200 1139
INFO 2025-05-28 20:32:34,830 basehttp "GET /admin/estateAgency/vacancy/ HTTP/1.1" 200 14155
INFO 2025-05-28 20:32:34,848 basehttp "GET /static/admin/css/nav_sidebar.css HTTP/1.1" 304 0
INFO 2025-05-28 20:32:34,849 basehttp "GET /static/admin/css/dark_mode.css HTTP/1.1" 304 0
INFO 2025-05-28 20:32:34,850 basehttp "GET /static/admin/css/changelists.css HTTP/1.1" 304 0
INFO 2025-05-28 20:32:34,850 basehttp "GET /static/admin/css/base.css HTTP/1.1" 304 0
INFO 2025-05-28 20:32:34,850 basehttp "GET /static/admin/css/responsive.css HTTP/1.1" 304 0
INFO 2025-05-28 20:32:34,851 basehttp "GET /static/admin/js/vendor/jquery/jquery.js HTTP/1.1" 304 0
INFO 2025-05-28 20:32:34,851 basehttp "GET /static/admin/js/theme.js HTTP/1.1" 304 0
INFO 2025-05-28 20:32:34,852 basehttp "GET /static/admin/js/jquery.init.js HTTP/1.1" 304 0
INFO 2025-05-28 20:32:34,853 basehttp "GET /static/admin/js/admin/RelatedObjectLookups.js HTTP/1.1" 304 0
INFO 2025-05-28 20:32:34,854 basehttp "GET /static/admin/js/core.js HTTP/1.1" 304 0
INFO 2025-05-28 20:32:34,855 basehttp "GET /static/admin/js/actions.js HTTP/1.1" 304 0
INFO 2025-05-28 20:32:34,855 basehttp "GET /static/admin/js/urlify.js HTTP/1.1" 304 0
INFO 2025-05-28 20:32:34,856 basehttp "GET /static/admin/js/vendor/xregexp/xregexp.js HTTP/1.1" 304 0
INFO 2025-05-28 20:32:34,856 basehttp "GET /static/admin/js/prepopulate.js HTTP/1.1" 304 0
INFO 2025-05-28 20:32:34,858 basehttp "GET /static/admin/img/search.svg HTTP/1.1" 304 0
INFO 2025-05-28 20:32:34,860 basehttp "GET /admin/jsi18n/ HTTP/1.1" 200 3342
INFO 2025-05-28 20:32:34,861 basehttp "GET /static/admin/js/nav_sidebar.js HTTP/1.1" 304 0
INFO 2025-05-28 20:32:34,862 basehttp "GET /static/admin/js/filters.js HTTP/1.1" 304 0
INFO 2025-05-28 20:32:34,875 basehttp "GET /static/admin/img/icon-addlink.svg HTTP/1.1" 304 0
INFO 2025-05-28 20:32:34,876 basehttp "GET /static/admin/img/tooltag-add.svg HTTP/1.1" 304 0
INFO 2025-05-28 20:32:37,041 basehttp "GET /admin/estateAgency/vacancy/add/ HTTP/1.1" 200 15215
INFO 2025-05-28 20:32:37,053 basehttp "GET /static/admin/css/forms.css HTTP/1.1" 304 0
INFO 2025-05-28 20:32:37,054 basehttp "GET /static/admin/js/prepopulate_init.js HTTP/1.1" 304 0
INFO 2025-05-28 20:32:37,056 basehttp "GET /admin/jsi18n/ HTTP/1.1" 200 3342
INFO 2025-05-28 20:32:37,056 basehttp "GET /static/admin/css/widgets.css HTTP/1.1" 304 0
INFO 2025-05-28 20:32:37,059 basehttp "GET /static/admin/js/change_form.js HTTP/1.1" 304 0
INFO 2025-05-28 20:32:39,318 basehttp "GET /admin/estateAgency/vacancy/ HTTP/1.1" 200 14155
INFO 2025-05-28 20:32:39,332 basehttp "GET /admin/jsi18n/ HTTP/1.1" 200 3342
INFO 2025-05-28 20:32:50,300 basehttp "GET /admin/estateAgency/glossaryentry/ HTTP/1.1" 200 14202
INFO 2025-05-28 20:32:50,312 basehttp "GET /admin/jsi18n/ HTTP/1.1" 200 3342
INFO 2025-05-28 20:34:42,426 basehttp "GET /admin/estateAgency/client/ HTTP/1.1" 200 17765
INFO 2025-05-28 20:34:42,442 basehttp "GET /admin/jsi18n/ HTTP/1.1" 200 3342
INFO 2025-05-28 20:34:42,454 basehttp "GET /static/admin/img/icon-viewlink.svg HTTP/1.1" 304 0
INFO 2025-05-28 20:35:16,748 basehttp "GET /contacts/ HTTP/1.1" 200 852
WARNING 2025-05-28 20:35:22,367 log Not Found: /cru/
WARNING 2025-05-28 20:35:22,367 basehttp "GET /cru/ HTTP/1.1" 404 14639
INFO 2025-05-28 20:35:27,856 basehttp "GET /crud/ HTTP/1.1" 200 1205
INFO 2025-05-28 20:35:33,177 basehttp "GET /crud/employees/ HTTP/1.1" 200 1114
INFO 2025-05-28 20:35:57,814 basehttp "GET /admin/estateAgency/employee/ HTTP/1.1" 200 15311
INFO 2025-05-28 20:35:57,830 basehttp "GET /admin/jsi18n/ HTTP/1.1" 200 3342
INFO 2025-05-28 20:36:00,427 basehttp "GET /admin/estateAgency/employee/add/ HTTP/1.1" 200 18523
INFO 2025-05-28 20:36:00,444 basehttp "GET /static/admin/img/icon-changelink.svg HTTP/1.1" 304 0
INFO 2025-05-28 20:36:00,445 basehttp "GET /admin/jsi18n/ HTTP/1.1" 200 3342
INFO 2025-05-28 20:36:14,946 basehttp "GET /admin/estateAgency/profile/ HTTP/1.1" 200 19083
INFO 2025-05-28 20:36:14,961 basehttp "GET /admin/jsi18n/ HTTP/1.1" 200 3342
INFO 2025-05-28 20:36:23,475 basehttp "GET /admin/estateAgency/employee/ HTTP/1.1" 200 15311
INFO 2025-05-28 20:36:23,490 basehttp "GET /admin/jsi18n/ HTTP/1.1" 200 3342
INFO 2025-05-28 20:36:25,359 basehttp "GET /admin/estateAgency/employee/add/ HTTP/1.1" 200 18523
INFO 2025-05-28 20:36:25,373 basehttp "GET /admin/jsi18n/ HTTP/1.1" 200 3342
INFO 2025-05-28 20:36:44,204 basehttp "GET /admin/estateAgency/property/add/?_to_field=id&_popup=1 HTTP/1.1" 200 12837
INFO 2025-05-28 20:36:44,220 basehttp "GET /static/admin/img/icon-deletelink.svg HTTP/1.1" 304 0
INFO 2025-05-28 20:36:44,222 basehttp "GET /admin/jsi18n/ HTTP/1.1" 200 3342
INFO 2025-05-28 20:36:50,684 basehttp "POST /admin/estateAgency/employee/add/ HTTP/1.1" 302 0
INFO 2025-05-28 20:36:50,697 basehttp "GET /admin/estateAgency/employee/ HTTP/1.1" 200 17654
INFO 2025-05-28 20:36:50,709 basehttp "GET /admin/jsi18n/ HTTP/1.1" 200 3342
INFO 2025-05-28 20:36:50,717 basehttp "GET /static/admin/img/icon-yes.svg HTTP/1.1" 304 0
INFO 2025-05-28 20:36:54,759 basehttp "GET /admin/estateAgency/employee/1/change/ HTTP/1.1" 200 18842
INFO 2025-05-28 20:36:54,771 basehttp "GET /admin/jsi18n/ HTTP/1.1" 200 3342
INFO 2025-05-28 20:36:57,744 basehttp "GET /admin/estateAgency/employee/ HTTP/1.1" 200 17424
INFO 2025-05-28 20:37:41,130 autoreload /Users/user/Desktop/igi/353505_Chuiko_26/IGI/LR5/Agency/estateAgency/urls.py changed, reloading.
INFO 2025-05-28 20:37:41,591 autoreload Watching for file changes with StatReloader
INFO 2025-05-28 20:37:56,354 autoreload /Users/user/Desktop/igi/353505_Chuiko_26/IGI/LR5/Agency/estateAgency/urls.py changed, reloading.
INFO 2025-05-28 20:37:56,796 autoreload Watching for file changes with StatReloader
INFO 2025-05-28 20:38:02,286 autoreload /Users/user/Desktop/igi/353505_Chuiko_26/IGI/LR5/Agency/estateAgency/urls.py changed, reloading.
INFO 2025-05-28 20:38:02,597 autoreload Watching for file changes with StatReloader
INFO 2025-05-28 20:38:11,058 autoreload /Users/user/Desktop/igi/353505_Chuiko_26/IGI/LR5/Agency/estateAgency/views.py changed, reloading.
INFO 2025-05-28 20:38:11,374 autoreload Watching for file changes with StatReloader
INFO 2025-05-28 20:38:13,704 autoreload /Users/user/Desktop/igi/353505_Chuiko_26/IGI/LR5/Agency/estateAgency/views.py changed, reloading.
INFO 2025-05-28 20:38:13,927 autoreload Watching for file changes with StatReloader
INFO 2025-05-28 20:38:21,072 autoreload /Users/user/Desktop/igi/353505_Chuiko_26/IGI/LR5/Agency/estateAgency/views.py changed, reloading.
INFO 2025-05-28 20:38:21,278 autoreload Watching for file changes with StatReloader
ERROR 2025-05-28 20:43:12,092 log Internal Server Error: /reviews/
Traceback (most recent call last):
  File "/Users/user/Desktop/igi/353505_Chuiko_26/IGI/LR5/Agency/venv/lib/python3.13/site-packages/django/core/handlers/exception.py", line 55, in inner
    response = get_response(request)
  File "/Users/user/Desktop/igi/353505_Chuiko_26/IGI/LR5/Agency/venv/lib/python3.13/site-packages/django/core/handlers/base.py", line 197, in _get_response
    response = wrapped_callback(request, *callback_args, **callback_kwargs)
  File "/Users/user/Desktop/igi/353505_Chuiko_26/IGI/LR5/Agency/estateAgency/views.py", line 84, in reviews_list
    reviews = Review.objects.select_related('client__profile').order_by('-date')
  File "/Users/user/Desktop/igi/353505_Chuiko_26/IGI/LR5/Agency/venv/lib/python3.13/site-packages/django/db/models/query.py", line 1718, in order_by
    obj.query.add_ordering(*field_names)
    ~~~~~~~~~~~~~~~~~~~~~~^^^^^^^^^^^^^^
  File "/Users/user/Desktop/igi/353505_Chuiko_26/IGI/LR5/Agency/venv/lib/python3.13/site-packages/django/db/models/sql/query.py", line 2288, in add_ordering
    self.names_to_path(item.split(LOOKUP_SEP), self.model._meta)
    ~~~~~~~~~~~~~~~~~~^^^^^^^^^^^^^^^^^^^^^^^^^^^^^^^^^^^^^^^^^^
  File "/Users/user/Desktop/igi/353505_Chuiko_26/IGI/LR5/Agency/venv/lib/python3.13/site-packages/django/db/models/sql/query.py", line 1802, in names_to_path
    raise FieldError(
    ...<2 lines>...
    )
django.core.exceptions.FieldError: Cannot resolve keyword 'date' into field. Choices are: agent, agent_id, client, client_id, created_at, id, rating, text, updated_at
ERROR 2025-05-28 20:43:12,094 basehttp "GET /reviews/ HTTP/1.1" 500 80368
INFO 2025-05-28 20:46:22,935 autoreload /Users/user/Desktop/igi/353505_Chuiko_26/IGI/LR5/Agency/estateAgency/views.py changed, reloading.
INFO 2025-05-28 20:46:23,295 autoreload Watching for file changes with StatReloader
INFO 2025-05-28 20:46:26,369 autoreload /Users/user/Desktop/igi/353505_Chuiko_26/IGI/LR5/Agency/estateAgency/views.py changed, reloading.
INFO 2025-05-28 20:46:26,559 autoreload Watching for file changes with StatReloader
INFO 2025-05-28 20:46:54,570 basehttp "GET /reviews/ HTTP/1.1" 200 940
INFO 2025-05-28 21:30:32,876 basehttp "GET /admin/estateAgency/client/ HTTP/1.1" 200 17765
INFO 2025-05-28 21:30:32,901 basehttp "GET /admin/jsi18n/ HTTP/1.1" 200 3342
INFO 2025-05-28 21:37:11,072 basehttp "GET /login/ HTTP/1.1" 200 1489
INFO 2025-05-28 21:38:00,807 autoreload /Users/user/Desktop/igi/353505_Chuiko_26/IGI/LR5/Agency/estateAgency/urls.py changed, reloading.
INFO 2025-05-28 21:38:01,224 autoreload Watching for file changes with StatReloader
INFO 2025-05-28 21:38:21,005 autoreload /Users/user/Desktop/igi/353505_Chuiko_26/IGI/LR5/Agency/estateAgency/auth_views.py changed, reloading.
INFO 2025-05-28 21:38:21,327 autoreload Watching for file changes with StatReloader
INFO 2025-05-28 21:38:23,900 autoreload /Users/user/Desktop/igi/353505_Chuiko_26/IGI/LR5/Agency/estateAgency/auth_views.py changed, reloading.
INFO 2025-05-28 21:38:24,118 autoreload Watching for file changes with StatReloader
INFO 2025-05-28 21:38:32,598 autoreload /Users/user/Desktop/igi/353505_Chuiko_26/IGI/LR5/Agency/estateAgency/urls.py changed, reloading.
INFO 2025-05-28 21:38:32,835 autoreload Watching for file changes with StatReloader
INFO 2025-05-28 21:38:35,263 autoreload /Users/user/Desktop/igi/353505_Chuiko_26/IGI/LR5/Agency/estateAgency/urls.py changed, reloading.
INFO 2025-05-28 21:38:35,476 autoreload Watching for file changes with StatReloader
INFO 2025-05-28 21:38:56,080 autoreload /Users/user/Desktop/igi/353505_Chuiko_26/IGI/LR5/Agency/estateAgency/urls.py changed, reloading.
INFO 2025-05-28 21:38:56,429 autoreload Watching for file changes with StatReloader
INFO 2025-05-28 21:38:57,841 autoreload /Users/user/Desktop/igi/353505_Chuiko_26/IGI/LR5/Agency/estateAgency/urls.py changed, reloading.
INFO 2025-05-28 21:38:58,049 autoreload Watching for file changes with StatReloader
INFO 2025-05-28 21:38:59,458 autoreload /Users/user/Desktop/igi/353505_Chuiko_26/IGI/LR5/Agency/estateAgency/urls.py changed, reloading.
INFO 2025-05-28 21:38:59,661 autoreload Watching for file changes with StatReloader
INFO 2025-05-28 21:39:02,986 autoreload /Users/user/Desktop/igi/353505_Chuiko_26/IGI/LR5/Agency/estateAgency/urls.py changed, reloading.
INFO 2025-05-28 21:39:03,226 autoreload Watching for file changes with StatReloader
INFO 2025-05-28 21:39:04,248 basehttp "GET /logout/ HTTP/1.1" 200 1489
ERROR 2025-05-28 21:39:44,066 log Internal Server Error: /privacy-policy/
Traceback (most recent call last):
  File "/Users/user/Desktop/igi/353505_Chuiko_26/IGI/LR5/Agency/venv/lib/python3.13/site-packages/django/core/handlers/exception.py", line 55, in inner
    response = get_response(request)
  File "/Users/user/Desktop/igi/353505_Chuiko_26/IGI/LR5/Agency/venv/lib/python3.13/site-packages/django/core/handlers/base.py", line 197, in _get_response
    response = wrapped_callback(request, *callback_args, **callback_kwargs)
  File "/Users/user/Desktop/igi/353505_Chuiko_26/IGI/LR5/Agency/estateAgency/views.py", line 111, in privacy_policy
    return render(request, 'privacy/privacy_policy.html')
  File "/Users/user/Desktop/igi/353505_Chuiko_26/IGI/LR5/Agency/venv/lib/python3.13/site-packages/django/shortcuts.py", line 25, in render
    content = loader.render_to_string(template_name, context, request, using=using)
  File "/Users/user/Desktop/igi/353505_Chuiko_26/IGI/LR5/Agency/venv/lib/python3.13/site-packages/django/template/loader.py", line 61, in render_to_string
    template = get_template(template_name, using=using)
  File "/Users/user/Desktop/igi/353505_Chuiko_26/IGI/LR5/Agency/venv/lib/python3.13/site-packages/django/template/loader.py", line 19, in get_template
    raise TemplateDoesNotExist(template_name, chain=chain)
django.template.exceptions.TemplateDoesNotExist: privacy/privacy_policy.html
ERROR 2025-05-28 21:39:44,068 basehttp "GET /privacy-policy/ HTTP/1.1" 500 79449
ERROR 2025-05-28 21:40:30,419 log Internal Server Error: /privacy-policy/
Traceback (most recent call last):
  File "/Users/user/Desktop/igi/353505_Chuiko_26/IGI/LR5/Agency/venv/lib/python3.13/site-packages/django/core/handlers/exception.py", line 55, in inner
    response = get_response(request)
  File "/Users/user/Desktop/igi/353505_Chuiko_26/IGI/LR5/Agency/venv/lib/python3.13/site-packages/django/core/handlers/base.py", line 197, in _get_response
    response = wrapped_callback(request, *callback_args, **callback_kwargs)
  File "/Users/user/Desktop/igi/353505_Chuiko_26/IGI/LR5/Agency/estateAgency/views.py", line 111, in privacy_policy
    return render(request, 'privacy/privacy_policy.html')
  File "/Users/user/Desktop/igi/353505_Chuiko_26/IGI/LR5/Agency/venv/lib/python3.13/site-packages/django/shortcuts.py", line 25, in render
    content = loader.render_to_string(template_name, context, request, using=using)
  File "/Users/user/Desktop/igi/353505_Chuiko_26/IGI/LR5/Agency/venv/lib/python3.13/site-packages/django/template/loader.py", line 61, in render_to_string
    template = get_template(template_name, using=using)
  File "/Users/user/Desktop/igi/353505_Chuiko_26/IGI/LR5/Agency/venv/lib/python3.13/site-packages/django/template/loader.py", line 19, in get_template
    raise TemplateDoesNotExist(template_name, chain=chain)
django.template.exceptions.TemplateDoesNotExist: privacy/privacy_policy.html
ERROR 2025-05-28 21:40:30,420 basehttp "GET /privacy-policy/ HTTP/1.1" 500 79586
ERROR 2025-05-28 21:40:35,351 log Internal Server Error: /privacy-policy/
Traceback (most recent call last):
  File "/Users/user/Desktop/igi/353505_Chuiko_26/IGI/LR5/Agency/venv/lib/python3.13/site-packages/django/core/handlers/exception.py", line 55, in inner
    response = get_response(request)
  File "/Users/user/Desktop/igi/353505_Chuiko_26/IGI/LR5/Agency/venv/lib/python3.13/site-packages/django/core/handlers/base.py", line 197, in _get_response
    response = wrapped_callback(request, *callback_args, **callback_kwargs)
  File "/Users/user/Desktop/igi/353505_Chuiko_26/IGI/LR5/Agency/estateAgency/views.py", line 111, in privacy_policy
    return render(request, 'privacy/privacy_policy.html')
  File "/Users/user/Desktop/igi/353505_Chuiko_26/IGI/LR5/Agency/venv/lib/python3.13/site-packages/django/shortcuts.py", line 25, in render
    content = loader.render_to_string(template_name, context, request, using=using)
  File "/Users/user/Desktop/igi/353505_Chuiko_26/IGI/LR5/Agency/venv/lib/python3.13/site-packages/django/template/loader.py", line 61, in render_to_string
    template = get_template(template_name, using=using)
  File "/Users/user/Desktop/igi/353505_Chuiko_26/IGI/LR5/Agency/venv/lib/python3.13/site-packages/django/template/loader.py", line 19, in get_template
    raise TemplateDoesNotExist(template_name, chain=chain)
django.template.exceptions.TemplateDoesNotExist: privacy/privacy_policy.html
ERROR 2025-05-28 21:40:35,351 basehttp "GET /privacy-policy/ HTTP/1.1" 500 79449
ERROR 2025-05-28 21:42:58,522 log Internal Server Error: /privacy-policy/
Traceback (most recent call last):
  File "/Users/user/Desktop/igi/353505_Chuiko_26/IGI/LR5/Agency/venv/lib/python3.13/site-packages/django/core/handlers/exception.py", line 55, in inner
    response = get_response(request)
  File "/Users/user/Desktop/igi/353505_Chuiko_26/IGI/LR5/Agency/venv/lib/python3.13/site-packages/django/core/handlers/base.py", line 197, in _get_response
    response = wrapped_callback(request, *callback_args, **callback_kwargs)
  File "/Users/user/Desktop/igi/353505_Chuiko_26/IGI/LR5/Agency/estateAgency/views.py", line 111, in privacy_policy
    return render(request, 'privacy/privacy_policy.html')
  File "/Users/user/Desktop/igi/353505_Chuiko_26/IGI/LR5/Agency/venv/lib/python3.13/site-packages/django/shortcuts.py", line 25, in render
    content = loader.render_to_string(template_name, context, request, using=using)
  File "/Users/user/Desktop/igi/353505_Chuiko_26/IGI/LR5/Agency/venv/lib/python3.13/site-packages/django/template/loader.py", line 61, in render_to_string
    template = get_template(template_name, using=using)
  File "/Users/user/Desktop/igi/353505_Chuiko_26/IGI/LR5/Agency/venv/lib/python3.13/site-packages/django/template/loader.py", line 19, in get_template
    raise TemplateDoesNotExist(template_name, chain=chain)
django.template.exceptions.TemplateDoesNotExist: privacy/privacy_policy.html
ERROR 2025-05-28 21:42:58,523 basehttp "GET /privacy-policy/ HTTP/1.1" 500 79586
INFO 2025-05-28 21:43:08,256 autoreload /Users/user/Desktop/igi/353505_Chuiko_26/IGI/LR5/Agency/estateAgency/views.py changed, reloading.
INFO 2025-05-28 21:43:08,624 autoreload Watching for file changes with StatReloader
INFO 2025-05-28 21:43:24,264 autoreload /Users/user/Desktop/igi/353505_Chuiko_26/IGI/LR5/Agency/estateAgency/urls.py changed, reloading.
INFO 2025-05-28 21:43:24,587 autoreload Watching for file changes with StatReloader
INFO 2025-05-28 21:43:46,328 autoreload /Users/user/Desktop/igi/353505_Chuiko_26/IGI/LR5/Agency/estateAgency/urls.py changed, reloading.
INFO 2025-05-28 21:43:46,659 autoreload Watching for file changes with StatReloader
INFO 2025-05-28 21:43:49,301 basehttp "GET /privacy-policy/ HTTP/1.1" 200 2681
INFO 2025-05-28 21:44:27,828 autoreload /Users/user/Desktop/igi/353505_Chuiko_26/IGI/LR5/Agency/estateAgency/views.py changed, reloading.
INFO 2025-05-28 21:44:28,168 autoreload Watching for file changes with StatReloader
INFO 2025-05-28 21:44:29,607 autoreload /Users/user/Desktop/igi/353505_Chuiko_26/IGI/LR5/Agency/estateAgency/views.py changed, reloading.
INFO 2025-05-28 21:44:29,812 autoreload Watching for file changes with StatReloader
INFO 2025-05-28 21:44:35,672 basehttp "GET /privacy-policy/ HTTP/1.1" 200 2681
INFO 2025-05-28 21:44:38,457 basehttp "GET /about/ HTTP/1.1" 200 2641
WARNING 2025-05-28 21:44:38,480 log Not Found: /media/placeholder.png
WARNING 2025-05-28 21:44:38,481 basehttp "GET /media/placeholder.png HTTP/1.1" 404 15200
INFO 2025-05-28 21:44:39,056 basehttp "GET /crud/properties/ HTTP/1.1" 200 1812
INFO 2025-05-28 21:44:39,909 basehttp "GET /news/ HTTP/1.1" 200 1237
INFO 2025-05-28 21:44:40,495 basehttp "GET /contacts/ HTTP/1.1" 200 1115
INFO 2025-05-28 21:44:41,013 basehttp "GET /reviews/ HTTP/1.1" 200 940
INFO 2025-05-28 21:44:41,527 basehttp "GET /promo-codes/ HTTP/1.1" 200 958
INFO 2025-05-28 21:44:42,038 basehttp "GET /privacy-policy/ HTTP/1.1" 200 2681
INFO 2025-05-28 21:44:43,817 basehttp "GET / HTTP/1.1" 200 2258
INFO 2025-05-28 21:46:28,792 basehttp "GET /admin/auth/user/ HTTP/1.1" 200 19951
INFO 2025-05-28 21:46:28,812 basehttp "GET /static/admin/img/icon-no.svg HTTP/1.1" 304 0
INFO 2025-05-28 21:46:28,813 basehttp "GET /admin/jsi18n/ HTTP/1.1" 200 3342
INFO 2025-05-28 21:46:28,826 basehttp "GET /static/admin/img/sorting-icons.svg HTTP/1.1" 304 0
INFO 2025-05-28 21:46:41,648 basehttp "GET /admin/auth/user/6/change/ HTTP/1.1" 200 31744
INFO 2025-05-28 21:46:41,666 basehttp "GET /static/admin/js/admin/DateTimeShortcuts.js HTTP/1.1" 304 0
INFO 2025-05-28 21:46:41,666 basehttp "GET /static/admin/js/calendar.js HTTP/1.1" 304 0
INFO 2025-05-28 21:46:41,668 basehttp "GET /static/admin/js/SelectBox.js HTTP/1.1" 304 0
INFO 2025-05-28 21:46:41,668 basehttp "GET /static/admin/js/SelectFilter2.js HTTP/1.1" 304 0
INFO 2025-05-28 21:46:41,669 basehttp "GET /admin/jsi18n/ HTTP/1.1" 200 3342
INFO 2025-05-28 21:46:41,707 basehttp "GET /static/admin/img/selector-icons.svg HTTP/1.1" 304 0
INFO 2025-05-28 21:46:41,708 basehttp "GET /static/admin/img/icon-clock.svg HTTP/1.1" 304 0
INFO 2025-05-28 21:46:41,708 basehttp "GET /static/admin/img/icon-calendar.svg HTTP/1.1" 304 0
INFO 2025-05-28 21:46:46,649 basehttp "GET /admin/auth/user/6/delete/ HTTP/1.1" 200 14095
INFO 2025-05-28 21:46:46,667 basehttp "GET /static/admin/js/cancel.js HTTP/1.1" 200 884
INFO 2025-05-28 21:46:53,998 basehttp "GET /admin/auth/user/6/change/ HTTP/1.1" 200 31744
INFO 2025-05-28 21:46:55,772 basehttp "GET /admin/auth/user/ HTTP/1.1" 200 19951
INFO 2025-05-28 21:46:57,320 basehttp "GET /admin/auth/user/4/change/ HTTP/1.1" 200 31736
INFO 2025-05-28 21:46:57,337 basehttp "GET /admin/jsi18n/ HTTP/1.1" 200 3342
INFO 2025-05-28 21:46:59,341 basehttp "GET /admin/auth/user/4/delete/ HTTP/1.1" 200 13821
INFO 2025-05-28 21:47:02,974 basehttp "POST /admin/auth/user/4/delete/ HTTP/1.1" 302 0
INFO 2025-05-28 21:47:02,990 basehttp "GET /admin/auth/user/ HTTP/1.1" 200 19645
INFO 2025-05-28 21:47:03,006 basehttp "GET /admin/jsi18n/ HTTP/1.1" 200 3342
INFO 2025-05-28 21:47:07,070 basehttp "GET /admin/auth/user/3/change/ HTTP/1.1" 200 31467
INFO 2025-05-28 21:47:07,086 basehttp "GET /admin/jsi18n/ HTTP/1.1" 200 3342
INFO 2025-05-28 21:47:12,498 basehttp "GET /admin/estateAgency/client/ HTTP/1.1" 200 17765
INFO 2025-05-28 21:47:12,515 basehttp "GET /admin/jsi18n/ HTTP/1.1" 200 3342
INFO 2025-05-28 21:47:13,959 basehttp "GET /admin/estateAgency/client/2/change/ HTTP/1.1" 200 18260
INFO 2025-05-28 21:47:13,975 basehttp "GET /admin/jsi18n/ HTTP/1.1" 200 3342
INFO 2025-05-28 21:47:16,337 basehttp "GET /admin/estateAgency/client/ HTTP/1.1" 200 17765
INFO 2025-05-28 21:47:16,354 basehttp "GET /admin/jsi18n/ HTTP/1.1" 200 3342
INFO 2025-05-28 21:47:19,986 basehttp "GET /admin/estateAgency/owner/ HTTP/1.1" 200 14101
INFO 2025-05-28 21:47:20,003 basehttp "GET /admin/jsi18n/ HTTP/1.1" 200 3342
INFO 2025-05-28 21:47:27,494 basehttp "GET /admin/estateAgency/employee/ HTTP/1.1" 200 17424
INFO 2025-05-28 21:47:27,513 basehttp "GET /admin/jsi18n/ HTTP/1.1" 200 3342
INFO 2025-05-28 21:47:28,893 basehttp "GET /admin/estateAgency/employee/1/change/ HTTP/1.1" 200 18793
INFO 2025-05-28 21:47:28,907 basehttp "GET /admin/jsi18n/ HTTP/1.1" 200 3342
INFO 2025-05-28 21:47:35,888 basehttp "GET /admin/auth/user/ HTTP/1.1" 200 19493
INFO 2025-05-28 21:47:35,904 basehttp "GET /admin/jsi18n/ HTTP/1.1" 200 3342
INFO 2025-05-28 21:47:44,017 basehttp "GET /admin/estateAgency/employee/ HTTP/1.1" 200 17424
INFO 2025-05-28 21:47:44,227 basehttp "GET /admin/jsi18n/ HTTP/1.1" 200 3342
INFO 2025-05-28 21:47:47,875 basehttp "GET /admin/estateAgency/employee/add/ HTTP/1.1" 200 18474
INFO 2025-05-28 21:47:47,891 basehttp "GET /admin/jsi18n/ HTTP/1.1" 200 3342
INFO 2025-05-28 21:47:56,692 basehttp "GET /admin/estateAgency/client/ HTTP/1.1" 200 17765
INFO 2025-05-28 21:47:56,708 basehttp "GET /admin/jsi18n/ HTTP/1.1" 200 3342
INFO 2025-05-28 21:47:59,357 basehttp "GET /admin/estateAgency/client/2/change/ HTTP/1.1" 200 18260
INFO 2025-05-28 21:47:59,374 basehttp "GET /admin/jsi18n/ HTTP/1.1" 200 3342
INFO 2025-05-28 21:48:06,330 basehttp "GET /admin/estateAgency/client/ HTTP/1.1" 200 17765
INFO 2025-05-28 21:48:21,269 basehttp "GET /admin/estateAgency/profile/5/change/?_to_field=id&_popup=1 HTTP/1.1" 200 8275
INFO 2025-05-28 21:48:21,291 basehttp "GET /admin/jsi18n/ HTTP/1.1" 200 3342
INFO 2025-05-28 21:48:33,689 basehttp "GET /admin/estateAgency/profile/5/change/?_to_field=id&_popup=1 HTTP/1.1" 200 8275
INFO 2025-05-28 21:48:33,708 basehttp "GET /admin/jsi18n/ HTTP/1.1" 200 3342
INFO 2025-05-28 21:48:47,736 basehttp "GET /admin/estateAgency/profile/5/change/?_to_field=id&_popup=1 HTTP/1.1" 200 8275
INFO 2025-05-28 21:48:47,757 basehttp "GET /admin/jsi18n/ HTTP/1.1" 200 3342
INFO 2025-05-28 23:34:28,879 basehttp "GET /admin/estateAgency/owner/ HTTP/1.1" 200 14101
INFO 2025-05-28 23:34:28,920 basehttp "GET /admin/jsi18n/ HTTP/1.1" 200 3342
INFO 2025-05-28 23:34:30,937 basehttp "GET /admin/estateAgency/owner/add/ HTTP/1.1" 200 17215
INFO 2025-05-28 23:34:30,955 basehttp "GET /static/admin/css/base.css HTTP/1.1" 304 0
INFO 2025-05-28 23:34:30,956 basehttp "GET /static/admin/css/dark_mode.css HTTP/1.1" 304 0
INFO 2025-05-28 23:34:30,957 basehttp "GET /static/admin/css/nav_sidebar.css HTTP/1.1" 304 0
INFO 2025-05-28 23:34:30,958 basehttp "GET /static/admin/js/theme.js HTTP/1.1" 304 0
INFO 2025-05-28 23:34:30,958 basehttp "GET /static/admin/css/responsive.css HTTP/1.1" 304 0
INFO 2025-05-28 23:34:30,960 basehttp "GET /admin/jsi18n/ HTTP/1.1" 200 3342
INFO 2025-05-28 23:34:30,962 basehttp "GET /static/admin/js/nav_sidebar.js HTTP/1.1" 304 0
INFO 2025-05-28 23:34:39,048 basehttp "GET /admin/estateAgency/profile/add/?_to_field=id&_popup=1 HTTP/1.1" 200 8143
INFO 2025-05-28 23:34:39,068 basehttp "GET /admin/jsi18n/ HTTP/1.1" 200 3342
INFO 2025-05-28 23:35:00,316 basehttp "GET /admin/auth/user/2/change/?_to_field=id HTTP/1.1" 200 31512
INFO 2025-05-28 23:35:00,332 basehttp "GET /admin/jsi18n/ HTTP/1.1" 200 3342
INFO 2025-05-28 23:35:02,345 basehttp "GET /admin/estateAgency/profile/add/?_to_field=id&_popup=1 HTTP/1.1" 200 8143
INFO 2025-05-28 23:35:08,649 basehttp "POST /admin/estateAgency/profile/add/?_to_field=id&_popup=1 HTTP/1.1" 200 8407
INFO 2025-05-28 23:35:08,662 basehttp "GET /admin/jsi18n/ HTTP/1.1" 200 3342
INFO 2025-05-28 23:35:14,365 basehttp "POST /admin/estateAgency/profile/add/?_to_field=id&_popup=1 HTTP/1.1" 200 8407
INFO 2025-05-28 23:35:14,378 basehttp "GET /admin/jsi18n/ HTTP/1.1" 200 3342
INFO 2025-05-28 23:35:15,496 basehttp "POST /admin/estateAgency/profile/add/?_to_field=id&_popup=1 HTTP/1.1" 200 8407
INFO 2025-05-28 23:35:15,510 basehttp "GET /admin/jsi18n/ HTTP/1.1" 200 3342
INFO 2025-05-28 23:35:23,229 basehttp "POST /admin/estateAgency/profile/add/?_to_field=id&_popup=1 HTTP/1.1" 200 8392
INFO 2025-05-28 23:35:23,243 basehttp "GET /admin/jsi18n/ HTTP/1.1" 200 3342
INFO 2025-05-28 23:35:27,329 basehttp "POST /admin/estateAgency/profile/add/?_to_field=id&_popup=1 HTTP/1.1" 200 8407
INFO 2025-05-28 23:35:27,343 basehttp "GET /admin/jsi18n/ HTTP/1.1" 200 3342
INFO 2025-05-28 23:35:29,947 basehttp "GET /admin/auth/user/add/?_to_field=id&_popup=1 HTTP/1.1" 200 8107
INFO 2025-05-28 23:35:29,961 basehttp "GET /static/admin/css/unusable_password_field.css HTTP/1.1" 304 0
INFO 2025-05-28 23:35:29,963 basehttp "GET /static/admin/js/unusable_password_field.js HTTP/1.1" 304 0
INFO 2025-05-28 23:35:29,963 basehttp "GET /admin/jsi18n/ HTTP/1.1" 200 3342
INFO 2025-05-28 23:35:37,797 basehttp "POST /admin/auth/user/add/?_to_field=id&_popup=1 HTTP/1.1" 200 329
INFO 2025-05-28 23:35:37,810 basehttp "GET /static/admin/js/popup_response.js HTTP/1.1" 304 0
INFO 2025-05-28 23:35:40,873 basehttp "POST /admin/estateAgency/profile/add/?_to_field=id&_popup=1 HTTP/1.1" 200 328
INFO 2025-05-28 23:35:56,008 basehttp "GET /admin/estateAgency/profile/7/change/?_to_field=id&_popup=1 HTTP/1.1" 200 8292
INFO 2025-05-28 23:35:56,018 basehttp "GET /admin/jsi18n/ HTTP/1.1" 200 3342
INFO 2025-05-28 23:36:03,872 basehttp "GET /admin/auth/user/ HTTP/1.1" 200 19941
INFO 2025-05-28 23:36:03,888 basehttp "GET /admin/jsi18n/ HTTP/1.1" 200 3342
INFO 2025-05-28 23:36:07,371 basehttp "GET /admin/auth/group/ HTTP/1.1" 200 14097
INFO 2025-05-28 23:36:07,385 basehttp "GET /admin/jsi18n/ HTTP/1.1" 200 3342
INFO 2025-05-28 23:36:10,121 basehttp "GET /admin/estateAgency/profile/ HTTP/1.1" 200 19174
INFO 2025-05-28 23:36:10,137 basehttp "GET /admin/jsi18n/ HTTP/1.1" 200 3342
INFO 2025-05-28 23:36:16,992 basehttp "GET /admin/estateAgency/owner/ HTTP/1.1" 200 14101
INFO 2025-05-28 23:36:17,011 basehttp "GET /admin/jsi18n/ HTTP/1.1" 200 3342
INFO 2025-05-28 23:36:19,283 basehttp "GET /admin/estateAgency/owner/add/ HTTP/1.1" 200 17254
INFO 2025-05-28 23:36:19,298 basehttp "GET /admin/jsi18n/ HTTP/1.1" 200 3342
INFO 2025-05-28 23:36:22,973 basehttp "GET /admin/estateAgency/profile/7/change/?_to_field=id&_popup=1 HTTP/1.1" 200 8292
INFO 2025-05-28 23:36:22,994 basehttp "GET /admin/jsi18n/ HTTP/1.1" 200 3342
INFO 2025-05-28 23:36:28,270 basehttp "GET /admin/auth/user/7/change/?_to_field=id&_popup=1 HTTP/1.1" 200 21076
INFO 2025-05-28 23:36:28,281 basehttp "GET /admin/jsi18n/ HTTP/1.1" 200 3342
INFO 2025-05-28 23:36:58,086 basehttp "GET /admin/estateAgency/profile/7/change/?_to_field=id HTTP/1.1" 200 18754
INFO 2025-05-28 23:36:58,106 basehttp "GET /admin/jsi18n/ HTTP/1.1" 200 3342
INFO 2025-05-28 23:37:10,900 basehttp "GET /admin/estateAgency/owner/ HTTP/1.1" 200 14101
INFO 2025-05-28 23:37:10,916 basehttp "GET /admin/jsi18n/ HTTP/1.1" 200 3342
INFO 2025-05-28 23:37:13,833 basehttp "GET /admin/estateAgency/profile/ HTTP/1.1" 200 19174
INFO 2025-05-28 23:37:13,853 basehttp "GET /admin/jsi18n/ HTTP/1.1" 200 3342
INFO 2025-05-28 23:37:15,908 basehttp "GET /admin/estateAgency/owner/ HTTP/1.1" 200 14101
INFO 2025-05-28 23:37:15,924 basehttp "GET /admin/jsi18n/ HTTP/1.1" 200 3342
INFO 2025-05-28 23:38:12,741 autoreload /Users/user/Desktop/igi/353505_Chuiko_26/IGI/LR5/Agency/estateAgency/models.py changed, reloading.
INFO 2025-05-28 23:38:13,342 autoreload Watching for file changes with StatReloader
INFO 2025-05-28 23:38:19,538 autoreload /Users/user/Desktop/igi/353505_Chuiko_26/IGI/LR5/Agency/estateAgency/models.py changed, reloading.
INFO 2025-05-28 23:38:19,816 autoreload Watching for file changes with StatReloader
INFO 2025-05-28 23:38:21,284 autoreload /Users/user/Desktop/igi/353505_Chuiko_26/IGI/LR5/Agency/estateAgency/models.py changed, reloading.
INFO 2025-05-28 23:38:21,492 autoreload Watching for file changes with StatReloader
INFO 2025-05-28 23:38:24,935 autoreload /Users/user/Desktop/igi/353505_Chuiko_26/IGI/LR5/Agency/estateAgency/models.py changed, reloading.
INFO 2025-05-28 23:38:25,155 autoreload Watching for file changes with StatReloader
INFO 2025-05-28 23:38:42,594 basehttp "GET /admin/estateAgency/owner/ HTTP/1.1" 200 14101
INFO 2025-05-28 23:38:42,610 basehttp "GET /admin/jsi18n/ HTTP/1.1" 200 3342
INFO 2025-05-28 23:38:44,172 basehttp "GET /admin/estateAgency/owner/add/ HTTP/1.1" 200 17228
INFO 2025-05-28 23:38:44,188 basehttp "GET /admin/jsi18n/ HTTP/1.1" 200 3342
INFO 2025-05-28 23:38:49,171 basehttp "GET /admin/estateAgency/property/add/?_to_field=id&_popup=1 HTTP/1.1" 200 12837
INFO 2025-05-28 23:38:49,186 basehttp "GET /admin/jsi18n/ HTTP/1.1" 200 3342
INFO 2025-05-28 23:38:54,547 basehttp "POST /admin/estateAgency/owner/add/ HTTP/1.1" 302 0
INFO 2025-05-28 23:38:54,568 basehttp "GET /admin/estateAgency/owner/ HTTP/1.1" 200 15790
INFO 2025-05-28 23:38:54,582 basehttp "GET /admin/jsi18n/ HTTP/1.1" 200 3342
INFO 2025-05-28 23:38:56,636 basehttp "GET /admin/estateAgency/owner/1/change/ HTTP/1.1" 200 17415
INFO 2025-05-28 23:38:56,652 basehttp "GET /admin/jsi18n/ HTTP/1.1" 200 3342
INFO 2025-05-28 23:41:01,354 autoreload /Users/user/Desktop/igi/353505_Chuiko_26/IGI/LR5/Agency/estateAgency/models.py changed, reloading.
INFO 2025-05-28 23:41:01,731 autoreload Watching for file changes with StatReloader
INFO 2025-05-28 23:41:02,877 autoreload /Users/user/Desktop/igi/353505_Chuiko_26/IGI/LR5/Agency/estateAgency/models.py changed, reloading.
INFO 2025-05-28 23:41:03,062 autoreload Watching for file changes with StatReloader
INFO 2025-05-28 23:41:52,395 autoreload /Users/user/Desktop/igi/353505_Chuiko_26/IGI/LR5/Agency/estateAgency/admin.py changed, reloading.
INFO 2025-05-28 23:41:52,783 autoreload Watching for file changes with StatReloader
INFO 2025-05-28 23:45:19,256 autoreload Watching for file changes with StatReloader
INFO 2025-05-28 23:45:24,759 basehttp "GET /admin/estateAgency/owner/1/change/ HTTP/1.1" 200 19132
INFO 2025-05-28 23:45:24,783 basehttp "GET /admin/jsi18n/ HTTP/1.1" 200 3342
INFO 2025-05-28 23:45:39,339 basehttp "POST /admin/estateAgency/owner/1/change/ HTTP/1.1" 302 0
INFO 2025-05-28 23:45:39,357 basehttp "GET /admin/estateAgency/owner/ HTTP/1.1" 200 15987
INFO 2025-05-28 23:45:39,370 basehttp "GET /admin/jsi18n/ HTTP/1.1" 200 3342
INFO 2025-05-28 23:45:44,079 basehttp "GET /admin/estateAgency/property/ HTTP/1.1" 200 15768
INFO 2025-05-28 23:45:44,100 basehttp "GET /admin/jsi18n/ HTTP/1.1" 200 3342
INFO 2025-05-28 23:45:45,943 basehttp "GET /admin/estateAgency/property/add/ HTTP/1.1" 200 23010
INFO 2025-05-28 23:45:45,961 basehttp "GET /admin/jsi18n/ HTTP/1.1" 200 3342
INFO 2025-05-28 23:45:49,534 basehttp "GET /admin/estateAgency/owner/?_to_field=id&_popup=1 HTTP/1.1" 200 5057
INFO 2025-05-28 23:45:53,766 basehttp "GET /admin/estateAgency/owner/?_to_field=id&_popup=1 HTTP/1.1" 200 5057
INFO 2025-05-28 23:46:00,226 basehttp "GET /admin/estateAgency/employee/?_to_field=id&_popup=1 HTTP/1.1" 200 6978
INFO 2025-05-28 23:46:27,699 basehttp "POST /admin/estateAgency/property/add/ HTTP/1.1" 302 0
INFO 2025-05-28 23:46:27,716 basehttp "GET /admin/estateAgency/property/ HTTP/1.1" 200 19005
INFO 2025-05-28 23:46:27,729 basehttp "GET /admin/jsi18n/ HTTP/1.1" 200 3342
INFO 2025-05-28 23:47:14,287 basehttp "GET / HTTP/1.1" 200 2827
INFO 2025-05-28 23:47:19,247 basehttp "GET /properties/1/ HTTP/1.1" 200 2696
WARNING 2025-05-28 23:47:19,270 log Not Found: /media/placeholder.png
WARNING 2025-05-28 23:47:19,270 basehttp "GET /media/placeholder.png HTTP/1.1" 404 15200
INFO 2025-05-28 23:47:22,409 basehttp "GET /crud/properties/ HTTP/1.1" 200 2196
INFO 2025-05-28 23:47:26,334 basehttp "GET /crud/properties/1/edit/ HTTP/1.1" 200 2824
INFO 2025-05-28 23:47:29,942 basehttp "GET /crud/properties/ HTTP/1.1" 200 2196
INFO 2025-05-28 23:47:32,264 basehttp "GET /crud/properties/add/ HTTP/1.1" 200 2759
ERROR 2025-05-28 23:48:01,965 log Internal Server Error: /crud/properties/add/
Traceback (most recent call last):
  File "/Users/user/Desktop/igi/353505_Chuiko_26/IGI/LR5/Agency/venv/lib/python3.13/site-packages/django/db/backends/utils.py", line 105, in _execute
    return self.cursor.execute(sql, params)
           ~~~~~~~~~~~~~~~~~~~^^^^^^^^^^^^^
  File "/Users/user/Desktop/igi/353505_Chuiko_26/IGI/LR5/Agency/venv/lib/python3.13/site-packages/django/db/backends/sqlite3/base.py", line 360, in execute
    return super().execute(query, params)
           ~~~~~~~~~~~~~~~^^^^^^^^^^^^^^^
sqlite3.IntegrityError: NOT NULL constraint failed: estateAgency_property.owner_id

The above exception was the direct cause of the following exception:

Traceback (most recent call last):
  File "/Users/user/Desktop/igi/353505_Chuiko_26/IGI/LR5/Agency/venv/lib/python3.13/site-packages/django/core/handlers/exception.py", line 55, in inner
    response = get_response(request)
  File "/Users/user/Desktop/igi/353505_Chuiko_26/IGI/LR5/Agency/venv/lib/python3.13/site-packages/django/core/handlers/base.py", line 197, in _get_response
    response = wrapped_callback(request, *callback_args, **callback_kwargs)
  File "/Users/user/Desktop/igi/353505_Chuiko_26/IGI/LR5/Agency/venv/lib/python3.13/site-packages/django/views/generic/base.py", line 104, in view
    return self.dispatch(request, *args, **kwargs)
           ~~~~~~~~~~~~~^^^^^^^^^^^^^^^^^^^^^^^^^^
  File "/Users/user/Desktop/igi/353505_Chuiko_26/IGI/LR5/Agency/venv/lib/python3.13/site-packages/django/views/generic/base.py", line 143, in dispatch
    return handler(request, *args, **kwargs)
  File "/Users/user/Desktop/igi/353505_Chuiko_26/IGI/LR5/Agency/venv/lib/python3.13/site-packages/django/views/generic/edit.py", line 182, in post
    return super().post(request, *args, **kwargs)
           ~~~~~~~~~~~~^^^^^^^^^^^^^^^^^^^^^^^^^^
  File "/Users/user/Desktop/igi/353505_Chuiko_26/IGI/LR5/Agency/venv/lib/python3.13/site-packages/django/views/generic/edit.py", line 151, in post
    return self.form_valid(form)
           ~~~~~~~~~~~~~~~^^^^^^
  File "/Users/user/Desktop/igi/353505_Chuiko_26/IGI/LR5/Agency/venv/lib/python3.13/site-packages/django/views/generic/edit.py", line 133, in form_valid
    self.object = form.save()
                  ~~~~~~~~~^^
  File "/Users/user/Desktop/igi/353505_Chuiko_26/IGI/LR5/Agency/venv/lib/python3.13/site-packages/django/forms/models.py", line 554, in save
    self.instance.save()
    ~~~~~~~~~~~~~~~~~~^^
  File "/Users/user/Desktop/igi/353505_Chuiko_26/IGI/LR5/Agency/venv/lib/python3.13/site-packages/django/db/models/base.py", line 902, in save
    self.save_base(
    ~~~~~~~~~~~~~~^
        using=using,
        ^^^^^^^^^^^^
    ...<2 lines>...
        update_fields=update_fields,
        ^^^^^^^^^^^^^^^^^^^^^^^^^^^^
    )
    ^
  File "/Users/user/Desktop/igi/353505_Chuiko_26/IGI/LR5/Agency/venv/lib/python3.13/site-packages/django/db/models/base.py", line 1008, in save_base
    updated = self._save_table(
        raw,
    ...<4 lines>...
        update_fields,
    )
  File "/Users/user/Desktop/igi/353505_Chuiko_26/IGI/LR5/Agency/venv/lib/python3.13/site-packages/django/db/models/base.py", line 1169, in _save_table
    results = self._do_insert(
        cls._base_manager, using, fields, returning_fields, raw
    )
  File "/Users/user/Desktop/igi/353505_Chuiko_26/IGI/LR5/Agency/venv/lib/python3.13/site-packages/django/db/models/base.py", line 1210, in _do_insert
    return manager._insert(
           ~~~~~~~~~~~~~~~^
        [self],
        ^^^^^^^
    ...<3 lines>...
        raw=raw,
        ^^^^^^^^
    )
    ^
  File "/Users/user/Desktop/igi/353505_Chuiko_26/IGI/LR5/Agency/venv/lib/python3.13/site-packages/django/db/models/manager.py", line 87, in manager_method
    return getattr(self.get_queryset(), name)(*args, **kwargs)
           ~~~~~~~~~~~~~~~~~~~~~~~~~~~~~~~~~~^^^^^^^^^^^^^^^^^
  File "/Users/user/Desktop/igi/353505_Chuiko_26/IGI/LR5/Agency/venv/lib/python3.13/site-packages/django/db/models/query.py", line 1864, in _insert
    return query.get_compiler(using=using).execute_sql(returning_fields)
           ~~~~~~~~~~~~~~~~~~~~~~~~~~~~~~~~~~~~~~~~~~~^^^^^^^^^^^^^^^^^^
  File "/Users/user/Desktop/igi/353505_Chuiko_26/IGI/LR5/Agency/venv/lib/python3.13/site-packages/django/db/models/sql/compiler.py", line 1882, in execute_sql
    cursor.execute(sql, params)
    ~~~~~~~~~~~~~~^^^^^^^^^^^^^
  File "/Users/user/Desktop/igi/353505_Chuiko_26/IGI/LR5/Agency/venv/lib/python3.13/site-packages/django/db/backends/utils.py", line 122, in execute
    return super().execute(sql, params)
           ~~~~~~~~~~~~~~~^^^^^^^^^^^^^
  File "/Users/user/Desktop/igi/353505_Chuiko_26/IGI/LR5/Agency/venv/lib/python3.13/site-packages/django/db/backends/utils.py", line 79, in execute
    return self._execute_with_wrappers(
           ~~~~~~~~~~~~~~~~~~~~~~~~~~~^
        sql, params, many=False, executor=self._execute
        ^^^^^^^^^^^^^^^^^^^^^^^^^^^^^^^^^^^^^^^^^^^^^^^
    )
    ^
  File "/Users/user/Desktop/igi/353505_Chuiko_26/IGI/LR5/Agency/venv/lib/python3.13/site-packages/django/db/backends/utils.py", line 92, in _execute_with_wrappers
    return executor(sql, params, many, context)
  File "/Users/user/Desktop/igi/353505_Chuiko_26/IGI/LR5/Agency/venv/lib/python3.13/site-packages/django/db/backends/utils.py", line 100, in _execute
    with self.db.wrap_database_errors:
         ^^^^^^^^^^^^^^^^^^^^^^^^^^^^
  File "/Users/user/Desktop/igi/353505_Chuiko_26/IGI/LR5/Agency/venv/lib/python3.13/site-packages/django/db/utils.py", line 91, in __exit__
    raise dj_exc_value.with_traceback(traceback) from exc_value
  File "/Users/user/Desktop/igi/353505_Chuiko_26/IGI/LR5/Agency/venv/lib/python3.13/site-packages/django/db/backends/utils.py", line 105, in _execute
    return self.cursor.execute(sql, params)
           ~~~~~~~~~~~~~~~~~~~^^^^^^^^^^^^^
  File "/Users/user/Desktop/igi/353505_Chuiko_26/IGI/LR5/Agency/venv/lib/python3.13/site-packages/django/db/backends/sqlite3/base.py", line 360, in execute
    return super().execute(query, params)
           ~~~~~~~~~~~~~~~^^^^^^^^^^^^^^^
django.db.utils.IntegrityError: NOT NULL constraint failed: estateAgency_property.owner_id
ERROR 2025-05-28 23:48:01,968 basehttp "POST /crud/properties/add/ HTTP/1.1" 500 176870
INFO 2025-05-28 23:50:59,429 autoreload /Users/user/Desktop/igi/353505_Chuiko_26/IGI/LR5/Agency/estateAgency/crud_views.py changed, reloading.
INFO 2025-05-28 23:50:59,805 autoreload Watching for file changes with StatReloader
INFO 2025-05-28 23:51:47,109 autoreload /Users/user/Desktop/igi/353505_Chuiko_26/IGI/LR5/Agency/estateAgency/forms.py changed, reloading.
INFO 2025-05-28 23:51:47,474 autoreload Watching for file changes with StatReloader
INFO 2025-05-28 23:51:59,042 autoreload /Users/user/Desktop/igi/353505_Chuiko_26/IGI/LR5/Agency/estateAgency/forms.py changed, reloading.
INFO 2025-05-28 23:51:59,337 autoreload Watching for file changes with StatReloader
INFO 2025-05-28 23:52:03,590 autoreload /Users/user/Desktop/igi/353505_Chuiko_26/IGI/LR5/Agency/estateAgency/forms.py changed, reloading.
INFO 2025-05-28 23:52:03,788 autoreload Watching for file changes with StatReloader
INFO 2025-05-28 23:52:08,017 autoreload /Users/user/Desktop/igi/353505_Chuiko_26/IGI/LR5/Agency/estateAgency/forms.py changed, reloading.
INFO 2025-05-28 23:52:08,210 autoreload Watching for file changes with StatReloader
INFO 2025-05-28 23:52:10,413 autoreload /Users/user/Desktop/igi/353505_Chuiko_26/IGI/LR5/Agency/estateAgency/forms.py changed, reloading.
INFO 2025-05-28 23:52:10,587 autoreload Watching for file changes with StatReloader
INFO 2025-05-28 23:52:23,382 basehttp "GET /crud/properties/add/ HTTP/1.1" 200 3190
INFO 2025-05-28 23:52:33,904 basehttp "GET /admin/estateAgency/client/ HTTP/1.1" 200 17765
INFO 2025-05-28 23:52:33,927 basehttp "GET /admin/jsi18n/ HTTP/1.1" 200 3342
INFO 2025-05-28 23:52:42,418 basehttp "GET /admin/estateAgency/client/2/change/ HTTP/1.1" 200 18260
INFO 2025-05-28 23:52:42,436 basehttp "GET /admin/jsi18n/ HTTP/1.1" 200 3342
INFO 2025-05-28 23:52:45,261 basehttp "GET /admin/estateAgency/client/ HTTP/1.1" 200 17765
INFO 2025-05-28 23:52:45,275 basehttp "GET /admin/jsi18n/ HTTP/1.1" 200 3342
INFO 2025-05-28 23:52:51,291 basehttp "GET /admin/auth/user/ HTTP/1.1" 200 19941
INFO 2025-05-28 23:52:51,305 basehttp "GET /admin/jsi18n/ HTTP/1.1" 200 3342
INFO 2025-05-28 23:53:01,870 basehttp "GET /admin/estateAgency/client/ HTTP/1.1" 200 17765
INFO 2025-05-28 23:53:01,886 basehttp "GET /admin/jsi18n/ HTTP/1.1" 200 3342
INFO 2025-05-28 23:53:03,190 basehttp "GET /admin/estateAgency/client/2/change/ HTTP/1.1" 200 18260
INFO 2025-05-28 23:53:03,206 basehttp "GET /admin/jsi18n/ HTTP/1.1" 200 3342
INFO 2025-05-28 23:53:04,662 basehttp "GET /admin/estateAgency/client/ HTTP/1.1" 200 17765
INFO 2025-05-28 23:53:04,673 basehttp "GET /admin/jsi18n/ HTTP/1.1" 200 3342
INFO 2025-05-28 23:53:06,932 basehttp "GET /admin/estateAgency/companyinfo/ HTTP/1.1" 200 14148
INFO 2025-05-28 23:53:06,947 basehttp "GET /admin/jsi18n/ HTTP/1.1" 200 3342
INFO 2025-05-28 23:53:07,841 basehttp "GET /admin/estateAgency/deal/ HTTP/1.1" 200 15429
INFO 2025-05-28 23:53:07,855 basehttp "GET /admin/jsi18n/ HTTP/1.1" 200 3342
INFO 2025-05-28 23:53:08,558 basehttp "GET /admin/estateAgency/employee/ HTTP/1.1" 200 17424
INFO 2025-05-28 23:53:08,574 basehttp "GET /admin/jsi18n/ HTTP/1.1" 200 3342
INFO 2025-05-28 23:53:10,229 basehttp "GET /admin/estateAgency/employee/1/change/ HTTP/1.1" 200 18894
INFO 2025-05-28 23:53:10,245 basehttp "GET /admin/jsi18n/ HTTP/1.1" 200 3342
INFO 2025-05-28 23:53:18,793 basehttp "GET /admin/estateAgency/employee/ HTTP/1.1" 200 17424
INFO 2025-05-28 23:53:18,809 basehttp "GET /admin/jsi18n/ HTTP/1.1" 200 3342
INFO 2025-05-28 23:54:11,446 autoreload /Users/user/Desktop/igi/353505_Chuiko_26/IGI/LR5/Agency/estateAgency/crud_views.py changed, reloading.
INFO 2025-05-28 23:54:11,845 autoreload Watching for file changes with StatReloader
INFO 2025-05-28 23:54:53,194 basehttp "GET /crud/properties/add/ HTTP/1.1" 200 3190
INFO 2025-05-28 23:55:03,005 basehttp "GET /admin/estateAgency/propertytype/ HTTP/1.1" 200 16182
INFO 2025-05-28 23:55:03,023 basehttp "GET /admin/jsi18n/ HTTP/1.1" 200 3342
INFO 2025-05-28 23:55:05,815 basehttp "GET /admin/estateAgency/property/ HTTP/1.1" 200 18772
INFO 2025-05-28 23:55:05,831 basehttp "GET /admin/jsi18n/ HTTP/1.1" 200 3342
INFO 2025-05-28 23:55:08,754 basehttp "GET /admin/estateAgency/property/add/ HTTP/1.1" 200 23010
INFO 2025-05-28 23:55:08,771 basehttp "GET /admin/jsi18n/ HTTP/1.1" 200 3342
INFO 2025-05-28 23:55:14,116 basehttp "GET /admin/estateAgency/owner/?_to_field=id&_popup=1 HTTP/1.1" 200 5057
INFO 2025-05-28 23:55:21,221 basehttp "GET /admin/estateAgency/employee/?_to_field=id&_popup=1 HTTP/1.1" 200 6978
INFO 2025-05-28 23:56:53,464 autoreload /Users/user/Desktop/igi/353505_Chuiko_26/IGI/LR5/Agency/estateAgency/forms.py changed, reloading.
INFO 2025-05-28 23:56:53,814 autoreload Watching for file changes with StatReloader
INFO 2025-05-28 23:56:55,039 autoreload /Users/user/Desktop/igi/353505_Chuiko_26/IGI/LR5/Agency/estateAgency/forms.py changed, reloading.
INFO 2025-05-28 23:56:55,229 autoreload Watching for file changes with StatReloader
INFO 2025-05-28 23:56:59,666 autoreload /Users/user/Desktop/igi/353505_Chuiko_26/IGI/LR5/Agency/estateAgency/forms.py changed, reloading.
INFO 2025-05-28 23:56:59,897 autoreload Watching for file changes with StatReloader
INFO 2025-05-28 23:57:20,538 autoreload /Users/user/Desktop/igi/353505_Chuiko_26/IGI/LR5/Agency/estateAgency/forms.py changed, reloading.
INFO 2025-05-28 23:57:20,859 autoreload Watching for file changes with StatReloader
INFO 2025-05-28 23:57:30,424 autoreload /Users/user/Desktop/igi/353505_Chuiko_26/IGI/LR5/Agency/estateAgency/forms.py changed, reloading.
INFO 2025-05-28 23:57:30,721 autoreload Watching for file changes with StatReloader
INFO 2025-05-28 23:57:54,488 basehttp "GET /crud/properties/add/ HTTP/1.1" 200 3190
INFO 2025-05-28 23:57:59,900 basehttp "GET /crud/properties/ HTTP/1.1" 200 2196
INFO 2025-05-28 23:58:01,812 basehttp "GET /crud/properties/add/ HTTP/1.1" 200 3190
INFO 2025-05-28 23:58:23,031 autoreload Watching for file changes with StatReloader
INFO 2025-05-28 23:58:25,489 basehttp "GET /crud/properties/add/ HTTP/1.1" 200 3190
INFO 2025-05-28 23:59:03,322 autoreload /Users/user/Desktop/igi/353505_Chuiko_26/IGI/LR5/Agency/estateAgency/forms.py changed, reloading.
INFO 2025-05-28 23:59:03,678 autoreload Watching for file changes with StatReloader
INFO 2025-05-28 23:59:05,092 autoreload /Users/user/Desktop/igi/353505_Chuiko_26/IGI/LR5/Agency/estateAgency/forms.py changed, reloading.
INFO 2025-05-28 23:59:05,320 autoreload Watching for file changes with StatReloader
INFO 2025-05-28 23:59:09,699 autoreload /Users/user/Desktop/igi/353505_Chuiko_26/IGI/LR5/Agency/estateAgency/forms.py changed, reloading.
INFO 2025-05-28 23:59:09,993 autoreload Watching for file changes with StatReloader
INFO 2025-05-28 23:59:20,525 autoreload /Users/user/Desktop/igi/353505_Chuiko_26/IGI/LR5/Agency/estateAgency/forms.py changed, reloading.
INFO 2025-05-28 23:59:20,857 autoreload Watching for file changes with StatReloader
INFO 2025-05-28 23:59:25,298 autoreload /Users/user/Desktop/igi/353505_Chuiko_26/IGI/LR5/Agency/estateAgency/forms.py changed, reloading.
INFO 2025-05-28 23:59:25,511 autoreload Watching for file changes with StatReloader
INFO 2025-05-28 23:59:26,865 autoreload /Users/user/Desktop/igi/353505_Chuiko_26/IGI/LR5/Agency/estateAgency/forms.py changed, reloading.
INFO 2025-05-28 23:59:27,088 autoreload Watching for file changes with StatReloader
INFO 2025-05-28 23:59:28,422 autoreload /Users/user/Desktop/igi/353505_Chuiko_26/IGI/LR5/Agency/estateAgency/forms.py changed, reloading.
INFO 2025-05-28 23:59:28,622 autoreload Watching for file changes with StatReloader
INFO 2025-05-28 23:59:29,939 autoreload /Users/user/Desktop/igi/353505_Chuiko_26/IGI/LR5/Agency/estateAgency/forms.py changed, reloading.
INFO 2025-05-28 23:59:30,144 autoreload Watching for file changes with StatReloader
INFO 2025-05-28 23:59:31,499 autoreload /Users/user/Desktop/igi/353505_Chuiko_26/IGI/LR5/Agency/estateAgency/forms.py changed, reloading.
INFO 2025-05-28 23:59:31,746 autoreload Watching for file changes with StatReloader
INFO 2025-05-29 00:01:01,985 basehttp "GET /crud/properties/1/edit/ HTTP/1.1" 200 3255
INFO 2025-05-29 00:01:12,918 basehttp "GET /admin/estateAgency/property/ HTTP/1.1" 200 18772
INFO 2025-05-29 00:01:12,940 basehttp "GET /admin/jsi18n/ HTTP/1.1" 200 3342
INFO 2025-05-29 00:01:14,834 basehttp "GET /admin/estateAgency/property/1/change/ HTTP/1.1" 200 23486
INFO 2025-05-29 00:01:14,846 basehttp "GET /admin/jsi18n/ HTTP/1.1" 200 3342
INFO 2025-05-29 00:01:20,578 basehttp "GET /admin/estateAgency/property/ HTTP/1.1" 200 18772
INFO 2025-05-29 00:01:20,593 basehttp "GET /admin/jsi18n/ HTTP/1.1" 200 3342
INFO 2025-05-29 00:02:21,303 autoreload /Users/user/Desktop/igi/353505_Chuiko_26/IGI/LR5/Agency/estateAgency/models.py changed, reloading.
INFO 2025-05-29 00:02:21,672 autoreload Watching for file changes with StatReloader
INFO 2025-05-29 00:02:23,823 autoreload /Users/user/Desktop/igi/353505_Chuiko_26/IGI/LR5/Agency/estateAgency/models.py changed, reloading.
INFO 2025-05-29 00:02:23,999 autoreload Watching for file changes with StatReloader
ERROR 2025-05-29 00:03:22,244 log Internal Server Error: /crud/properties/add/
Traceback (most recent call last):
  File "/Users/user/Desktop/igi/353505_Chuiko_26/IGI/LR5/Agency/venv/lib/python3.13/site-packages/django/core/handlers/exception.py", line 55, in inner
    response = get_response(request)
  File "/Users/user/Desktop/igi/353505_Chuiko_26/IGI/LR5/Agency/venv/lib/python3.13/site-packages/django/core/handlers/base.py", line 220, in _get_response
    response = response.render()
  File "/Users/user/Desktop/igi/353505_Chuiko_26/IGI/LR5/Agency/venv/lib/python3.13/site-packages/django/template/response.py", line 114, in render
    self.content = self.rendered_content
                   ^^^^^^^^^^^^^^^^^^^^^
  File "/Users/user/Desktop/igi/353505_Chuiko_26/IGI/LR5/Agency/venv/lib/python3.13/site-packages/django/template/response.py", line 92, in rendered_content
    return template.render(context, self._request)
           ~~~~~~~~~~~~~~~^^^^^^^^^^^^^^^^^^^^^^^^
  File "/Users/user/Desktop/igi/353505_Chuiko_26/IGI/LR5/Agency/venv/lib/python3.13/site-packages/django/template/backends/django.py", line 107, in render
    return self.template.render(context)
           ~~~~~~~~~~~~~~~~~~~~^^^^^^^^^
  File "/Users/user/Desktop/igi/353505_Chuiko_26/IGI/LR5/Agency/venv/lib/python3.13/site-packages/django/template/base.py", line 171, in render
    return self._render(context)
           ~~~~~~~~~~~~^^^^^^^^^
  File "/Users/user/Desktop/igi/353505_Chuiko_26/IGI/LR5/Agency/venv/lib/python3.13/site-packages/django/template/base.py", line 163, in _render
    return self.nodelist.render(context)
           ~~~~~~~~~~~~~~~~~~~~^^^^^^^^^
  File "/Users/user/Desktop/igi/353505_Chuiko_26/IGI/LR5/Agency/venv/lib/python3.13/site-packages/django/template/base.py", line 1016, in render
    return SafeString("".join([node.render_annotated(context) for node in self]))
                               ~~~~~~~~~~~~~~~~~~~~~^^^^^^^^^
  File "/Users/user/Desktop/igi/353505_Chuiko_26/IGI/LR5/Agency/venv/lib/python3.13/site-packages/django/template/base.py", line 977, in render_annotated
    return self.render(context)
           ~~~~~~~~~~~^^^^^^^^^
  File "/Users/user/Desktop/igi/353505_Chuiko_26/IGI/LR5/Agency/venv/lib/python3.13/site-packages/django/template/loader_tags.py", line 159, in render
    return compiled_parent._render(context)
           ~~~~~~~~~~~~~~~~~~~~~~~^^^^^^^^^
  File "/Users/user/Desktop/igi/353505_Chuiko_26/IGI/LR5/Agency/venv/lib/python3.13/site-packages/django/template/base.py", line 163, in _render
    return self.nodelist.render(context)
           ~~~~~~~~~~~~~~~~~~~~^^^^^^^^^
  File "/Users/user/Desktop/igi/353505_Chuiko_26/IGI/LR5/Agency/venv/lib/python3.13/site-packages/django/template/base.py", line 1016, in render
    return SafeString("".join([node.render_annotated(context) for node in self]))
                               ~~~~~~~~~~~~~~~~~~~~~^^^^^^^^^
  File "/Users/user/Desktop/igi/353505_Chuiko_26/IGI/LR5/Agency/venv/lib/python3.13/site-packages/django/template/base.py", line 977, in render_annotated
    return self.render(context)
           ~~~~~~~~~~~^^^^^^^^^
  File "/Users/user/Desktop/igi/353505_Chuiko_26/IGI/LR5/Agency/venv/lib/python3.13/site-packages/django/template/loader_tags.py", line 65, in render
    result = block.nodelist.render(context)
  File "/Users/user/Desktop/igi/353505_Chuiko_26/IGI/LR5/Agency/venv/lib/python3.13/site-packages/django/template/base.py", line 1016, in render
    return SafeString("".join([node.render_annotated(context) for node in self]))
                               ~~~~~~~~~~~~~~~~~~~~~^^^^^^^^^
  File "/Users/user/Desktop/igi/353505_Chuiko_26/IGI/LR5/Agency/venv/lib/python3.13/site-packages/django/template/base.py", line 977, in render_annotated
    return self.render(context)
           ~~~~~~~~~~~^^^^^^^^^
  File "/Users/user/Desktop/igi/353505_Chuiko_26/IGI/LR5/Agency/venv/lib/python3.13/site-packages/django/template/defaulttags.py", line 480, in render
    url = reverse(view_name, args=args, kwargs=kwargs, current_app=current_app)
  File "/Users/user/Desktop/igi/353505_Chuiko_26/IGI/LR5/Agency/venv/lib/python3.13/site-packages/django/urls/base.py", line 98, in reverse
    resolved_url = resolver._reverse_with_prefix(view, prefix, *args, **kwargs)
  File "/Users/user/Desktop/igi/353505_Chuiko_26/IGI/LR5/Agency/venv/lib/python3.13/site-packages/django/urls/resolvers.py", line 831, in _reverse_with_prefix
    raise NoReverseMatch(msg)
django.urls.exceptions.NoReverseMatch: Reverse for 'property_list_admin' not found. 'property_list_admin' is not a valid view function or pattern name.
ERROR 2025-05-29 00:03:22,246 basehttp "GET /crud/properties/add/ HTTP/1.1" 500 146469
INFO 2025-05-29 00:03:39,191 basehttp "GET /crud/properties/add/ HTTP/1.1" 200 4514
INFO 2025-05-29 00:03:45,741 basehttp "GET /crud/properties/ HTTP/1.1" 200 2196
INFO 2025-05-29 00:03:47,350 basehttp "GET /crud/properties/add/ HTTP/1.1" 200 4514
INFO 2025-05-29 00:03:56,720 basehttp "GET /admin/estateAgency/property/1/change/ HTTP/1.1" 200 23571
INFO 2025-05-29 00:03:56,735 basehttp "GET /admin/jsi18n/ HTTP/1.1" 200 3342
INFO 2025-05-29 00:04:00,177 basehttp "GET /admin/estateAgency/property/ HTTP/1.1" 200 18772
INFO 2025-05-29 00:04:00,193 basehttp "GET /admin/jsi18n/ HTTP/1.1" 200 3342
ERROR 2025-05-29 00:04:44,000 log Internal Server Error: /crud/properties/add/
Traceback (most recent call last):
  File "/Users/user/Desktop/igi/353505_Chuiko_26/IGI/LR5/Agency/venv/lib/python3.13/site-packages/django/core/handlers/exception.py", line 55, in inner
    response = get_response(request)
  File "/Users/user/Desktop/igi/353505_Chuiko_26/IGI/LR5/Agency/venv/lib/python3.13/site-packages/django/core/handlers/base.py", line 197, in _get_response
    response = wrapped_callback(request, *callback_args, **callback_kwargs)
  File "/Users/user/Desktop/igi/353505_Chuiko_26/IGI/LR5/Agency/venv/lib/python3.13/site-packages/django/views/generic/base.py", line 104, in view
    return self.dispatch(request, *args, **kwargs)
           ~~~~~~~~~~~~~^^^^^^^^^^^^^^^^^^^^^^^^^^
  File "/Users/user/Desktop/igi/353505_Chuiko_26/IGI/LR5/Agency/venv/lib/python3.13/site-packages/django/views/generic/base.py", line 143, in dispatch
    return handler(request, *args, **kwargs)
  File "/Users/user/Desktop/igi/353505_Chuiko_26/IGI/LR5/Agency/venv/lib/python3.13/site-packages/django/views/generic/edit.py", line 182, in post
    return super().post(request, *args, **kwargs)
           ~~~~~~~~~~~~^^^^^^^^^^^^^^^^^^^^^^^^^^
  File "/Users/user/Desktop/igi/353505_Chuiko_26/IGI/LR5/Agency/venv/lib/python3.13/site-packages/django/views/generic/edit.py", line 151, in post
    return self.form_valid(form)
           ~~~~~~~~~~~~~~~^^^^^^
  File "/Users/user/Desktop/igi/353505_Chuiko_26/IGI/LR5/Agency/venv/lib/python3.13/site-packages/django/views/generic/edit.py", line 134, in form_valid
    return super().form_valid(form)
           ~~~~~~~~~~~~~~~~~~^^^^^^
  File "/Users/user/Desktop/igi/353505_Chuiko_26/IGI/LR5/Agency/venv/lib/python3.13/site-packages/django/views/generic/edit.py", line 63, in form_valid
    return HttpResponseRedirect(self.get_success_url())
                                ~~~~~~~~~~~~~~~~~~~~^^
  File "/Users/user/Desktop/igi/353505_Chuiko_26/IGI/LR5/Agency/venv/lib/python3.13/site-packages/django/views/generic/edit.py", line 119, in get_success_url
    if self.success_url:
       ^^^^^^^^^^^^^^^^
  File "/Users/user/Desktop/igi/353505_Chuiko_26/IGI/LR5/Agency/venv/lib/python3.13/site-packages/django/utils/functional.py", line 187, in __wrapper__
    result = func(*self._args, **self._kw)
  File "/Users/user/Desktop/igi/353505_Chuiko_26/IGI/LR5/Agency/venv/lib/python3.13/site-packages/django/urls/base.py", line 98, in reverse
    resolved_url = resolver._reverse_with_prefix(view, prefix, *args, **kwargs)
  File "/Users/user/Desktop/igi/353505_Chuiko_26/IGI/LR5/Agency/venv/lib/python3.13/site-packages/django/urls/resolvers.py", line 831, in _reverse_with_prefix
    raise NoReverseMatch(msg)
django.urls.exceptions.NoReverseMatch: Reverse for 'property_list_admin' not found. 'property_list_admin' is not a valid view function or pattern name.
ERROR 2025-05-29 00:04:44,003 basehttp "POST /crud/properties/add/ HTTP/1.1" 500 109676
INFO 2025-05-29 00:05:29,159 autoreload /Users/user/Desktop/igi/353505_Chuiko_26/IGI/LR5/Agency/estateAgency/crud_views.py changed, reloading.
INFO 2025-05-29 00:05:29,496 autoreload Watching for file changes with StatReloader
INFO 2025-05-29 00:05:33,947 autoreload /Users/user/Desktop/igi/353505_Chuiko_26/IGI/LR5/Agency/estateAgency/crud_views.py changed, reloading.
INFO 2025-05-29 00:05:34,162 autoreload Watching for file changes with StatReloader
INFO 2025-05-29 00:05:36,495 autoreload /Users/user/Desktop/igi/353505_Chuiko_26/IGI/LR5/Agency/estateAgency/crud_views.py changed, reloading.
INFO 2025-05-29 00:05:36,712 autoreload Watching for file changes with StatReloader
INFO 2025-05-29 00:05:41,085 autoreload /Users/user/Desktop/igi/353505_Chuiko_26/IGI/LR5/Agency/estateAgency/crud_views.py changed, reloading.
INFO 2025-05-29 00:05:41,297 autoreload Watching for file changes with StatReloader
INFO 2025-05-29 00:05:43,685 autoreload /Users/user/Desktop/igi/353505_Chuiko_26/IGI/LR5/Agency/estateAgency/crud_views.py changed, reloading.
INFO 2025-05-29 00:05:43,909 autoreload Watching for file changes with StatReloader
INFO 2025-05-29 00:05:46,229 autoreload /Users/user/Desktop/igi/353505_Chuiko_26/IGI/LR5/Agency/estateAgency/crud_views.py changed, reloading.
INFO 2025-05-29 00:05:46,441 autoreload Watching for file changes with StatReloader
INFO 2025-05-29 00:05:54,865 autoreload /Users/user/Desktop/igi/353505_Chuiko_26/IGI/LR5/Agency/estateAgency/crud_views.py changed, reloading.
INFO 2025-05-29 00:05:55,083 autoreload Watching for file changes with StatReloader
INFO 2025-05-29 00:05:57,408 autoreload /Users/user/Desktop/igi/353505_Chuiko_26/IGI/LR5/Agency/estateAgency/crud_views.py changed, reloading.
INFO 2025-05-29 00:05:57,621 autoreload Watching for file changes with StatReloader
INFO 2025-05-29 00:06:02,014 autoreload /Users/user/Desktop/igi/353505_Chuiko_26/IGI/LR5/Agency/estateAgency/crud_views.py changed, reloading.
INFO 2025-05-29 00:06:02,233 autoreload Watching for file changes with StatReloader
INFO 2025-05-29 00:06:06,082 basehttp "POST /crud/properties/add/ HTTP/1.1" 302 0
INFO 2025-05-29 00:06:06,095 basehttp "GET /crud/properties/ HTTP/1.1" 200 3326
INFO 2025-05-29 00:06:09,165 basehttp "GET /crud/properties/2/delete/ HTTP/1.1" 200 1252
INFO 2025-05-29 00:06:10,906 basehttp "POST /crud/properties/2/delete/ HTTP/1.1" 302 0
INFO 2025-05-29 00:06:10,914 basehttp "GET /crud/properties/ HTTP/1.1" 200 2761
INFO 2025-05-29 00:06:14,244 basehttp "GET /crud/properties/3/edit/ HTTP/1.1" 200 4571
INFO 2025-05-29 00:06:18,410 basehttp "POST /crud/properties/3/edit/ HTTP/1.1" 302 0
INFO 2025-05-29 00:06:18,418 basehttp "GET /crud/properties/ HTTP/1.1" 200 2767
INFO 2025-05-29 00:09:25,709 basehttp "GET /admin/estateAgency/employee/ HTTP/1.1" 200 17424
INFO 2025-05-29 00:09:25,728 basehttp "GET /admin/jsi18n/ HTTP/1.1" 200 3342
INFO 2025-05-29 00:09:27,359 basehttp "GET /admin/estateAgency/employee/1/change/ HTTP/1.1" 200 18958
INFO 2025-05-29 00:09:27,377 basehttp "GET /admin/jsi18n/ HTTP/1.1" 200 3342
INFO 2025-05-29 00:09:32,499 basehttp "GET /admin/estateAgency/owner/ HTTP/1.1" 200 15806
INFO 2025-05-29 00:09:32,518 basehttp "GET /admin/jsi18n/ HTTP/1.1" 200 3342
INFO 2025-05-29 00:09:33,611 basehttp "GET /admin/estateAgency/owner/1/change/ HTTP/1.1" 200 19327
INFO 2025-05-29 00:09:33,625 basehttp "GET /admin/jsi18n/ HTTP/1.1" 200 3342
INFO 2025-05-29 00:09:35,457 basehttp "GET /admin/estateAgency/owner/ HTTP/1.1" 200 15806
INFO 2025-05-29 00:09:35,473 basehttp "GET /admin/jsi18n/ HTTP/1.1" 200 3342
INFO 2025-05-29 00:09:38,699 basehttp "GET /admin/estateAgency/client/ HTTP/1.1" 200 17765
INFO 2025-05-29 00:09:38,714 basehttp "GET /admin/jsi18n/ HTTP/1.1" 200 3342
INFO 2025-05-29 00:09:39,794 basehttp "GET /admin/estateAgency/client/2/change/ HTTP/1.1" 200 18260
INFO 2025-05-29 00:09:39,809 basehttp "GET /admin/jsi18n/ HTTP/1.1" 200 3342
INFO 2025-05-29 00:09:43,362 basehttp "GET /admin/estateAgency/employee/ HTTP/1.1" 200 17424
INFO 2025-05-29 00:09:43,378 basehttp "GET /admin/jsi18n/ HTTP/1.1" 200 3342
INFO 2025-05-29 00:10:49,207 basehttp "GET /admin/estateAgency/employee/1/change/ HTTP/1.1" 200 18958
INFO 2025-05-29 00:10:49,228 basehttp "GET /admin/jsi18n/ HTTP/1.1" 200 3342
INFO 2025-05-29 00:11:22,571 autoreload /Users/user/Desktop/igi/353505_Chuiko_26/IGI/LR5/Agency/estateAgency/models.py changed, reloading.
INFO 2025-05-29 00:11:22,946 autoreload Watching for file changes with StatReloader
INFO 2025-05-29 00:11:28,415 autoreload /Users/user/Desktop/igi/353505_Chuiko_26/IGI/LR5/Agency/estateAgency/models.py changed, reloading.
INFO 2025-05-29 00:11:28,864 autoreload Watching for file changes with StatReloader
INFO 2025-05-29 00:11:30,282 autoreload /Users/user/Desktop/igi/353505_Chuiko_26/IGI/LR5/Agency/estateAgency/models.py changed, reloading.
INFO 2025-05-29 00:11:30,492 autoreload Watching for file changes with StatReloader
INFO 2025-05-29 00:11:53,254 autoreload /Users/user/Desktop/igi/353505_Chuiko_26/IGI/LR5/Agency/estateAgency/models.py changed, reloading.
INFO 2025-05-29 00:11:53,576 autoreload Watching for file changes with StatReloader
INFO 2025-05-29 00:11:55,968 autoreload /Users/user/Desktop/igi/353505_Chuiko_26/IGI/LR5/Agency/estateAgency/models.py changed, reloading.
INFO 2025-05-29 00:11:56,188 autoreload Watching for file changes with StatReloader
INFO 2025-05-29 00:12:23,968 autoreload /Users/user/Desktop/igi/353505_Chuiko_26/IGI/LR5/Agency/estateAgency/models.py changed, reloading.
INFO 2025-05-29 00:12:24,299 autoreload Watching for file changes with StatReloader
INFO 2025-05-29 00:12:26,456 autoreload /Users/user/Desktop/igi/353505_Chuiko_26/IGI/LR5/Agency/estateAgency/models.py changed, reloading.
INFO 2025-05-29 00:12:26,647 autoreload Watching for file changes with StatReloader
INFO 2025-05-29 00:13:12,956 autoreload /Users/user/Desktop/igi/353505_Chuiko_26/IGI/LR5/Agency/estateAgency/crud_views.py changed, reloading.
INFO 2025-05-29 00:13:13,298 autoreload Watching for file changes with StatReloader
ERROR 2025-05-29 00:14:14,377 log Internal Server Error: /admin/estateAgency/employee/1/change/
Traceback (most recent call last):
  File "/Users/user/Desktop/igi/353505_Chuiko_26/IGI/LR5/Agency/venv/lib/python3.13/site-packages/django/db/backends/utils.py", line 105, in _execute
    return self.cursor.execute(sql, params)
           ~~~~~~~~~~~~~~~~~~~^^^^^^^^^^^^^
  File "/Users/user/Desktop/igi/353505_Chuiko_26/IGI/LR5/Agency/venv/lib/python3.13/site-packages/django/db/backends/sqlite3/base.py", line 360, in execute
    return super().execute(query, params)
           ~~~~~~~~~~~~~~~^^^^^^^^^^^^^^^
sqlite3.OperationalError: no such column: estateAgency_employee.first_name

The above exception was the direct cause of the following exception:

Traceback (most recent call last):
  File "/Users/user/Desktop/igi/353505_Chuiko_26/IGI/LR5/Agency/venv/lib/python3.13/site-packages/django/core/handlers/exception.py", line 55, in inner
    response = get_response(request)
  File "/Users/user/Desktop/igi/353505_Chuiko_26/IGI/LR5/Agency/venv/lib/python3.13/site-packages/django/core/handlers/base.py", line 197, in _get_response
    response = wrapped_callback(request, *callback_args, **callback_kwargs)
  File "/Users/user/Desktop/igi/353505_Chuiko_26/IGI/LR5/Agency/venv/lib/python3.13/site-packages/django/contrib/admin/options.py", line 719, in wrapper
    return self.admin_site.admin_view(view)(*args, **kwargs)
           ~~~~~~~~~~~~~~~~~~~~~~~~~~~~~~~~^^^^^^^^^^^^^^^^^
  File "/Users/user/Desktop/igi/353505_Chuiko_26/IGI/LR5/Agency/venv/lib/python3.13/site-packages/django/utils/decorators.py", line 192, in _view_wrapper
    result = _process_exception(request, e)
  File "/Users/user/Desktop/igi/353505_Chuiko_26/IGI/LR5/Agency/venv/lib/python3.13/site-packages/django/utils/decorators.py", line 190, in _view_wrapper
    response = view_func(request, *args, **kwargs)
  File "/Users/user/Desktop/igi/353505_Chuiko_26/IGI/LR5/Agency/venv/lib/python3.13/site-packages/django/views/decorators/cache.py", line 80, in _view_wrapper
    response = view_func(request, *args, **kwargs)
  File "/Users/user/Desktop/igi/353505_Chuiko_26/IGI/LR5/Agency/venv/lib/python3.13/site-packages/django/contrib/admin/sites.py", line 246, in inner
    return view(request, *args, **kwargs)
  File "/Users/user/Desktop/igi/353505_Chuiko_26/IGI/LR5/Agency/venv/lib/python3.13/site-packages/django/contrib/admin/options.py", line 1987, in change_view
    return self.changeform_view(request, object_id, form_url, extra_context)
           ~~~~~~~~~~~~~~~~~~~~^^^^^^^^^^^^^^^^^^^^^^^^^^^^^^^^^^^^^^^^^^^^^
  File "/Users/user/Desktop/igi/353505_Chuiko_26/IGI/LR5/Agency/venv/lib/python3.13/site-packages/django/utils/decorators.py", line 48, in _wrapper
    return bound_method(*args, **kwargs)
  File "/Users/user/Desktop/igi/353505_Chuiko_26/IGI/LR5/Agency/venv/lib/python3.13/site-packages/django/utils/decorators.py", line 192, in _view_wrapper
    result = _process_exception(request, e)
  File "/Users/user/Desktop/igi/353505_Chuiko_26/IGI/LR5/Agency/venv/lib/python3.13/site-packages/django/utils/decorators.py", line 190, in _view_wrapper
    response = view_func(request, *args, **kwargs)
  File "/Users/user/Desktop/igi/353505_Chuiko_26/IGI/LR5/Agency/venv/lib/python3.13/site-packages/django/contrib/admin/options.py", line 1840, in changeform_view
    return self._changeform_view(request, object_id, form_url, extra_context)
           ~~~~~~~~~~~~~~~~~~~~~^^^^^^^^^^^^^^^^^^^^^^^^^^^^^^^^^^^^^^^^^^^^^
  File "/Users/user/Desktop/igi/353505_Chuiko_26/IGI/LR5/Agency/venv/lib/python3.13/site-packages/django/contrib/admin/options.py", line 1863, in _changeform_view
    obj = self.get_object(request, unquote(object_id), to_field)
  File "/Users/user/Desktop/igi/353505_Chuiko_26/IGI/LR5/Agency/venv/lib/python3.13/site-packages/django/contrib/admin/options.py", line 897, in get_object
    return queryset.get(**{field.name: object_id})
           ~~~~~~~~~~~~^^^^^^^^^^^^^^^^^^^^^^^^^^^
  File "/Users/user/Desktop/igi/353505_Chuiko_26/IGI/LR5/Agency/venv/lib/python3.13/site-packages/django/db/models/query.py", line 629, in get
    num = len(clone)
  File "/Users/user/Desktop/igi/353505_Chuiko_26/IGI/LR5/Agency/venv/lib/python3.13/site-packages/django/db/models/query.py", line 366, in __len__
    self._fetch_all()
    ~~~~~~~~~~~~~~~^^
  File "/Users/user/Desktop/igi/353505_Chuiko_26/IGI/LR5/Agency/venv/lib/python3.13/site-packages/django/db/models/query.py", line 1945, in _fetch_all
    self._result_cache = list(self._iterable_class(self))
                         ~~~~^^^^^^^^^^^^^^^^^^^^^^^^^^^^
  File "/Users/user/Desktop/igi/353505_Chuiko_26/IGI/LR5/Agency/venv/lib/python3.13/site-packages/django/db/models/query.py", line 91, in __iter__
    results = compiler.execute_sql(
        chunked_fetch=self.chunked_fetch, chunk_size=self.chunk_size
    )
  File "/Users/user/Desktop/igi/353505_Chuiko_26/IGI/LR5/Agency/venv/lib/python3.13/site-packages/django/db/models/sql/compiler.py", line 1623, in execute_sql
    cursor.execute(sql, params)
    ~~~~~~~~~~~~~~^^^^^^^^^^^^^
  File "/Users/user/Desktop/igi/353505_Chuiko_26/IGI/LR5/Agency/venv/lib/python3.13/site-packages/django/db/backends/utils.py", line 122, in execute
    return super().execute(sql, params)
           ~~~~~~~~~~~~~~~^^^^^^^^^^^^^
  File "/Users/user/Desktop/igi/353505_Chuiko_26/IGI/LR5/Agency/venv/lib/python3.13/site-packages/django/db/backends/utils.py", line 79, in execute
    return self._execute_with_wrappers(
           ~~~~~~~~~~~~~~~~~~~~~~~~~~~^
        sql, params, many=False, executor=self._execute
        ^^^^^^^^^^^^^^^^^^^^^^^^^^^^^^^^^^^^^^^^^^^^^^^
    )
    ^
  File "/Users/user/Desktop/igi/353505_Chuiko_26/IGI/LR5/Agency/venv/lib/python3.13/site-packages/django/db/backends/utils.py", line 92, in _execute_with_wrappers
    return executor(sql, params, many, context)
  File "/Users/user/Desktop/igi/353505_Chuiko_26/IGI/LR5/Agency/venv/lib/python3.13/site-packages/django/db/backends/utils.py", line 100, in _execute
    with self.db.wrap_database_errors:
         ^^^^^^^^^^^^^^^^^^^^^^^^^^^^
  File "/Users/user/Desktop/igi/353505_Chuiko_26/IGI/LR5/Agency/venv/lib/python3.13/site-packages/django/db/utils.py", line 91, in __exit__
    raise dj_exc_value.with_traceback(traceback) from exc_value
  File "/Users/user/Desktop/igi/353505_Chuiko_26/IGI/LR5/Agency/venv/lib/python3.13/site-packages/django/db/backends/utils.py", line 105, in _execute
    return self.cursor.execute(sql, params)
           ~~~~~~~~~~~~~~~~~~~^^^^^^^^^^^^^
  File "/Users/user/Desktop/igi/353505_Chuiko_26/IGI/LR5/Agency/venv/lib/python3.13/site-packages/django/db/backends/sqlite3/base.py", line 360, in execute
    return super().execute(query, params)
           ~~~~~~~~~~~~~~~^^^^^^^^^^^^^^^
django.db.utils.OperationalError: no such column: estateAgency_employee.first_name
ERROR 2025-05-29 00:14:14,381 basehttp "GET /admin/estateAgency/employee/1/change/ HTTP/1.1" 500 190543
ERROR 2025-05-29 00:14:19,440 log Internal Server Error: /admin/estateAgency/employee/
Traceback (most recent call last):
  File "/Users/user/Desktop/igi/353505_Chuiko_26/IGI/LR5/Agency/venv/lib/python3.13/site-packages/django/db/backends/utils.py", line 105, in _execute
    return self.cursor.execute(sql, params)
           ~~~~~~~~~~~~~~~~~~~^^^^^^^^^^^^^
  File "/Users/user/Desktop/igi/353505_Chuiko_26/IGI/LR5/Agency/venv/lib/python3.13/site-packages/django/db/backends/sqlite3/base.py", line 360, in execute
    return super().execute(query, params)
           ~~~~~~~~~~~~~~~^^^^^^^^^^^^^^^
sqlite3.OperationalError: no such column: estateAgency_employee.first_name

The above exception was the direct cause of the following exception:

Traceback (most recent call last):
  File "/Users/user/Desktop/igi/353505_Chuiko_26/IGI/LR5/Agency/venv/lib/python3.13/site-packages/django/core/handlers/exception.py", line 55, in inner
    response = get_response(request)
  File "/Users/user/Desktop/igi/353505_Chuiko_26/IGI/LR5/Agency/venv/lib/python3.13/site-packages/django/core/handlers/base.py", line 197, in _get_response
    response = wrapped_callback(request, *callback_args, **callback_kwargs)
  File "/Users/user/Desktop/igi/353505_Chuiko_26/IGI/LR5/Agency/venv/lib/python3.13/site-packages/django/contrib/admin/options.py", line 719, in wrapper
    return self.admin_site.admin_view(view)(*args, **kwargs)
           ~~~~~~~~~~~~~~~~~~~~~~~~~~~~~~~~^^^^^^^^^^^^^^^^^
  File "/Users/user/Desktop/igi/353505_Chuiko_26/IGI/LR5/Agency/venv/lib/python3.13/site-packages/django/utils/decorators.py", line 192, in _view_wrapper
    result = _process_exception(request, e)
  File "/Users/user/Desktop/igi/353505_Chuiko_26/IGI/LR5/Agency/venv/lib/python3.13/site-packages/django/utils/decorators.py", line 190, in _view_wrapper
    response = view_func(request, *args, **kwargs)
  File "/Users/user/Desktop/igi/353505_Chuiko_26/IGI/LR5/Agency/venv/lib/python3.13/site-packages/django/views/decorators/cache.py", line 80, in _view_wrapper
    response = view_func(request, *args, **kwargs)
  File "/Users/user/Desktop/igi/353505_Chuiko_26/IGI/LR5/Agency/venv/lib/python3.13/site-packages/django/contrib/admin/sites.py", line 246, in inner
    return view(request, *args, **kwargs)
  File "/Users/user/Desktop/igi/353505_Chuiko_26/IGI/LR5/Agency/venv/lib/python3.13/site-packages/django/utils/decorators.py", line 48, in _wrapper
    return bound_method(*args, **kwargs)
  File "/Users/user/Desktop/igi/353505_Chuiko_26/IGI/LR5/Agency/venv/lib/python3.13/site-packages/django/utils/decorators.py", line 192, in _view_wrapper
    result = _process_exception(request, e)
  File "/Users/user/Desktop/igi/353505_Chuiko_26/IGI/LR5/Agency/venv/lib/python3.13/site-packages/django/utils/decorators.py", line 190, in _view_wrapper
    response = view_func(request, *args, **kwargs)
  File "/Users/user/Desktop/igi/353505_Chuiko_26/IGI/LR5/Agency/venv/lib/python3.13/site-packages/django/contrib/admin/options.py", line 2163, in changelist_view
    "selection_note": _("0 of %(cnt)s selected") % {"cnt": len(cl.result_list)},
                                                           ~~~^^^^^^^^^^^^^^^^
  File "/Users/user/Desktop/igi/353505_Chuiko_26/IGI/LR5/Agency/venv/lib/python3.13/site-packages/django/db/models/query.py", line 366, in __len__
    self._fetch_all()
    ~~~~~~~~~~~~~~~^^
  File "/Users/user/Desktop/igi/353505_Chuiko_26/IGI/LR5/Agency/venv/lib/python3.13/site-packages/django/db/models/query.py", line 1945, in _fetch_all
    self._result_cache = list(self._iterable_class(self))
                         ~~~~^^^^^^^^^^^^^^^^^^^^^^^^^^^^
  File "/Users/user/Desktop/igi/353505_Chuiko_26/IGI/LR5/Agency/venv/lib/python3.13/site-packages/django/db/models/query.py", line 91, in __iter__
    results = compiler.execute_sql(
        chunked_fetch=self.chunked_fetch, chunk_size=self.chunk_size
    )
  File "/Users/user/Desktop/igi/353505_Chuiko_26/IGI/LR5/Agency/venv/lib/python3.13/site-packages/django/db/models/sql/compiler.py", line 1623, in execute_sql
    cursor.execute(sql, params)
    ~~~~~~~~~~~~~~^^^^^^^^^^^^^
  File "/Users/user/Desktop/igi/353505_Chuiko_26/IGI/LR5/Agency/venv/lib/python3.13/site-packages/django/db/backends/utils.py", line 122, in execute
    return super().execute(sql, params)
           ~~~~~~~~~~~~~~~^^^^^^^^^^^^^
  File "/Users/user/Desktop/igi/353505_Chuiko_26/IGI/LR5/Agency/venv/lib/python3.13/site-packages/django/db/backends/utils.py", line 79, in execute
    return self._execute_with_wrappers(
           ~~~~~~~~~~~~~~~~~~~~~~~~~~~^
        sql, params, many=False, executor=self._execute
        ^^^^^^^^^^^^^^^^^^^^^^^^^^^^^^^^^^^^^^^^^^^^^^^
    )
    ^
  File "/Users/user/Desktop/igi/353505_Chuiko_26/IGI/LR5/Agency/venv/lib/python3.13/site-packages/django/db/backends/utils.py", line 92, in _execute_with_wrappers
    return executor(sql, params, many, context)
  File "/Users/user/Desktop/igi/353505_Chuiko_26/IGI/LR5/Agency/venv/lib/python3.13/site-packages/django/db/backends/utils.py", line 100, in _execute
    with self.db.wrap_database_errors:
         ^^^^^^^^^^^^^^^^^^^^^^^^^^^^
  File "/Users/user/Desktop/igi/353505_Chuiko_26/IGI/LR5/Agency/venv/lib/python3.13/site-packages/django/db/utils.py", line 91, in __exit__
    raise dj_exc_value.with_traceback(traceback) from exc_value
  File "/Users/user/Desktop/igi/353505_Chuiko_26/IGI/LR5/Agency/venv/lib/python3.13/site-packages/django/db/backends/utils.py", line 105, in _execute
    return self.cursor.execute(sql, params)
           ~~~~~~~~~~~~~~~~~~~^^^^^^^^^^^^^
  File "/Users/user/Desktop/igi/353505_Chuiko_26/IGI/LR5/Agency/venv/lib/python3.13/site-packages/django/db/backends/sqlite3/base.py", line 360, in execute
    return super().execute(query, params)
           ~~~~~~~~~~~~~~~^^^^^^^^^^^^^^^
django.db.utils.OperationalError: no such column: estateAgency_employee.first_name
ERROR 2025-05-29 00:14:19,442 basehttp "GET /admin/estateAgency/employee/ HTTP/1.1" 500 172715
ERROR 2025-05-29 00:14:20,933 log Internal Server Error: /admin/estateAgency/employee/
Traceback (most recent call last):
  File "/Users/user/Desktop/igi/353505_Chuiko_26/IGI/LR5/Agency/venv/lib/python3.13/site-packages/django/db/backends/utils.py", line 105, in _execute
    return self.cursor.execute(sql, params)
           ~~~~~~~~~~~~~~~~~~~^^^^^^^^^^^^^
  File "/Users/user/Desktop/igi/353505_Chuiko_26/IGI/LR5/Agency/venv/lib/python3.13/site-packages/django/db/backends/sqlite3/base.py", line 360, in execute
    return super().execute(query, params)
           ~~~~~~~~~~~~~~~^^^^^^^^^^^^^^^
sqlite3.OperationalError: no such column: estateAgency_employee.first_name

The above exception was the direct cause of the following exception:

Traceback (most recent call last):
  File "/Users/user/Desktop/igi/353505_Chuiko_26/IGI/LR5/Agency/venv/lib/python3.13/site-packages/django/core/handlers/exception.py", line 55, in inner
    response = get_response(request)
  File "/Users/user/Desktop/igi/353505_Chuiko_26/IGI/LR5/Agency/venv/lib/python3.13/site-packages/django/core/handlers/base.py", line 197, in _get_response
    response = wrapped_callback(request, *callback_args, **callback_kwargs)
  File "/Users/user/Desktop/igi/353505_Chuiko_26/IGI/LR5/Agency/venv/lib/python3.13/site-packages/django/contrib/admin/options.py", line 719, in wrapper
    return self.admin_site.admin_view(view)(*args, **kwargs)
           ~~~~~~~~~~~~~~~~~~~~~~~~~~~~~~~~^^^^^^^^^^^^^^^^^
  File "/Users/user/Desktop/igi/353505_Chuiko_26/IGI/LR5/Agency/venv/lib/python3.13/site-packages/django/utils/decorators.py", line 192, in _view_wrapper
    result = _process_exception(request, e)
  File "/Users/user/Desktop/igi/353505_Chuiko_26/IGI/LR5/Agency/venv/lib/python3.13/site-packages/django/utils/decorators.py", line 190, in _view_wrapper
    response = view_func(request, *args, **kwargs)
  File "/Users/user/Desktop/igi/353505_Chuiko_26/IGI/LR5/Agency/venv/lib/python3.13/site-packages/django/views/decorators/cache.py", line 80, in _view_wrapper
    response = view_func(request, *args, **kwargs)
  File "/Users/user/Desktop/igi/353505_Chuiko_26/IGI/LR5/Agency/venv/lib/python3.13/site-packages/django/contrib/admin/sites.py", line 246, in inner
    return view(request, *args, **kwargs)
  File "/Users/user/Desktop/igi/353505_Chuiko_26/IGI/LR5/Agency/venv/lib/python3.13/site-packages/django/utils/decorators.py", line 48, in _wrapper
    return bound_method(*args, **kwargs)
  File "/Users/user/Desktop/igi/353505_Chuiko_26/IGI/LR5/Agency/venv/lib/python3.13/site-packages/django/utils/decorators.py", line 192, in _view_wrapper
    result = _process_exception(request, e)
  File "/Users/user/Desktop/igi/353505_Chuiko_26/IGI/LR5/Agency/venv/lib/python3.13/site-packages/django/utils/decorators.py", line 190, in _view_wrapper
    response = view_func(request, *args, **kwargs)
  File "/Users/user/Desktop/igi/353505_Chuiko_26/IGI/LR5/Agency/venv/lib/python3.13/site-packages/django/contrib/admin/options.py", line 2163, in changelist_view
    "selection_note": _("0 of %(cnt)s selected") % {"cnt": len(cl.result_list)},
                                                           ~~~^^^^^^^^^^^^^^^^
  File "/Users/user/Desktop/igi/353505_Chuiko_26/IGI/LR5/Agency/venv/lib/python3.13/site-packages/django/db/models/query.py", line 366, in __len__
    self._fetch_all()
    ~~~~~~~~~~~~~~~^^
  File "/Users/user/Desktop/igi/353505_Chuiko_26/IGI/LR5/Agency/venv/lib/python3.13/site-packages/django/db/models/query.py", line 1945, in _fetch_all
    self._result_cache = list(self._iterable_class(self))
                         ~~~~^^^^^^^^^^^^^^^^^^^^^^^^^^^^
  File "/Users/user/Desktop/igi/353505_Chuiko_26/IGI/LR5/Agency/venv/lib/python3.13/site-packages/django/db/models/query.py", line 91, in __iter__
    results = compiler.execute_sql(
        chunked_fetch=self.chunked_fetch, chunk_size=self.chunk_size
    )
  File "/Users/user/Desktop/igi/353505_Chuiko_26/IGI/LR5/Agency/venv/lib/python3.13/site-packages/django/db/models/sql/compiler.py", line 1623, in execute_sql
    cursor.execute(sql, params)
    ~~~~~~~~~~~~~~^^^^^^^^^^^^^
  File "/Users/user/Desktop/igi/353505_Chuiko_26/IGI/LR5/Agency/venv/lib/python3.13/site-packages/django/db/backends/utils.py", line 122, in execute
    return super().execute(sql, params)
           ~~~~~~~~~~~~~~~^^^^^^^^^^^^^
  File "/Users/user/Desktop/igi/353505_Chuiko_26/IGI/LR5/Agency/venv/lib/python3.13/site-packages/django/db/backends/utils.py", line 79, in execute
    return self._execute_with_wrappers(
           ~~~~~~~~~~~~~~~~~~~~~~~~~~~^
        sql, params, many=False, executor=self._execute
        ^^^^^^^^^^^^^^^^^^^^^^^^^^^^^^^^^^^^^^^^^^^^^^^
    )
    ^
  File "/Users/user/Desktop/igi/353505_Chuiko_26/IGI/LR5/Agency/venv/lib/python3.13/site-packages/django/db/backends/utils.py", line 92, in _execute_with_wrappers
    return executor(sql, params, many, context)
  File "/Users/user/Desktop/igi/353505_Chuiko_26/IGI/LR5/Agency/venv/lib/python3.13/site-packages/django/db/backends/utils.py", line 100, in _execute
    with self.db.wrap_database_errors:
         ^^^^^^^^^^^^^^^^^^^^^^^^^^^^
  File "/Users/user/Desktop/igi/353505_Chuiko_26/IGI/LR5/Agency/venv/lib/python3.13/site-packages/django/db/utils.py", line 91, in __exit__
    raise dj_exc_value.with_traceback(traceback) from exc_value
  File "/Users/user/Desktop/igi/353505_Chuiko_26/IGI/LR5/Agency/venv/lib/python3.13/site-packages/django/db/backends/utils.py", line 105, in _execute
    return self.cursor.execute(sql, params)
           ~~~~~~~~~~~~~~~~~~~^^^^^^^^^^^^^
  File "/Users/user/Desktop/igi/353505_Chuiko_26/IGI/LR5/Agency/venv/lib/python3.13/site-packages/django/db/backends/sqlite3/base.py", line 360, in execute
    return super().execute(query, params)
           ~~~~~~~~~~~~~~~^^^^^^^^^^^^^^^
django.db.utils.OperationalError: no such column: estateAgency_employee.first_name
ERROR 2025-05-29 00:14:20,936 basehttp "GET /admin/estateAgency/employee/ HTTP/1.1" 500 172983
INFO 2025-05-29 00:14:21,762 basehttp "GET /admin/estateAgency/client/2/change/ HTTP/1.1" 200 18260
INFO 2025-05-29 00:14:22,443 basehttp "GET /admin/estateAgency/client/2/change/ HTTP/1.1" 200 18260
INFO 2025-05-29 00:14:22,458 basehttp "GET /admin/jsi18n/ HTTP/1.1" 200 3342
ERROR 2025-05-29 00:14:25,408 log Internal Server Error: /admin/estateAgency/employee/
Traceback (most recent call last):
  File "/Users/user/Desktop/igi/353505_Chuiko_26/IGI/LR5/Agency/venv/lib/python3.13/site-packages/django/db/backends/utils.py", line 105, in _execute
    return self.cursor.execute(sql, params)
           ~~~~~~~~~~~~~~~~~~~^^^^^^^^^^^^^
  File "/Users/user/Desktop/igi/353505_Chuiko_26/IGI/LR5/Agency/venv/lib/python3.13/site-packages/django/db/backends/sqlite3/base.py", line 360, in execute
    return super().execute(query, params)
           ~~~~~~~~~~~~~~~^^^^^^^^^^^^^^^
sqlite3.OperationalError: no such column: estateAgency_employee.first_name

The above exception was the direct cause of the following exception:

Traceback (most recent call last):
  File "/Users/user/Desktop/igi/353505_Chuiko_26/IGI/LR5/Agency/venv/lib/python3.13/site-packages/django/core/handlers/exception.py", line 55, in inner
    response = get_response(request)
  File "/Users/user/Desktop/igi/353505_Chuiko_26/IGI/LR5/Agency/venv/lib/python3.13/site-packages/django/core/handlers/base.py", line 197, in _get_response
    response = wrapped_callback(request, *callback_args, **callback_kwargs)
  File "/Users/user/Desktop/igi/353505_Chuiko_26/IGI/LR5/Agency/venv/lib/python3.13/site-packages/django/contrib/admin/options.py", line 719, in wrapper
    return self.admin_site.admin_view(view)(*args, **kwargs)
           ~~~~~~~~~~~~~~~~~~~~~~~~~~~~~~~~^^^^^^^^^^^^^^^^^
  File "/Users/user/Desktop/igi/353505_Chuiko_26/IGI/LR5/Agency/venv/lib/python3.13/site-packages/django/utils/decorators.py", line 192, in _view_wrapper
    result = _process_exception(request, e)
  File "/Users/user/Desktop/igi/353505_Chuiko_26/IGI/LR5/Agency/venv/lib/python3.13/site-packages/django/utils/decorators.py", line 190, in _view_wrapper
    response = view_func(request, *args, **kwargs)
  File "/Users/user/Desktop/igi/353505_Chuiko_26/IGI/LR5/Agency/venv/lib/python3.13/site-packages/django/views/decorators/cache.py", line 80, in _view_wrapper
    response = view_func(request, *args, **kwargs)
  File "/Users/user/Desktop/igi/353505_Chuiko_26/IGI/LR5/Agency/venv/lib/python3.13/site-packages/django/contrib/admin/sites.py", line 246, in inner
    return view(request, *args, **kwargs)
  File "/Users/user/Desktop/igi/353505_Chuiko_26/IGI/LR5/Agency/venv/lib/python3.13/site-packages/django/utils/decorators.py", line 48, in _wrapper
    return bound_method(*args, **kwargs)
  File "/Users/user/Desktop/igi/353505_Chuiko_26/IGI/LR5/Agency/venv/lib/python3.13/site-packages/django/utils/decorators.py", line 192, in _view_wrapper
    result = _process_exception(request, e)
  File "/Users/user/Desktop/igi/353505_Chuiko_26/IGI/LR5/Agency/venv/lib/python3.13/site-packages/django/utils/decorators.py", line 190, in _view_wrapper
    response = view_func(request, *args, **kwargs)
  File "/Users/user/Desktop/igi/353505_Chuiko_26/IGI/LR5/Agency/venv/lib/python3.13/site-packages/django/contrib/admin/options.py", line 2163, in changelist_view
    "selection_note": _("0 of %(cnt)s selected") % {"cnt": len(cl.result_list)},
                                                           ~~~^^^^^^^^^^^^^^^^
  File "/Users/user/Desktop/igi/353505_Chuiko_26/IGI/LR5/Agency/venv/lib/python3.13/site-packages/django/db/models/query.py", line 366, in __len__
    self._fetch_all()
    ~~~~~~~~~~~~~~~^^
  File "/Users/user/Desktop/igi/353505_Chuiko_26/IGI/LR5/Agency/venv/lib/python3.13/site-packages/django/db/models/query.py", line 1945, in _fetch_all
    self._result_cache = list(self._iterable_class(self))
                         ~~~~^^^^^^^^^^^^^^^^^^^^^^^^^^^^
  File "/Users/user/Desktop/igi/353505_Chuiko_26/IGI/LR5/Agency/venv/lib/python3.13/site-packages/django/db/models/query.py", line 91, in __iter__
    results = compiler.execute_sql(
        chunked_fetch=self.chunked_fetch, chunk_size=self.chunk_size
    )
  File "/Users/user/Desktop/igi/353505_Chuiko_26/IGI/LR5/Agency/venv/lib/python3.13/site-packages/django/db/models/sql/compiler.py", line 1623, in execute_sql
    cursor.execute(sql, params)
    ~~~~~~~~~~~~~~^^^^^^^^^^^^^
  File "/Users/user/Desktop/igi/353505_Chuiko_26/IGI/LR5/Agency/venv/lib/python3.13/site-packages/django/db/backends/utils.py", line 122, in execute
    return super().execute(sql, params)
           ~~~~~~~~~~~~~~~^^^^^^^^^^^^^
  File "/Users/user/Desktop/igi/353505_Chuiko_26/IGI/LR5/Agency/venv/lib/python3.13/site-packages/django/db/backends/utils.py", line 79, in execute
    return self._execute_with_wrappers(
           ~~~~~~~~~~~~~~~~~~~~~~~~~~~^
        sql, params, many=False, executor=self._execute
        ^^^^^^^^^^^^^^^^^^^^^^^^^^^^^^^^^^^^^^^^^^^^^^^
    )
    ^
  File "/Users/user/Desktop/igi/353505_Chuiko_26/IGI/LR5/Agency/venv/lib/python3.13/site-packages/django/db/backends/utils.py", line 92, in _execute_with_wrappers
    return executor(sql, params, many, context)
  File "/Users/user/Desktop/igi/353505_Chuiko_26/IGI/LR5/Agency/venv/lib/python3.13/site-packages/django/db/backends/utils.py", line 100, in _execute
    with self.db.wrap_database_errors:
         ^^^^^^^^^^^^^^^^^^^^^^^^^^^^
  File "/Users/user/Desktop/igi/353505_Chuiko_26/IGI/LR5/Agency/venv/lib/python3.13/site-packages/django/db/utils.py", line 91, in __exit__
    raise dj_exc_value.with_traceback(traceback) from exc_value
  File "/Users/user/Desktop/igi/353505_Chuiko_26/IGI/LR5/Agency/venv/lib/python3.13/site-packages/django/db/backends/utils.py", line 105, in _execute
    return self.cursor.execute(sql, params)
           ~~~~~~~~~~~~~~~~~~~^^^^^^^^^^^^^
  File "/Users/user/Desktop/igi/353505_Chuiko_26/IGI/LR5/Agency/venv/lib/python3.13/site-packages/django/db/backends/sqlite3/base.py", line 360, in execute
    return super().execute(query, params)
           ~~~~~~~~~~~~~~~^^^^^^^^^^^^^^^
django.db.utils.OperationalError: no such column: estateAgency_employee.first_name
ERROR 2025-05-29 00:14:25,411 basehttp "GET /admin/estateAgency/employee/ HTTP/1.1" 500 172846
INFO 2025-05-29 00:15:18,408 autoreload Watching for file changes with StatReloader
INFO 2025-05-29 00:15:21,628 basehttp "GET /admin/estateAgency/employee/ HTTP/1.1" 200 17399
INFO 2025-05-29 00:15:21,644 basehttp "GET /admin/jsi18n/ HTTP/1.1" 200 3342
INFO 2025-05-29 00:15:23,517 basehttp "GET /admin/estateAgency/employee/1/change/ HTTP/1.1" 200 20924
INFO 2025-05-29 00:15:23,534 basehttp "GET /admin/jsi18n/ HTTP/1.1" 200 3342
INFO 2025-05-29 00:15:27,965 basehttp "POST /admin/estateAgency/employee/1/change/ HTTP/1.1" 302 0
INFO 2025-05-29 00:15:27,978 basehttp "GET /admin/estateAgency/employee/ HTTP/1.1" 200 17606
INFO 2025-05-29 00:15:27,992 basehttp "GET /admin/jsi18n/ HTTP/1.1" 200 3342
INFO 2025-05-29 00:17:58,701 autoreload /Users/user/Desktop/igi/353505_Chuiko_26/IGI/LR5/Agency/estateAgency/admin.py changed, reloading.
INFO 2025-05-29 00:17:59,046 autoreload Watching for file changes with StatReloader
INFO 2025-05-29 00:18:03,292 autoreload /Users/user/Desktop/igi/353505_Chuiko_26/IGI/LR5/Agency/estateAgency/admin.py changed, reloading.
INFO 2025-05-29 00:18:03,484 autoreload Watching for file changes with StatReloader
INFO 2025-05-29 00:18:07,672 basehttp "GET /admin/estateAgency/employee/ HTTP/1.1" 200 17412
INFO 2025-05-29 00:18:07,695 basehttp "GET /admin/jsi18n/ HTTP/1.1" 200 3342
INFO 2025-05-29 00:18:26,085 basehttp "GET /crud/properties/ HTTP/1.1" 200 2767
INFO 2025-05-29 00:18:28,161 basehttp "GET /crud/ HTTP/1.1" 200 1303
INFO 2025-05-29 00:18:34,424 basehttp "GET /crud/employees/ HTTP/1.1" 200 2128
WARNING 2025-05-29 00:18:34,447 log Not Found: /media/placeholder.png
WARNING 2025-05-29 00:18:34,447 basehttp "GET /media/placeholder.png HTTP/1.1" 404 15200
INFO 2025-05-29 00:18:37,980 basehttp "GET /crud/employees/add/ HTTP/1.1" 200 2694
INFO 2025-05-29 00:20:05,115 autoreload /Users/user/Desktop/igi/353505_Chuiko_26/IGI/LR5/Agency/estateAgency/forms.py changed, reloading.
INFO 2025-05-29 00:20:05,468 autoreload Watching for file changes with StatReloader
INFO 2025-05-29 00:20:59,851 autoreload /Users/user/Desktop/igi/353505_Chuiko_26/IGI/LR5/Agency/estateAgency/crud_views.py changed, reloading.
INFO 2025-05-29 00:21:00,215 autoreload Watching for file changes with StatReloader
INFO 2025-05-29 00:21:02,328 autoreload /Users/user/Desktop/igi/353505_Chuiko_26/IGI/LR5/Agency/estateAgency/crud_views.py changed, reloading.
INFO 2025-05-29 00:21:02,507 autoreload Watching for file changes with StatReloader
INFO 2025-05-29 00:21:04,916 autoreload /Users/user/Desktop/igi/353505_Chuiko_26/IGI/LR5/Agency/estateAgency/crud_views.py changed, reloading.
INFO 2025-05-29 00:21:05,121 autoreload Watching for file changes with StatReloader
INFO 2025-05-29 00:21:07,347 basehttp "GET /crud/employees/ HTTP/1.1" 200 2128
WARNING 2025-05-29 00:21:07,364 log Not Found: /media/placeholder.png
WARNING 2025-05-29 00:21:07,364 basehttp "GET /media/placeholder.png HTTP/1.1" 404 15200
INFO 2025-05-29 00:21:08,891 basehttp "GET /crud/properties/ HTTP/1.1" 200 2767
INFO 2025-05-29 00:21:10,919 basehttp "GET /crud/properties/1/edit/ HTTP/1.1" 200 4554
INFO 2025-05-29 00:21:19,142 basehttp "GET /crud/employees/add/ HTTP/1.1" 200 3339
INFO 2025-05-29 00:21:22,053 basehttp "GET /crud/employees/ HTTP/1.1" 200 2128
WARNING 2025-05-29 00:21:22,073 log Not Found: /media/placeholder.png
WARNING 2025-05-29 00:21:22,074 basehttp "GET /media/placeholder.png HTTP/1.1" 404 15200
INFO 2025-05-29 00:23:46,383 autoreload /Users/user/Desktop/igi/353505_Chuiko_26/IGI/LR5/Agency/estateAgency/statistics_view.py changed, reloading.
INFO 2025-05-29 00:23:46,759 autoreload Watching for file changes with StatReloader
INFO 2025-05-29 00:25:38,016 basehttp "GET /crud/employees/ HTTP/1.1" 200 2128
WARNING 2025-05-29 00:25:38,034 log Not Found: /media/placeholder.png
WARNING 2025-05-29 00:25:38,035 basehttp "GET /media/placeholder.png HTTP/1.1" 404 15200
INFO 2025-05-29 00:25:50,593 basehttp "GET /statistics HTTP/1.1" 301 0
ERROR 2025-05-29 00:25:50,638 log Internal Server Error: /statistics/
Traceback (most recent call last):
  File "/Users/user/Desktop/igi/353505_Chuiko_26/IGI/LR5/Agency/venv/lib/python3.13/site-packages/matplotlib/style/core.py", line 129, in use
    style = _rc_params_in_file(style)
  File "/Users/user/Desktop/igi/353505_Chuiko_26/IGI/LR5/Agency/venv/lib/python3.13/site-packages/matplotlib/__init__.py", line 903, in _rc_params_in_file
    with _open_file_or_url(fname) as fd:
         ~~~~~~~~~~~~~~~~~^^^^^^^
  File "/opt/homebrew/Cellar/python@3.13/3.13.2/Frameworks/Python.framework/Versions/3.13/lib/python3.13/contextlib.py", line 141, in __enter__
    return next(self.gen)
  File "/Users/user/Desktop/igi/353505_Chuiko_26/IGI/LR5/Agency/venv/lib/python3.13/site-packages/matplotlib/__init__.py", line 880, in _open_file_or_url
    with open(fname, encoding='utf-8') as f:
         ~~~~^^^^^^^^^^^^^^^^^^^^^^^^^
FileNotFoundError: [Errno 2] No such file or directory: 'seaborn'

The above exception was the direct cause of the following exception:

Traceback (most recent call last):
  File "/Users/user/Desktop/igi/353505_Chuiko_26/IGI/LR5/Agency/venv/lib/python3.13/site-packages/django/core/handlers/exception.py", line 55, in inner
    response = get_response(request)
  File "/Users/user/Desktop/igi/353505_Chuiko_26/IGI/LR5/Agency/venv/lib/python3.13/site-packages/django/core/handlers/base.py", line 197, in _get_response
    response = wrapped_callback(request, *callback_args, **callback_kwargs)
  File "/Users/user/Desktop/igi/353505_Chuiko_26/IGI/LR5/Agency/venv/lib/python3.13/site-packages/django/contrib/auth/decorators.py", line 59, in _view_wrapper
    return view_func(request, *args, **kwargs)
  File "/Users/user/Desktop/igi/353505_Chuiko_26/IGI/LR5/Agency/estateAgency/statistics_view.py", line 90, in statistics_view
    price_distribution_chart = generate_chart(
        data=[p.price for p in properties.order_by('-price')[:10]],
        labels=[p.title[:20] + '...' for p in properties.order_by('-price')[:10]],
        title='Топ 10 объектов по цене (₽)'
    )
  File "/Users/user/Desktop/igi/353505_Chuiko_26/IGI/LR5/Agency/estateAgency/statistics_view.py", line 10, in generate_chart
    plt.style.use('seaborn')  # Using a better style
    ~~~~~~~~~~~~~^^^^^^^^^^^
  File "/Users/user/Desktop/igi/353505_Chuiko_26/IGI/LR5/Agency/venv/lib/python3.13/site-packages/matplotlib/style/core.py", line 131, in use
    raise OSError(
    ...<2 lines>...
        f"styles are listed in `style.available`)") from err
OSError: 'seaborn' is not a valid package style, path of style file, URL of style file, or library style name (library styles are listed in `style.available`)
ERROR 2025-05-29 00:25:50,640 basehttp "GET /statistics/ HTTP/1.1" 500 97775
INFO 2025-05-29 00:26:17,799 autoreload /Users/user/Desktop/igi/353505_Chuiko_26/IGI/LR5/Agency/estateAgency/statistics_view.py changed, reloading.
INFO 2025-05-29 00:26:18,155 autoreload Watching for file changes with StatReloader
INFO 2025-05-29 00:26:46,058 autoreload Watching for file changes with StatReloader
INFO 2025-05-29 00:27:48,033 autoreload Watching for file changes with StatReloader
ERROR 2025-05-29 00:27:51,926 log Internal Server Error: /statistics/
Traceback (most recent call last):
  File "/Users/user/Desktop/igi/353505_Chuiko_26/IGI/LR5/Agency/venv/lib/python3.13/site-packages/matplotlib/style/core.py", line 129, in use
    style = _rc_params_in_file(style)
  File "/Users/user/Desktop/igi/353505_Chuiko_26/IGI/LR5/Agency/venv/lib/python3.13/site-packages/matplotlib/__init__.py", line 903, in _rc_params_in_file
    with _open_file_or_url(fname) as fd:
         ~~~~~~~~~~~~~~~~~^^^^^^^
  File "/opt/homebrew/Cellar/python@3.13/3.13.2/Frameworks/Python.framework/Versions/3.13/lib/python3.13/contextlib.py", line 141, in __enter__
    return next(self.gen)
  File "/Users/user/Desktop/igi/353505_Chuiko_26/IGI/LR5/Agency/venv/lib/python3.13/site-packages/matplotlib/__init__.py", line 880, in _open_file_or_url
    with open(fname, encoding='utf-8') as f:
         ~~~~^^^^^^^^^^^^^^^^^^^^^^^^^
FileNotFoundError: [Errno 2] No such file or directory: 'seaborn'

The above exception was the direct cause of the following exception:

Traceback (most recent call last):
  File "/Users/user/Desktop/igi/353505_Chuiko_26/IGI/LR5/Agency/venv/lib/python3.13/site-packages/django/core/handlers/exception.py", line 55, in inner
    response = get_response(request)
  File "/Users/user/Desktop/igi/353505_Chuiko_26/IGI/LR5/Agency/venv/lib/python3.13/site-packages/django/core/handlers/base.py", line 197, in _get_response
    response = wrapped_callback(request, *callback_args, **callback_kwargs)
  File "/Users/user/Desktop/igi/353505_Chuiko_26/IGI/LR5/Agency/venv/lib/python3.13/site-packages/django/contrib/auth/decorators.py", line 59, in _view_wrapper
    return view_func(request, *args, **kwargs)
  File "/Users/user/Desktop/igi/353505_Chuiko_26/IGI/LR5/Agency/estateAgency/statistics_view.py", line 90, in statistics_view
    price_distribution_chart = generate_chart(
        data=[p.price for p in properties.order_by('-price')[:10]],
        labels=[p.title[:20] + '...' for p in properties.order_by('-price')[:10]],
        title='Топ 10 объектов по цене (₽)'
    )
  File "/Users/user/Desktop/igi/353505_Chuiko_26/IGI/LR5/Agency/estateAgency/statistics_view.py", line 10, in generate_chart
    plt.style.use('seaborn')  # Using a better style
    ~~~~~~~~~~~~~^^^^^^^^^^^
  File "/Users/user/Desktop/igi/353505_Chuiko_26/IGI/LR5/Agency/venv/lib/python3.13/site-packages/matplotlib/style/core.py", line 131, in use
    raise OSError(
    ...<2 lines>...
        f"styles are listed in `style.available`)") from err
OSError: 'seaborn' is not a valid package style, path of style file, URL of style file, or library style name (library styles are listed in `style.available`)
ERROR 2025-05-29 00:27:51,929 basehttp "GET /statistics/ HTTP/1.1" 500 97912
INFO 2025-05-29 00:29:08,965 autoreload /Users/user/Desktop/igi/353505_Chuiko_26/IGI/LR5/Agency/estateAgency/statistics_view.py changed, reloading.
INFO 2025-05-29 00:29:09,331 autoreload Watching for file changes with StatReloader
INFO 2025-05-29 00:32:04,171 autoreload Watching for file changes with StatReloader
ERROR 2025-05-29 00:32:08,350 log Internal Server Error: /statistics/
Traceback (most recent call last):
  File "/Users/user/Desktop/igi/353505_Chuiko_26/IGI/LR5/Agency/venv/lib/python3.13/site-packages/django/core/handlers/exception.py", line 55, in inner
    response = get_response(request)
  File "/Users/user/Desktop/igi/353505_Chuiko_26/IGI/LR5/Agency/venv/lib/python3.13/site-packages/django/core/handlers/base.py", line 197, in _get_response
    response = wrapped_callback(request, *callback_args, **callback_kwargs)
  File "/Users/user/Desktop/igi/353505_Chuiko_26/IGI/LR5/Agency/venv/lib/python3.13/site-packages/django/contrib/auth/decorators.py", line 59, in _view_wrapper
    return view_func(request, *args, **kwargs)
  File "/Users/user/Desktop/igi/353505_Chuiko_26/IGI/LR5/Agency/estateAgency/statistics_view.py", line 133, in statistics_view
    return render(request, 'statistics/statistics.html', context)
  File "/Users/user/Desktop/igi/353505_Chuiko_26/IGI/LR5/Agency/venv/lib/python3.13/site-packages/django/shortcuts.py", line 25, in render
    content = loader.render_to_string(template_name, context, request, using=using)
  File "/Users/user/Desktop/igi/353505_Chuiko_26/IGI/LR5/Agency/venv/lib/python3.13/site-packages/django/template/loader.py", line 61, in render_to_string
    template = get_template(template_name, using=using)
  File "/Users/user/Desktop/igi/353505_Chuiko_26/IGI/LR5/Agency/venv/lib/python3.13/site-packages/django/template/loader.py", line 19, in get_template
    raise TemplateDoesNotExist(template_name, chain=chain)
django.template.exceptions.TemplateDoesNotExist: statistics/statistics.html
ERROR 2025-05-29 00:32:08,350 basehttp "GET /statistics/ HTTP/1.1" 500 112258
INFO 2025-05-29 00:32:57,009 autoreload /Users/user/Desktop/igi/353505_Chuiko_26/IGI/LR5/Agency/estateAgency/statistics_view.py changed, reloading.
INFO 2025-05-29 00:32:57,359 autoreload Watching for file changes with StatReloader
INFO 2025-05-29 00:33:21,010 basehttp "GET /statistics/ HTTP/1.1" 200 250462
INFO 2025-05-29 00:35:46,248 basehttp "GET /statistics/ HTTP/1.1" 200 250891
INFO 2025-05-29 00:40:03,810 autoreload /Users/user/Desktop/igi/353505_Chuiko_26/IGI/LR5/Agency/estateAgency/models.py changed, reloading.
INFO 2025-05-29 00:40:04,251 autoreload Watching for file changes with StatReloader
INFO 2025-05-29 00:40:05,802 autoreload /Users/user/Desktop/igi/353505_Chuiko_26/IGI/LR5/Agency/estateAgency/models.py changed, reloading.
INFO 2025-05-29 00:40:06,022 autoreload Watching for file changes with StatReloader
INFO 2025-05-29 00:40:07,374 autoreload /Users/user/Desktop/igi/353505_Chuiko_26/IGI/LR5/Agency/estateAgency/models.py changed, reloading.
INFO 2025-05-29 00:40:07,581 autoreload Watching for file changes with StatReloader
INFO 2025-05-29 00:40:10,953 autoreload /Users/user/Desktop/igi/353505_Chuiko_26/IGI/LR5/Agency/estateAgency/models.py changed, reloading.
INFO 2025-05-29 00:40:11,186 autoreload Watching for file changes with StatReloader
INFO 2025-05-29 00:40:21,643 autoreload /Users/user/Desktop/igi/353505_Chuiko_26/IGI/LR5/Agency/estateAgency/admin.py changed, reloading.
INFO 2025-05-29 00:40:21,973 autoreload Watching for file changes with StatReloader
INFO 2025-05-29 00:40:24,390 autoreload /Users/user/Desktop/igi/353505_Chuiko_26/IGI/LR5/Agency/estateAgency/admin.py changed, reloading.
INFO 2025-05-29 00:40:24,621 autoreload Watching for file changes with StatReloader
INFO 2025-05-29 00:41:13,188 autoreload Watching for file changes with StatReloader
INFO 2025-05-29 00:41:19,589 basehttp "GET /admin/estateAgency/employee/ HTTP/1.1" 200 17917
INFO 2025-05-29 00:41:19,613 basehttp "GET /admin/jsi18n/ HTTP/1.1" 200 3342
INFO 2025-05-29 00:41:52,540 autoreload /Users/user/Desktop/igi/353505_Chuiko_26/IGI/LR5/Agency/estateAgency/models.py changed, reloading.
INFO 2025-05-29 00:41:52,896 autoreload Watching for file changes with StatReloader
INFO 2025-05-29 00:41:54,356 autoreload /Users/user/Desktop/igi/353505_Chuiko_26/IGI/LR5/Agency/estateAgency/models.py changed, reloading.
INFO 2025-05-29 00:41:54,555 autoreload Watching for file changes with StatReloader
INFO 2025-05-29 00:41:55,905 autoreload /Users/user/Desktop/igi/353505_Chuiko_26/IGI/LR5/Agency/estateAgency/models.py changed, reloading.
INFO 2025-05-29 00:41:56,109 autoreload Watching for file changes with StatReloader
INFO 2025-05-29 00:42:00,494 autoreload /Users/user/Desktop/igi/353505_Chuiko_26/IGI/LR5/Agency/estateAgency/models.py changed, reloading.
INFO 2025-05-29 00:42:00,747 autoreload Watching for file changes with StatReloader
INFO 2025-05-29 00:42:06,143 autoreload /Users/user/Desktop/igi/353505_Chuiko_26/IGI/LR5/Agency/estateAgency/models.py changed, reloading.
INFO 2025-05-29 00:42:06,482 autoreload Watching for file changes with StatReloader
INFO 2025-05-29 00:42:09,835 autoreload /Users/user/Desktop/igi/353505_Chuiko_26/IGI/LR5/Agency/estateAgency/models.py changed, reloading.
INFO 2025-05-29 00:42:10,041 autoreload Watching for file changes with StatReloader
INFO 2025-05-29 00:42:13,405 autoreload /Users/user/Desktop/igi/353505_Chuiko_26/IGI/LR5/Agency/estateAgency/models.py changed, reloading.
INFO 2025-05-29 00:42:13,640 autoreload Watching for file changes with StatReloader
INFO 2025-05-29 00:42:17,005 autoreload /Users/user/Desktop/igi/353505_Chuiko_26/IGI/LR5/Agency/estateAgency/models.py changed, reloading.
INFO 2025-05-29 00:42:17,243 autoreload Watching for file changes with StatReloader
INFO 2025-05-29 00:42:23,698 autoreload /Users/user/Desktop/igi/353505_Chuiko_26/IGI/LR5/Agency/estateAgency/models.py changed, reloading.
INFO 2025-05-29 00:42:23,935 autoreload Watching for file changes with StatReloader
INFO 2025-05-29 00:42:28,361 autoreload /Users/user/Desktop/igi/353505_Chuiko_26/IGI/LR5/Agency/estateAgency/models.py changed, reloading.
INFO 2025-05-29 00:42:28,612 autoreload Watching for file changes with StatReloader
INFO 2025-05-29 00:42:31,010 autoreload /Users/user/Desktop/igi/353505_Chuiko_26/IGI/LR5/Agency/estateAgency/models.py changed, reloading.
INFO 2025-05-29 00:42:31,239 autoreload Watching for file changes with StatReloader
INFO 2025-05-29 00:42:34,593 autoreload /Users/user/Desktop/igi/353505_Chuiko_26/IGI/LR5/Agency/estateAgency/models.py changed, reloading.
INFO 2025-05-29 00:42:34,809 autoreload Watching for file changes with StatReloader
INFO 2025-05-29 00:42:46,858 autoreload Watching for file changes with StatReloader
INFO 2025-05-29 00:42:49,189 basehttp "GET /admin/estateAgency/employee/ HTTP/1.1" 200 17890
INFO 2025-05-29 00:42:49,205 basehttp "GET /admin/jsi18n/ HTTP/1.1" 200 3342
INFO 2025-05-29 00:42:50,953 basehttp "GET /admin/estateAgency/aboutcompany/ HTTP/1.1" 200 14306
INFO 2025-05-29 00:42:50,971 basehttp "GET /admin/jsi18n/ HTTP/1.1" 200 3342
INFO 2025-05-29 00:42:53,076 basehttp "GET /admin/estateAgency/aboutcompany/add/ HTTP/1.1" 200 16978
INFO 2025-05-29 00:42:53,093 basehttp "GET /admin/jsi18n/ HTTP/1.1" 200 3342
INFO 2025-05-29 00:42:54,766 basehttp "GET /admin/estateAgency/aboutcompany/ HTTP/1.1" 200 14306
INFO 2025-05-29 00:42:54,782 basehttp "GET /admin/jsi18n/ HTTP/1.1" 200 3342
INFO 2025-05-29 00:46:10,989 basehttp "GET /statistics/ HTTP/1.1" 200 184604
INFO 2025-05-29 09:43:04,810 autoreload Watching for file changes with StatReloader
INFO 2025-05-29 09:43:24,422 basehttp "GET /crud/ HTTP/1.1" 200 1365
INFO 2025-05-29 09:44:42,245 autoreload /Users/user/Desktop/igi/353505_Chuiko_26/IGI/LR5/Agency/estateAgency/views.py changed, reloading.
INFO 2025-05-29 09:44:42,610 autoreload Watching for file changes with StatReloader
INFO 2025-05-29 09:44:51,750 autoreload /Users/user/Desktop/igi/353505_Chuiko_26/IGI/LR5/Agency/estateAgency/views.py changed, reloading.
INFO 2025-05-29 09:44:52,024 autoreload Watching for file changes with StatReloader
INFO 2025-05-29 09:44:53,476 autoreload /Users/user/Desktop/igi/353505_Chuiko_26/IGI/LR5/Agency/estateAgency/views.py changed, reloading.
INFO 2025-05-29 09:44:53,675 autoreload Watching for file changes with StatReloader
INFO 2025-05-29 09:44:57,033 autoreload /Users/user/Desktop/igi/353505_Chuiko_26/IGI/LR5/Agency/estateAgency/views.py changed, reloading.
INFO 2025-05-29 09:44:57,296 autoreload Watching for file changes with StatReloader
INFO 2025-05-29 09:44:59,645 autoreload /Users/user/Desktop/igi/353505_Chuiko_26/IGI/LR5/Agency/estateAgency/views.py changed, reloading.
INFO 2025-05-29 09:44:59,873 autoreload Watching for file changes with StatReloader
INFO 2025-05-29 09:45:05,305 autoreload /Users/user/Desktop/igi/353505_Chuiko_26/IGI/LR5/Agency/estateAgency/views.py changed, reloading.
INFO 2025-05-29 09:45:05,601 autoreload Watching for file changes with StatReloader
INFO 2025-05-29 09:45:09,970 autoreload /Users/user/Desktop/igi/353505_Chuiko_26/IGI/LR5/Agency/estateAgency/views.py changed, reloading.
INFO 2025-05-29 09:45:10,213 autoreload Watching for file changes with StatReloader
INFO 2025-05-29 09:45:17,335 autoreload /Users/user/Desktop/igi/353505_Chuiko_26/IGI/LR5/Agency/estateAgency/views.py changed, reloading.
INFO 2025-05-29 09:45:17,520 autoreload Watching for file changes with StatReloader
INFO 2025-05-29 09:45:19,587 autoreload /Users/user/Desktop/igi/353505_Chuiko_26/IGI/LR5/Agency/estateAgency/views.py changed, reloading.
INFO 2025-05-29 09:45:19,772 autoreload Watching for file changes with StatReloader
INFO 2025-05-29 09:45:22,838 autoreload /Users/user/Desktop/igi/353505_Chuiko_26/IGI/LR5/Agency/estateAgency/views.py changed, reloading.
INFO 2025-05-29 09:45:23,008 autoreload Watching for file changes with StatReloader
INFO 2025-05-29 09:45:26,070 autoreload /Users/user/Desktop/igi/353505_Chuiko_26/IGI/LR5/Agency/estateAgency/views.py changed, reloading.
INFO 2025-05-29 09:45:26,337 autoreload Watching for file changes with StatReloader
INFO 2025-05-29 09:45:27,391 autoreload /Users/user/Desktop/igi/353505_Chuiko_26/IGI/LR5/Agency/estateAgency/views.py changed, reloading.
INFO 2025-05-29 09:45:27,589 autoreload Watching for file changes with StatReloader
INFO 2025-05-29 09:45:31,676 autoreload /Users/user/Desktop/igi/353505_Chuiko_26/IGI/LR5/Agency/estateAgency/views.py changed, reloading.
INFO 2025-05-29 09:45:31,873 autoreload Watching for file changes with StatReloader
INFO 2025-05-29 09:51:50,231 basehttp "GET / HTTP/1.1" 200 4935
INFO 2025-05-29 09:54:15,991 basehttp "GET /logout/ HTTP/1.1" 200 1551
INFO 2025-05-29 09:54:22,068 basehttp "POST /logout/ HTTP/1.1" 302 0
INFO 2025-05-29 09:54:22,092 basehttp "GET /admin/ HTTP/1.1" 200 19112
INFO 2025-05-29 09:54:22,122 basehttp "GET /static/admin/css/base.css HTTP/1.1" 304 0
INFO 2025-05-29 09:54:22,123 basehttp "GET /static/admin/css/dark_mode.css HTTP/1.1" 304 0
INFO 2025-05-29 09:54:22,123 basehttp "GET /static/admin/css/nav_sidebar.css HTTP/1.1" 304 0
INFO 2025-05-29 09:54:22,124 basehttp "GET /static/admin/css/dashboard.css HTTP/1.1" 304 0
INFO 2025-05-29 09:54:22,124 basehttp "GET /static/admin/css/responsive.css HTTP/1.1" 304 0
INFO 2025-05-29 09:54:22,124 basehttp "GET /static/admin/js/theme.js HTTP/1.1" 304 0
INFO 2025-05-29 09:54:22,126 basehttp "GET /static/admin/js/nav_sidebar.js HTTP/1.1" 304 0
INFO 2025-05-29 09:54:22,130 basehttp "GET /static/admin/img/icon-changelink.svg HTTP/1.1" 304 0
INFO 2025-05-29 09:54:22,130 basehttp "GET /static/admin/img/icon-deletelink.svg HTTP/1.1" 304 0
INFO 2025-05-29 09:54:22,130 basehttp "GET /static/admin/img/icon-addlink.svg HTTP/1.1" 304 0
INFO 2025-05-29 09:57:39,107 basehttp "GET /logout/ HTTP/1.1" 200 1551
INFO 2025-05-29 09:57:43,092 basehttp "GET / HTTP/1.1" 200 4926
INFO 2025-05-29 09:57:43,092 basehttp - Broken pipe from ('127.0.0.1', 60595)
INFO 2025-05-29 09:57:45,495 basehttp "GET / HTTP/1.1" 200 5062
INFO 2025-05-29 09:57:47,251 basehttp "GET /logout/ HTTP/1.1" 200 1551
INFO 2025-05-29 09:57:57,834 basehttp "POST /admin/logout/ HTTP/1.1" 200 3568
INFO 2025-05-29 09:58:01,709 basehttp "GET /admin/ HTTP/1.1" 302 0
INFO 2025-05-29 09:58:01,725 basehttp "GET /admin/login/?next=/admin/ HTTP/1.1" 200 4173
INFO 2025-05-29 09:58:01,739 basehttp "GET /static/admin/css/login.css HTTP/1.1" 304 0
INFO 2025-05-29 09:58:04,228 basehttp "GET /logout/ HTTP/1.1" 200 1604
ERROR 2025-05-29 09:58:07,405 log Internal Server Error: /
Traceback (most recent call last):
  File "/Users/user/Desktop/igi/353505_Chuiko_26/IGI/LR5/Agency/venv/lib/python3.13/site-packages/django/core/handlers/exception.py", line 55, in inner
    response = get_response(request)
  File "/Users/user/Desktop/igi/353505_Chuiko_26/IGI/LR5/Agency/venv/lib/python3.13/site-packages/django/core/handlers/base.py", line 197, in _get_response
    response = wrapped_callback(request, *callback_args, **callback_kwargs)
  File "/Users/user/Desktop/igi/353505_Chuiko_26/IGI/LR5/Agency/estateAgency/views.py", line 51, in mainpage
    return render(request, 'mainpage/mainpage.html', context)
                                                     ^^^^^^^
UnboundLocalError: cannot access local variable 'context' where it is not associated with a value
ERROR 2025-05-29 09:58:07,406 basehttp "GET / HTTP/1.1" 500 65381
INFO 2025-05-29 10:00:20,240 autoreload /Users/user/Desktop/igi/353505_Chuiko_26/IGI/LR5/Agency/estateAgency/views.py changed, reloading.
INFO 2025-05-29 10:00:20,656 autoreload Watching for file changes with StatReloader
INFO 2025-05-29 10:00:28,363 autoreload /Users/user/Desktop/igi/353505_Chuiko_26/IGI/LR5/Agency/estateAgency/views.py changed, reloading.
INFO 2025-05-29 10:00:28,664 autoreload Watching for file changes with StatReloader
INFO 2025-05-29 10:00:32,825 basehttp "GET / HTTP/1.1" 200 3458
INFO 2025-05-29 10:04:48,596 autoreload /Users/user/Desktop/igi/353505_Chuiko_26/IGI/LR5/Agency/estateAgency/crud_views.py changed, reloading.
INFO 2025-05-29 10:04:49,042 autoreload Watching for file changes with StatReloader
INFO 2025-05-29 10:05:01,262 autoreload /Users/user/Desktop/igi/353505_Chuiko_26/IGI/LR5/Agency/estateAgency/crud_views.py changed, reloading.
INFO 2025-05-29 10:05:01,530 autoreload Watching for file changes with StatReloader
INFO 2025-05-29 10:05:08,999 autoreload /Users/user/Desktop/igi/353505_Chuiko_26/IGI/LR5/Agency/estateAgency/crud_views.py changed, reloading.
INFO 2025-05-29 10:05:09,294 autoreload Watching for file changes with StatReloader
INFO 2025-05-29 10:05:13,698 autoreload /Users/user/Desktop/igi/353505_Chuiko_26/IGI/LR5/Agency/estateAgency/crud_views.py changed, reloading.
INFO 2025-05-29 10:05:13,927 autoreload Watching for file changes with StatReloader
INFO 2025-05-29 10:05:16,215 autoreload /Users/user/Desktop/igi/353505_Chuiko_26/IGI/LR5/Agency/estateAgency/crud_views.py changed, reloading.
INFO 2025-05-29 10:05:16,431 autoreload Watching for file changes with StatReloader
INFO 2025-05-29 10:05:18,794 autoreload /Users/user/Desktop/igi/353505_Chuiko_26/IGI/LR5/Agency/estateAgency/crud_views.py changed, reloading.
INFO 2025-05-29 10:05:19,065 autoreload Watching for file changes with StatReloader
INFO 2025-05-29 10:05:24,372 autoreload /Users/user/Desktop/igi/353505_Chuiko_26/IGI/LR5/Agency/estateAgency/crud_views.py changed, reloading.
INFO 2025-05-29 10:05:24,580 autoreload Watching for file changes with StatReloader
INFO 2025-05-29 10:05:47,259 autoreload /Users/user/Desktop/igi/353505_Chuiko_26/IGI/LR5/Agency/estateAgency/crud_views.py changed, reloading.
INFO 2025-05-29 10:05:47,589 autoreload Watching for file changes with StatReloader
INFO 2025-05-29 10:05:52,042 autoreload /Users/user/Desktop/igi/353505_Chuiko_26/IGI/LR5/Agency/estateAgency/crud_views.py changed, reloading.
INFO 2025-05-29 10:05:52,263 autoreload Watching for file changes with StatReloader
INFO 2025-05-29 10:05:53,604 autoreload /Users/user/Desktop/igi/353505_Chuiko_26/IGI/LR5/Agency/estateAgency/crud_views.py changed, reloading.
INFO 2025-05-29 10:05:53,850 autoreload Watching for file changes with StatReloader
INFO 2025-05-29 10:05:56,130 autoreload /Users/user/Desktop/igi/353505_Chuiko_26/IGI/LR5/Agency/estateAgency/crud_views.py changed, reloading.
INFO 2025-05-29 10:05:56,336 autoreload Watching for file changes with StatReloader
INFO 2025-05-29 10:05:57,613 autoreload /Users/user/Desktop/igi/353505_Chuiko_26/IGI/LR5/Agency/estateAgency/crud_views.py changed, reloading.
INFO 2025-05-29 10:05:57,835 autoreload Watching for file changes with StatReloader
INFO 2025-05-29 10:06:14,328 autoreload /Users/user/Desktop/igi/353505_Chuiko_26/IGI/LR5/Agency/estateAgency/crud_views.py changed, reloading.
INFO 2025-05-29 10:06:14,634 autoreload Watching for file changes with StatReloader
INFO 2025-05-29 10:06:15,991 autoreload /Users/user/Desktop/igi/353505_Chuiko_26/IGI/LR5/Agency/estateAgency/crud_views.py changed, reloading.
INFO 2025-05-29 10:06:16,197 autoreload Watching for file changes with StatReloader
INFO 2025-05-29 10:06:20,510 autoreload /Users/user/Desktop/igi/353505_Chuiko_26/IGI/LR5/Agency/estateAgency/crud_views.py changed, reloading.
INFO 2025-05-29 10:06:20,739 autoreload Watching for file changes with StatReloader
INFO 2025-05-29 10:09:11,267 autoreload Watching for file changes with StatReloader
INFO 2025-05-29 10:09:53,394 autoreload /Users/user/Desktop/igi/353505_Chuiko_26/IGI/LR5/Agency/estateAgency/urls.py changed, reloading.
INFO 2025-05-29 10:09:53,815 autoreload Watching for file changes with StatReloader
INFO 2025-05-29 10:09:56,261 autoreload /Users/user/Desktop/igi/353505_Chuiko_26/IGI/LR5/Agency/estateAgency/urls.py changed, reloading.
INFO 2025-05-29 10:09:56,503 autoreload Watching for file changes with StatReloader
INFO 2025-05-29 10:11:57,877 autoreload /Users/user/Desktop/igi/353505_Chuiko_26/IGI/LR5/Agency/estateAgency/crud_views.py changed, reloading.
INFO 2025-05-29 10:11:58,207 autoreload Watching for file changes with StatReloader
INFO 2025-05-29 10:19:08,458 autoreload Watching for file changes with StatReloader
INFO 2025-05-29 10:19:11,370 basehttp "GET / HTTP/1.1" 200 3226
INFO 2025-05-29 10:19:13,691 basehttp "GET /properties/types/ HTTP/1.1" 200 2243
INFO 2025-05-29 10:19:16,480 basehttp "GET / HTTP/1.1" 200 3226
INFO 2025-05-29 10:25:27,694 basehttp "GET /promo-codes/ HTTP/1.1" 200 841
INFO 2025-05-29 10:25:28,578 basehttp "GET /properties/types/ HTTP/1.1" 200 2243
INFO 2025-05-29 10:25:29,363 basehttp "GET /crud/properties/ HTTP/1.1" 200 2650
INFO 2025-05-29 10:25:30,153 basehttp "GET /about/ HTTP/1.1" 200 2524
WARNING 2025-05-29 10:25:30,177 log Not Found: /media/placeholder.png
WARNING 2025-05-29 10:25:30,178 basehttp "GET /media/placeholder.png HTTP/1.1" 404 15483
INFO 2025-05-29 10:25:31,409 basehttp "GET /crud/properties/ HTTP/1.1" 200 2650
INFO 2025-05-29 10:25:57,917 autoreload /Users/user/Desktop/igi/353505_Chuiko_26/IGI/LR5/Agency/estateAgency/urls.py changed, reloading.
INFO 2025-05-29 10:25:58,455 autoreload Watching for file changes with StatReloader
INFO 2025-05-29 10:26:05,020 autoreload /Users/user/Desktop/igi/353505_Chuiko_26/IGI/LR5/Agency/estateAgency/estate_views.py changed, reloading.
INFO 2025-05-29 10:26:05,342 autoreload Watching for file changes with StatReloader
INFO 2025-05-29 10:26:11,828 autoreload /Users/user/Desktop/igi/353505_Chuiko_26/IGI/LR5/Agency/estateAgency/urls.py changed, reloading.
INFO 2025-05-29 10:26:12,156 autoreload Watching for file changes with StatReloader
INFO 2025-05-29 10:27:19,607 basehttp "GET /crud/properties/ HTTP/1.1" 200 2672
INFO 2025-05-29 10:27:21,680 basehttp "GET /properties/ HTTP/1.1" 200 1168
INFO 2025-05-29 10:27:23,945 basehttp "GET / HTTP/1.1" 200 3248
INFO 2025-05-29 10:27:30,816 basehttp "GET / HTTP/1.1" 200 3248
INFO 2025-05-29 10:27:59,908 basehttp "POST /admin/login/?next=/admin/ HTTP/1.1" 302 0
INFO 2025-05-29 10:27:59,928 basehttp "GET /admin/ HTTP/1.1" 200 19112
INFO 2025-05-29 10:28:08,774 basehttp "GET /admin/estateAgency/employee/ HTTP/1.1" 200 17890
INFO 2025-05-29 10:28:08,792 basehttp "GET /static/admin/js/vendor/jquery/jquery.js HTTP/1.1" 304 0
INFO 2025-05-29 10:28:08,792 basehttp "GET /static/admin/js/jquery.init.js HTTP/1.1" 304 0
INFO 2025-05-29 10:28:08,793 basehttp "GET /static/admin/css/changelists.css HTTP/1.1" 304 0
INFO 2025-05-29 10:28:08,794 basehttp "GET /static/admin/js/urlify.js HTTP/1.1" 304 0
INFO 2025-05-29 10:28:08,795 basehttp "GET /static/admin/js/actions.js HTTP/1.1" 304 0
INFO 2025-05-29 10:28:08,796 basehttp "GET /static/admin/js/admin/RelatedObjectLookups.js HTTP/1.1" 304 0
INFO 2025-05-29 10:28:08,797 basehttp "GET /static/admin/js/core.js HTTP/1.1" 304 0
INFO 2025-05-29 10:28:08,797 basehttp "GET /static/admin/js/prepopulate.js HTTP/1.1" 304 0
INFO 2025-05-29 10:28:08,798 basehttp "GET /static/admin/js/vendor/xregexp/xregexp.js HTTP/1.1" 304 0
INFO 2025-05-29 10:28:08,799 basehttp "GET /static/admin/img/search.svg HTTP/1.1" 304 0
INFO 2025-05-29 10:28:08,800 basehttp "GET /admin/jsi18n/ HTTP/1.1" 200 3342
INFO 2025-05-29 10:28:08,802 basehttp "GET /static/admin/js/filters.js HTTP/1.1" 304 0
INFO 2025-05-29 10:28:08,812 basehttp "GET /static/admin/img/tooltag-add.svg HTTP/1.1" 304 0
INFO 2025-05-29 10:28:08,813 basehttp "GET /static/admin/img/icon-viewlink.svg HTTP/1.1" 304 0
INFO 2025-05-29 10:28:10,263 basehttp "GET /admin/estateAgency/employee/1/change/ HTTP/1.1" 200 19843
INFO 2025-05-29 10:28:10,274 basehttp "GET /static/admin/css/forms.css HTTP/1.1" 304 0
INFO 2025-05-29 10:28:10,275 basehttp "GET /static/admin/js/prepopulate_init.js HTTP/1.1" 304 0
INFO 2025-05-29 10:28:10,277 basehttp "GET /admin/jsi18n/ HTTP/1.1" 200 3342
INFO 2025-05-29 10:28:10,278 basehttp "GET /static/admin/css/widgets.css HTTP/1.1" 304 0
INFO 2025-05-29 10:28:10,281 basehttp "GET /static/admin/js/change_form.js HTTP/1.1" 304 0
INFO 2025-05-29 10:28:31,251 basehttp "POST /admin/estateAgency/employee/1/change/ HTTP/1.1" 302 0
INFO 2025-05-29 10:28:31,265 basehttp "GET /admin/estateAgency/employee/ HTTP/1.1" 200 18157
INFO 2025-05-29 10:28:31,279 basehttp "GET /admin/jsi18n/ HTTP/1.1" 200 3342
INFO 2025-05-29 10:28:31,287 basehttp "GET /static/admin/img/icon-yes.svg HTTP/1.1" 304 0
INFO 2025-05-29 10:28:36,692 basehttp "GET /admin/auth/user/ HTTP/1.1" 200 20419
INFO 2025-05-29 10:28:36,707 basehttp "GET /static/admin/img/icon-no.svg HTTP/1.1" 304 0
INFO 2025-05-29 10:28:36,709 basehttp "GET /admin/jsi18n/ HTTP/1.1" 200 3342
INFO 2025-05-29 10:28:36,719 basehttp "GET /static/admin/img/sorting-icons.svg HTTP/1.1" 304 0
INFO 2025-05-29 10:28:42,300 basehttp "GET /admin/auth/user/3/change/ HTTP/1.1" 200 32396
INFO 2025-05-29 10:28:42,316 basehttp "GET /static/admin/js/calendar.js HTTP/1.1" 304 0
INFO 2025-05-29 10:28:42,317 basehttp "GET /static/admin/js/admin/DateTimeShortcuts.js HTTP/1.1" 304 0
INFO 2025-05-29 10:28:42,318 basehttp "GET /static/admin/js/SelectFilter2.js HTTP/1.1" 304 0
INFO 2025-05-29 10:28:42,318 basehttp "GET /admin/jsi18n/ HTTP/1.1" 200 3342
INFO 2025-05-29 10:28:42,318 basehttp "GET /static/admin/js/SelectBox.js HTTP/1.1" 304 0
INFO 2025-05-29 10:28:42,352 basehttp "GET /static/admin/img/selector-icons.svg HTTP/1.1" 304 0
INFO 2025-05-29 10:28:42,352 basehttp "GET /static/admin/img/icon-calendar.svg HTTP/1.1" 304 0
INFO 2025-05-29 10:28:42,353 basehttp "GET /static/admin/img/icon-clock.svg HTTP/1.1" 304 0
INFO 2025-05-29 10:28:48,118 basehttp "POST /admin/logout/ HTTP/1.1" 200 3568
INFO 2025-05-29 10:28:50,895 basehttp "GET /login/ HTTP/1.1" 200 1394
INFO 2025-05-29 10:29:00,394 basehttp "POST /login/ HTTP/1.1" 200 1555
INFO 2025-05-29 10:29:03,470 basehttp "GET /admin/ HTTP/1.1" 302 0
INFO 2025-05-29 10:29:03,481 basehttp "GET /admin/login/?next=/admin/ HTTP/1.1" 200 4173
INFO 2025-05-29 10:29:13,599 basehttp "POST /admin/login/?next=/admin/ HTTP/1.1" 200 4345
INFO 2025-05-29 10:29:19,620 basehttp "POST /admin/login/?next=/admin/ HTTP/1.1" 302 0
INFO 2025-05-29 10:29:19,628 basehttp "GET /admin/ HTTP/1.1" 200 19126
INFO 2025-05-29 10:29:23,691 basehttp "GET /admin/auth/user/ HTTP/1.1" 200 20419
INFO 2025-05-29 10:29:23,708 basehttp "GET /admin/jsi18n/ HTTP/1.1" 200 3342
INFO 2025-05-29 10:29:26,273 basehttp "GET /admin/auth/user/3/change/ HTTP/1.1" 200 32396
INFO 2025-05-29 10:29:26,289 basehttp "GET /admin/jsi18n/ HTTP/1.1" 200 3342
INFO 2025-05-29 10:29:33,491 basehttp "GET /admin/auth/user/3/password/ HTTP/1.1" 200 14958
INFO 2025-05-29 10:29:33,505 basehttp "GET /static/admin/js/unusable_password_field.js HTTP/1.1" 304 0
INFO 2025-05-29 10:29:33,506 basehttp "GET /static/admin/css/unusable_password_field.css HTTP/1.1" 304 0
INFO 2025-05-29 10:29:52,057 basehttp "POST /admin/auth/user/3/password/ HTTP/1.1" 200 15164
INFO 2025-05-29 10:29:57,334 basehttp "GET /admin/auth/user/ HTTP/1.1" 200 20419
INFO 2025-05-29 10:29:57,352 basehttp "GET /admin/jsi18n/ HTTP/1.1" 200 3342
INFO 2025-05-29 10:30:00,732 basehttp "GET /admin/auth/user/3/change/ HTTP/1.1" 200 32396
INFO 2025-05-29 10:30:00,748 basehttp "GET /admin/jsi18n/ HTTP/1.1" 200 3342
INFO 2025-05-29 10:30:02,732 basehttp "GET /admin/auth/user/3/password/ HTTP/1.1" 200 14958
INFO 2025-05-29 10:30:18,085 basehttp "POST /admin/auth/user/3/password/ HTTP/1.1" 302 0
INFO 2025-05-29 10:30:18,101 basehttp "GET /admin/auth/user/3/change/ HTTP/1.1" 200 32769
INFO 2025-05-29 10:30:18,117 basehttp "GET /admin/jsi18n/ HTTP/1.1" 200 3342
INFO 2025-05-29 10:30:20,749 basehttp "POST /admin/logout/ HTTP/1.1" 200 3568
INFO 2025-05-29 10:30:22,071 basehttp "GET /admin/ HTTP/1.1" 302 0
INFO 2025-05-29 10:30:22,078 basehttp "GET /admin/login/?next=/admin/ HTTP/1.1" 200 4173
INFO 2025-05-29 10:30:31,479 basehttp "POST /admin/login/?next=/admin/ HTTP/1.1" 200 4345
INFO 2025-05-29 10:30:43,754 basehttp "POST /admin/login/?next=/admin/ HTTP/1.1" 302 0
INFO 2025-05-29 10:30:43,764 basehttp "GET /admin/ HTTP/1.1" 200 19110
INFO 2025-05-29 10:30:46,370 basehttp "GET /admin/auth/user/ HTTP/1.1" 200 20419
INFO 2025-05-29 10:30:46,390 basehttp "GET /admin/jsi18n/ HTTP/1.1" 200 3342
INFO 2025-05-29 10:30:48,594 basehttp "GET /admin/auth/user/3/change/ HTTP/1.1" 200 32633
INFO 2025-05-29 10:30:48,610 basehttp "GET /admin/jsi18n/ HTTP/1.1" 200 3342
INFO 2025-05-29 10:31:00,965 basehttp "POST /admin/auth/user/3/change/ HTTP/1.1" 302 0
INFO 2025-05-29 10:31:00,979 basehttp "GET /admin/auth/user/ HTTP/1.1" 200 20616
INFO 2025-05-29 10:31:00,994 basehttp "GET /admin/jsi18n/ HTTP/1.1" 200 3342
INFO 2025-05-29 10:31:02,900 basehttp "GET /admin/auth/user/3/change/ HTTP/1.1" 200 32641
INFO 2025-05-29 10:31:02,914 basehttp "GET /admin/jsi18n/ HTTP/1.1" 200 3342
INFO 2025-05-29 10:31:11,695 basehttp "POST /admin/logout/ HTTP/1.1" 200 3568
INFO 2025-05-29 10:31:12,951 basehttp "GET /admin/ HTTP/1.1" 302 0
INFO 2025-05-29 10:31:12,959 basehttp "GET /admin/login/?next=/admin/ HTTP/1.1" 200 4173
INFO 2025-05-29 10:31:20,447 basehttp "POST /admin/login/?next=/admin/ HTTP/1.1" 302 0
INFO 2025-05-29 10:31:20,453 basehttp "GET /admin/ HTTP/1.1" 200 4523
WARNING 2025-05-29 10:31:27,758 log Forbidden (CSRF token from POST incorrect.): /login/
WARNING 2025-05-29 10:31:27,759 basehttp "POST /login/ HTTP/1.1" 403 2503
INFO 2025-05-29 10:31:29,384 basehttp "GET /login/ HTTP/1.1" 200 1751
INFO 2025-05-29 10:39:20,906 basehttp "GET /deals/agent/ HTTP/1.1" 200 1235
INFO 2025-05-29 10:39:27,227 basehttp "POST /admin/logout/ HTTP/1.1" 200 3568
INFO 2025-05-29 10:39:28,757 basehttp "GET /admin/ HTTP/1.1" 302 0
INFO 2025-05-29 10:39:28,766 basehttp "GET /admin/login/?next=/admin/ HTTP/1.1" 200 4173
INFO 2025-05-29 10:39:35,646 basehttp "POST /admin/login/?next=/admin/ HTTP/1.1" 302 0
INFO 2025-05-29 10:39:35,654 basehttp "GET /admin/ HTTP/1.1" 200 19080
INFO 2025-05-29 10:39:38,506 basehttp "GET /admin/auth/user/ HTTP/1.1" 200 20419
INFO 2025-05-29 10:39:38,528 basehttp "GET /admin/jsi18n/ HTTP/1.1" 200 3342
INFO 2025-05-29 10:39:41,359 basehttp "GET /admin/auth/user/3/change/ HTTP/1.1" 200 32677
INFO 2025-05-29 10:39:41,379 basehttp "GET /admin/jsi18n/ HTTP/1.1" 200 3342
INFO 2025-05-29 10:40:29,353 basehttp "GET /deals/agent/ HTTP/1.1" 200 1150
INFO 2025-05-29 10:40:32,499 basehttp "GET /privacy-policy/ HTTP/1.1" 200 2858
INFO 2025-05-29 10:40:33,664 basehttp "GET /statistics/ HTTP/1.1" 200 184719
INFO 2025-05-29 10:41:29,178 basehttp "GET /admin/auth/user/ HTTP/1.1" 200 20419
INFO 2025-05-29 10:41:29,194 basehttp "GET /admin/jsi18n/ HTTP/1.1" 200 3342
INFO 2025-05-29 10:41:33,623 basehttp "GET /admin/auth/user/2/change/ HTTP/1.1" 200 32392
INFO 2025-05-29 10:41:33,639 basehttp "GET /admin/jsi18n/ HTTP/1.1" 200 3342
INFO 2025-05-29 10:41:37,651 basehttp "GET /admin/auth/user/ HTTP/1.1" 200 20419
INFO 2025-05-29 10:41:37,666 basehttp "GET /admin/jsi18n/ HTTP/1.1" 200 3342
INFO 2025-05-29 10:41:43,404 basehttp "GET /admin/auth/user/6/change/ HTTP/1.1" 200 32673
INFO 2025-05-29 10:41:43,419 basehttp "GET /admin/jsi18n/ HTTP/1.1" 200 3342
INFO 2025-05-29 10:41:45,955 basehttp "GET /admin/auth/user/ HTTP/1.1" 200 20419
INFO 2025-05-29 10:41:45,971 basehttp "GET /admin/jsi18n/ HTTP/1.1" 200 3342
INFO 2025-05-29 10:41:53,410 basehttp "GET /admin/estateAgency/client/ HTTP/1.1" 200 18243
INFO 2025-05-29 10:41:53,428 basehttp "GET /admin/jsi18n/ HTTP/1.1" 200 3342
INFO 2025-05-29 10:41:56,454 basehttp "GET /admin/estateAgency/client/add/ HTTP/1.1" 200 18482
INFO 2025-05-29 10:41:56,470 basehttp "GET /admin/jsi18n/ HTTP/1.1" 200 3342
INFO 2025-05-29 10:42:52,345 basehttp "GET /admin/estateAgency/client/ HTTP/1.1" 200 18243
INFO 2025-05-29 10:42:52,364 basehttp "GET /admin/jsi18n/ HTTP/1.1" 200 3342
INFO 2025-05-29 10:42:56,259 basehttp "GET /admin/auth/user/ HTTP/1.1" 200 20419
INFO 2025-05-29 10:42:56,275 basehttp "GET /admin/jsi18n/ HTTP/1.1" 200 3342
INFO 2025-05-29 10:42:58,143 basehttp "GET /admin/estateAgency/client/ HTTP/1.1" 200 18243
INFO 2025-05-29 10:42:58,159 basehttp "GET /admin/jsi18n/ HTTP/1.1" 200 3342
INFO 2025-05-29 10:43:01,408 basehttp "GET /admin/auth/user/ HTTP/1.1" 200 20419
INFO 2025-05-29 10:43:01,424 basehttp "GET /admin/jsi18n/ HTTP/1.1" 200 3342
INFO 2025-05-29 10:43:03,486 basehttp "GET /admin/auth/user/6/change/ HTTP/1.1" 200 32673
INFO 2025-05-29 10:43:03,502 basehttp "GET /admin/jsi18n/ HTTP/1.1" 200 3342
INFO 2025-05-29 10:43:07,115 basehttp "GET /admin/auth/user/6/password/ HTTP/1.1" 200 15727
INFO 2025-05-29 10:43:09,367 basehttp "GET /static/admin/img/icon-alert.svg HTTP/1.1" 304 0
INFO 2025-05-29 10:43:20,935 basehttp "POST /admin/auth/user/6/password/ HTTP/1.1" 200 15944
INFO 2025-05-29 10:43:28,134 basehttp "POST /admin/auth/user/6/password/ HTTP/1.1" 302 0
INFO 2025-05-29 10:43:28,148 basehttp "GET /admin/auth/user/6/change/ HTTP/1.1" 200 32809
INFO 2025-05-29 10:43:28,159 basehttp "GET /admin/jsi18n/ HTTP/1.1" 200 3342
INFO 2025-05-29 10:44:55,550 basehttp "POST /admin/auth/user/6/change/ HTTP/1.1" 302 0
INFO 2025-05-29 10:44:55,560 basehttp "GET /admin/auth/user/ HTTP/1.1" 200 20631
INFO 2025-05-29 10:44:55,576 basehttp "GET /admin/jsi18n/ HTTP/1.1" 200 3342
INFO 2025-05-29 10:44:58,688 basehttp "GET /admin/auth/user/3/change/ HTTP/1.1" 200 32677
INFO 2025-05-29 10:44:58,704 basehttp "GET /admin/jsi18n/ HTTP/1.1" 200 3342
INFO 2025-05-29 10:45:51,745 basehttp "POST /admin/auth/user/3/change/ HTTP/1.1" 302 0
INFO 2025-05-29 10:45:51,760 basehttp "GET /admin/auth/user/ HTTP/1.1" 200 20628
INFO 2025-05-29 10:45:51,776 basehttp "GET /admin/jsi18n/ HTTP/1.1" 200 3342
INFO 2025-05-29 10:45:54,484 basehttp "GET /admin/auth/user/6/change/ HTTP/1.1" 200 32732
INFO 2025-05-29 10:45:54,498 basehttp "GET /admin/jsi18n/ HTTP/1.1" 200 3342
INFO 2025-05-29 10:45:57,687 basehttp "GET /admin/auth/user/ HTTP/1.1" 200 20431
INFO 2025-05-29 10:45:57,704 basehttp "GET /admin/jsi18n/ HTTP/1.1" 200 3342
INFO 2025-05-29 10:45:58,869 basehttp "GET /admin/auth/user/7/change/ HTTP/1.1" 200 32396
INFO 2025-05-29 10:45:58,885 basehttp "GET /admin/jsi18n/ HTTP/1.1" 200 3342
INFO 2025-05-29 10:46:00,571 basehttp "GET /admin/auth/user/ HTTP/1.1" 200 20431
INFO 2025-05-29 10:46:00,587 basehttp "GET /admin/jsi18n/ HTTP/1.1" 200 3342
INFO 2025-05-29 10:46:01,714 basehttp "GET /admin/auth/user/3/change/ HTTP/1.1" 200 32713
INFO 2025-05-29 10:46:01,727 basehttp "GET /admin/jsi18n/ HTTP/1.1" 200 3342
INFO 2025-05-29 10:46:07,147 basehttp "POST /admin/logout/ HTTP/1.1" 200 3568
INFO 2025-05-29 10:46:08,684 basehttp "GET /admin/ HTTP/1.1" 302 0
INFO 2025-05-29 10:46:08,692 basehttp "GET /admin/login/?next=/admin/ HTTP/1.1" 200 4173
INFO 2025-05-29 10:46:18,284 basehttp "POST /admin/login/?next=/admin/ HTTP/1.1" 200 4347
INFO 2025-05-29 10:46:25,279 basehttp "POST /admin/login/?next=/admin/ HTTP/1.1" 200 4347
INFO 2025-05-29 10:46:32,691 basehttp "POST /admin/login/?next=/admin/ HTTP/1.1" 200 4347
INFO 2025-05-29 10:46:42,378 basehttp "POST /admin/login/?next=/admin/ HTTP/1.1" 200 4347
INFO 2025-05-29 10:46:53,812 basehttp "POST /admin/login/?next=/admin/ HTTP/1.1" 302 0
INFO 2025-05-29 10:46:53,819 basehttp "GET /admin/ HTTP/1.1" 200 19122
INFO 2025-05-29 10:46:58,006 basehttp "GET /admin/auth/user/ HTTP/1.1" 200 20431
INFO 2025-05-29 10:46:58,024 basehttp "GET /admin/jsi18n/ HTTP/1.1" 200 3342
INFO 2025-05-29 10:46:59,405 basehttp "GET /admin/auth/user/6/change/ HTTP/1.1" 200 32732
INFO 2025-05-29 10:46:59,422 basehttp "GET /admin/jsi18n/ HTTP/1.1" 200 3342
INFO 2025-05-29 10:47:08,332 basehttp "POST /admin/auth/user/6/change/ HTTP/1.1" 302 0
INFO 2025-05-29 10:47:08,345 basehttp "GET /admin/auth/user/ HTTP/1.1" 200 20625
INFO 2025-05-29 10:47:08,358 basehttp "GET /admin/jsi18n/ HTTP/1.1" 200 3342
INFO 2025-05-29 10:47:11,119 basehttp "GET /admin/auth/user/6/change/ HTTP/1.1" 200 32724
INFO 2025-05-29 10:47:11,133 basehttp "GET /admin/jsi18n/ HTTP/1.1" 200 3342
INFO 2025-05-29 10:47:34,364 basehttp "POST /admin/logout/ HTTP/1.1" 200 3568
INFO 2025-05-29 10:47:37,117 basehttp "GET /admin/ HTTP/1.1" 302 0
INFO 2025-05-29 10:47:37,127 basehttp "GET /admin/login/?next=/admin/ HTTP/1.1" 200 4173
INFO 2025-05-29 10:47:49,160 basehttp "POST /admin/login/?next=/admin/ HTTP/1.1" 200 4346
INFO 2025-05-29 10:48:01,241 basehttp "POST /admin/login/?next=/admin/ HTTP/1.1" 302 0
INFO 2025-05-29 10:48:01,248 basehttp "GET /admin/ HTTP/1.1" 200 7052
INFO 2025-05-29 10:48:07,451 basehttp "POST /admin/logout/ HTTP/1.1" 200 3568
INFO 2025-05-29 10:48:08,784 basehttp "GET /admin/ HTTP/1.1" 302 0
INFO 2025-05-29 10:48:08,792 basehttp "GET /admin/login/?next=/admin/ HTTP/1.1" 200 4173
INFO 2025-05-29 10:48:14,411 basehttp "POST /admin/login/?next=/admin/ HTTP/1.1" 302 0
INFO 2025-05-29 10:48:14,419 basehttp "GET /admin/ HTTP/1.1" 200 19127
INFO 2025-05-29 10:48:17,972 basehttp "GET /admin/auth/user/ HTTP/1.1" 200 20427
INFO 2025-05-29 10:48:17,987 basehttp "GET /admin/jsi18n/ HTTP/1.1" 200 3342
INFO 2025-05-29 10:48:21,103 basehttp "GET /admin/auth/user/6/change/ HTTP/1.1" 200 32724
INFO 2025-05-29 10:48:21,121 basehttp "GET /admin/jsi18n/ HTTP/1.1" 200 3342
INFO 2025-05-29 10:48:23,072 basehttp "GET /admin/auth/user/6/password/ HTTP/1.1" 200 15747
INFO 2025-05-29 10:48:42,018 basehttp "POST /admin/auth/user/6/password/ HTTP/1.1" 302 0
INFO 2025-05-29 10:48:42,033 basehttp "GET /admin/auth/user/6/change/ HTTP/1.1" 200 32860
INFO 2025-05-29 10:48:42,044 basehttp "GET /admin/jsi18n/ HTTP/1.1" 200 3342
INFO 2025-05-29 10:48:45,222 basehttp "POST /admin/auth/user/6/change/ HTTP/1.1" 302 0
INFO 2025-05-29 10:48:45,238 basehttp "GET /admin/auth/user/ HTTP/1.1" 200 20625
INFO 2025-05-29 10:48:45,252 basehttp "GET /admin/jsi18n/ HTTP/1.1" 200 3342
INFO 2025-05-29 10:48:48,895 basehttp "POST /admin/logout/ HTTP/1.1" 200 3568
INFO 2025-05-29 10:48:50,005 basehttp "GET /admin/ HTTP/1.1" 302 0
INFO 2025-05-29 10:48:50,012 basehttp "GET /admin/login/?next=/admin/ HTTP/1.1" 200 4173
INFO 2025-05-29 10:49:04,967 basehttp "POST /admin/login/?next=/admin/ HTTP/1.1" 302 0
INFO 2025-05-29 10:49:04,975 basehttp "GET /admin/ HTTP/1.1" 200 6085
INFO 2025-05-29 10:49:07,285 basehttp "GET /admin/estateAgency/deal/add/ HTTP/1.1" 200 11929
INFO 2025-05-29 10:49:07,304 basehttp "GET /admin/jsi18n/ HTTP/1.1" 200 3342
INFO 2025-05-29 10:49:12,999 basehttp "POST /admin/logout/ HTTP/1.1" 200 3568
INFO 2025-05-29 10:49:17,852 basehttp "GET /statistics/ HTTP/1.1" 302 0
INFO 2025-05-29 10:49:17,859 basehttp "GET /admin/login/?next=/statistics/ HTTP/1.1" 200 4183
INFO 2025-05-29 10:49:22,264 basehttp "GET / HTTP/1.1" 200 3248
INFO 2025-05-29 10:49:25,440 basehttp "GET /login/ HTTP/1.1" 200 1394
INFO 2025-05-29 10:49:31,947 basehttp "POST /login/ HTTP/1.1" 302 0
INFO 2025-05-29 10:49:31,952 basehttp "GET /admin/ HTTP/1.1" 302 0
INFO 2025-05-29 10:49:31,956 basehttp "GET /admin/login/?next=/admin/ HTTP/1.1" 200 4173
INFO 2025-05-29 10:49:37,725 basehttp "POST /admin/login/?next=/admin/ HTTP/1.1" 302 0
INFO 2025-05-29 10:49:37,734 basehttp "GET /admin/ HTTP/1.1" 200 19095
INFO 2025-05-29 10:49:41,098 basehttp "POST /admin/logout/ HTTP/1.1" 200 3568
INFO 2025-05-29 10:49:43,042 basehttp "GET / HTTP/1.1" 200 3248
INFO 2025-05-29 10:49:43,968 basehttp "GET /login/ HTTP/1.1" 200 1394
INFO 2025-05-29 10:50:08,077 basehttp "POST /login/ HTTP/1.1" 302 0
INFO 2025-05-29 10:50:12,252 basehttp "GET / HTTP/1.1" 200 5093
INFO 2025-05-29 10:50:49,712 basehttp "GET /reviews/ HTTP/1.1" 200 1202
INFO 2025-05-29 10:50:51,814 basehttp "GET /contacts/ HTTP/1.1" 200 1377
INFO 2025-05-29 10:50:52,742 basehttp "GET /promo-codes/ HTTP/1.1" 200 1220
INFO 2025-05-29 10:50:53,737 basehttp "GET /properties/types/ HTTP/1.1" 200 2622
INFO 2025-05-29 10:50:55,559 basehttp "GET /privacy-policy/ HTTP/1.1" 200 2943
INFO 2025-05-29 10:51:30,736 basehttp "GET /logout/ HTTP/1.1" 200 1751
INFO 2025-05-29 10:51:43,462 basehttp "POST /logout/ HTTP/1.1" 200 1913
ERROR 2025-05-29 10:51:52,788 log Internal Server Error: /logout/
Traceback (most recent call last):
  File "/Users/user/Desktop/igi/353505_Chuiko_26/IGI/LR5/Agency/venv/lib/python3.13/site-packages/django/core/handlers/exception.py", line 55, in inner
    response = get_response(request)
  File "/Users/user/Desktop/igi/353505_Chuiko_26/IGI/LR5/Agency/venv/lib/python3.13/site-packages/django/core/handlers/base.py", line 197, in _get_response
    response = wrapped_callback(request, *callback_args, **callback_kwargs)
  File "/Users/user/Desktop/igi/353505_Chuiko_26/IGI/LR5/Agency/estateAgency/auth_views.py", line 46, in login_user
    return redirect('agent_dashboard')
  File "/Users/user/Desktop/igi/353505_Chuiko_26/IGI/LR5/Agency/venv/lib/python3.13/site-packages/django/shortcuts.py", line 51, in redirect
    resolve_url(to, *args, **kwargs),
    ~~~~~~~~~~~^^^^^^^^^^^^^^^^^^^^^
  File "/Users/user/Desktop/igi/353505_Chuiko_26/IGI/LR5/Agency/venv/lib/python3.13/site-packages/django/shortcuts.py", line 184, in resolve_url
    return reverse(to, args=args, kwargs=kwargs)
  File "/Users/user/Desktop/igi/353505_Chuiko_26/IGI/LR5/Agency/venv/lib/python3.13/site-packages/django/urls/base.py", line 98, in reverse
    resolved_url = resolver._reverse_with_prefix(view, prefix, *args, **kwargs)
  File "/Users/user/Desktop/igi/353505_Chuiko_26/IGI/LR5/Agency/venv/lib/python3.13/site-packages/django/urls/resolvers.py", line 831, in _reverse_with_prefix
    raise NoReverseMatch(msg)
django.urls.exceptions.NoReverseMatch: Reverse for 'agent_dashboard' not found. 'agent_dashboard' is not a valid view function or pattern name.
ERROR 2025-05-29 10:51:52,789 basehttp "POST /logout/ HTTP/1.1" 500 86127
INFO 2025-05-29 10:52:08,384 basehttp "GET / HTTP/1.1" 200 5132
INFO 2025-05-29 10:52:14,892 basehttp "GET /logout/ HTTP/1.1" 200 1751
INFO 2025-05-29 10:52:17,733 basehttp "GET /admin/ HTTP/1.1" 200 7052
INFO 2025-05-29 10:52:21,653 basehttp "GET /privacy-policy/ HTTP/1.1" 200 2943
INFO 2025-05-29 10:52:26,437 basehttp "GET / HTTP/1.1" 200 4928
INFO 2025-05-29 10:52:33,137 basehttp "POST /admin/logout/ HTTP/1.1" 200 3568
INFO 2025-05-29 10:52:36,821 basehttp "GET / HTTP/1.1" 200 3248
INFO 2025-05-29 10:52:38,307 basehttp "GET /login/ HTTP/1.1" 200 1394
ERROR 2025-05-29 10:52:50,375 log Internal Server Error: /login/
Traceback (most recent call last):
  File "/Users/user/Desktop/igi/353505_Chuiko_26/IGI/LR5/Agency/venv/lib/python3.13/site-packages/django/core/handlers/exception.py", line 55, in inner
    response = get_response(request)
  File "/Users/user/Desktop/igi/353505_Chuiko_26/IGI/LR5/Agency/venv/lib/python3.13/site-packages/django/core/handlers/base.py", line 197, in _get_response
    response = wrapped_callback(request, *callback_args, **callback_kwargs)
  File "/Users/user/Desktop/igi/353505_Chuiko_26/IGI/LR5/Agency/estateAgency/auth_views.py", line 46, in login_user
    return redirect('agent_dashboard')
  File "/Users/user/Desktop/igi/353505_Chuiko_26/IGI/LR5/Agency/venv/lib/python3.13/site-packages/django/shortcuts.py", line 51, in redirect
    resolve_url(to, *args, **kwargs),
    ~~~~~~~~~~~^^^^^^^^^^^^^^^^^^^^^
  File "/Users/user/Desktop/igi/353505_Chuiko_26/IGI/LR5/Agency/venv/lib/python3.13/site-packages/django/shortcuts.py", line 184, in resolve_url
    return reverse(to, args=args, kwargs=kwargs)
  File "/Users/user/Desktop/igi/353505_Chuiko_26/IGI/LR5/Agency/venv/lib/python3.13/site-packages/django/urls/base.py", line 98, in reverse
    resolved_url = resolver._reverse_with_prefix(view, prefix, *args, **kwargs)
  File "/Users/user/Desktop/igi/353505_Chuiko_26/IGI/LR5/Agency/venv/lib/python3.13/site-packages/django/urls/resolvers.py", line 831, in _reverse_with_prefix
    raise NoReverseMatch(msg)
django.urls.exceptions.NoReverseMatch: Reverse for 'agent_dashboard' not found. 'agent_dashboard' is not a valid view function or pattern name.
ERROR 2025-05-29 10:52:50,376 basehttp "POST /login/ HTTP/1.1" 500 85971
INFO 2025-05-29 10:53:40,242 autoreload /Users/user/Desktop/igi/353505_Chuiko_26/IGI/LR5/Agency/estateAgency/auth_views.py changed, reloading.
INFO 2025-05-29 10:53:40,696 autoreload Watching for file changes with StatReloader
INFO 2025-05-29 10:53:45,206 autoreload /Users/user/Desktop/igi/353505_Chuiko_26/IGI/LR5/Agency/estateAgency/auth_views.py changed, reloading.
INFO 2025-05-29 10:53:45,415 autoreload Watching for file changes with StatReloader
INFO 2025-05-29 10:53:47,778 autoreload /Users/user/Desktop/igi/353505_Chuiko_26/IGI/LR5/Agency/estateAgency/auth_views.py changed, reloading.
INFO 2025-05-29 10:53:48,001 autoreload Watching for file changes with StatReloader
INFO 2025-05-29 10:53:50,226 basehttp "POST /login/ HTTP/1.1" 302 0
INFO 2025-05-29 10:53:50,238 basehttp "GET / HTTP/1.1" 200 3248
INFO 2025-05-29 10:53:56,248 basehttp "POST /admin/logout/ HTTP/1.1" 302 0
INFO 2025-05-29 10:53:56,250 basehttp "GET /admin/ HTTP/1.1" 302 0
INFO 2025-05-29 10:53:56,259 basehttp "GET /admin/login/?next=/admin/ HTTP/1.1" 200 4173
INFO 2025-05-29 10:54:00,280 basehttp "GET /admin/ HTTP/1.1" 302 0
INFO 2025-05-29 10:54:00,288 basehttp "GET /admin/login/?next=/admin/ HTTP/1.1" 200 4173
INFO 2025-05-29 10:54:03,560 basehttp "GET /login/ HTTP/1.1" 200 1394
INFO 2025-05-29 10:54:15,177 basehttp "POST /login/ HTTP/1.1" 302 0
INFO 2025-05-29 10:54:15,184 basehttp "GET / HTTP/1.1" 200 3248
INFO 2025-05-29 10:54:42,351 basehttp "GET /admin/login/?next=/admin/ HTTP/1.1" 200 4173
INFO 2025-05-29 10:54:54,102 basehttp "POST /admin/login/?next=/admin/ HTTP/1.1" 302 0
INFO 2025-05-29 10:54:54,113 basehttp "GET /admin/ HTTP/1.1" 200 6085
INFO 2025-05-29 10:55:00,050 basehttp "GET / HTTP/1.1" 200 5073
INFO 2025-05-29 10:56:37,909 basehttp "GET / HTTP/1.1" 200 5090
INFO 2025-05-29 10:56:40,147 basehttp "GET /reviews/ HTTP/1.1" 200 1158
INFO 2025-05-29 10:56:41,194 basehttp "GET /news/ HTTP/1.1" 200 1455
INFO 2025-05-29 10:56:41,897 basehttp "GET /contacts/ HTTP/1.1" 200 1333
INFO 2025-05-29 10:56:43,498 basehttp "GET /properties/types/ HTTP/1.1" 200 2578
INFO 2025-05-29 10:56:45,637 basehttp "GET /about/ HTTP/1.1" 200 2859
WARNING 2025-05-29 10:56:45,657 log Not Found: /media/placeholder.png
WARNING 2025-05-29 10:56:45,657 basehttp "GET /media/placeholder.png HTTP/1.1" 404 15490
INFO 2025-05-29 10:56:50,008 basehttp "GET / HTTP/1.1" 200 5063
INFO 2025-05-29 10:58:53,186 autoreload /Users/user/Desktop/igi/353505_Chuiko_26/IGI/LR5/Agency/estateAgency/models.py changed, reloading.
INFO 2025-05-29 10:58:53,543 autoreload Watching for file changes with StatReloader
INFO 2025-05-29 10:59:07,818 autoreload /Users/user/Desktop/igi/353505_Chuiko_26/IGI/LR5/Agency/estateAgency/models.py changed, reloading.
INFO 2025-05-29 10:59:08,151 autoreload Watching for file changes with StatReloader
INFO 2025-05-29 10:59:17,376 autoreload /Users/user/Desktop/igi/353505_Chuiko_26/IGI/LR5/Agency/estateAgency/models.py changed, reloading.
INFO 2025-05-29 10:59:17,633 autoreload Watching for file changes with StatReloader
INFO 2025-05-29 10:59:40,023 autoreload /Users/user/Desktop/igi/353505_Chuiko_26/IGI/LR5/Agency/estateAgency/models.py changed, reloading.
INFO 2025-05-29 10:59:40,323 autoreload Watching for file changes with StatReloader
INFO 2025-05-29 11:00:25,563 autoreload /Users/user/Desktop/igi/353505_Chuiko_26/IGI/LR5/Agency/estateAgency/forms.py changed, reloading.
INFO 2025-05-29 11:00:25,916 autoreload Watching for file changes with StatReloader
INFO 2025-05-29 11:00:28,142 autoreload /Users/user/Desktop/igi/353505_Chuiko_26/IGI/LR5/Agency/estateAgency/forms.py changed, reloading.
INFO 2025-05-29 11:00:28,345 autoreload Watching for file changes with StatReloader
INFO 2025-05-29 11:00:40,919 autoreload /Users/user/Desktop/igi/353505_Chuiko_26/IGI/LR5/Agency/estateAgency/forms.py changed, reloading.
INFO 2025-05-29 11:00:41,226 autoreload Watching for file changes with StatReloader
INFO 2025-05-29 11:01:00,947 autoreload /Users/user/Desktop/igi/353505_Chuiko_26/IGI/LR5/Agency/estateAgency/forms.py changed, reloading.
INFO 2025-05-29 11:01:01,234 autoreload Watching for file changes with StatReloader
INFO 2025-05-29 11:01:10,550 autoreload /Users/user/Desktop/igi/353505_Chuiko_26/IGI/LR5/Agency/estateAgency/forms.py changed, reloading.
INFO 2025-05-29 11:01:10,836 autoreload Watching for file changes with StatReloader
INFO 2025-05-29 11:01:15,343 autoreload /Users/user/Desktop/igi/353505_Chuiko_26/IGI/LR5/Agency/estateAgency/forms.py changed, reloading.
INFO 2025-05-29 11:01:15,660 autoreload Watching for file changes with StatReloader
INFO 2025-05-29 11:01:25,115 autoreload /Users/user/Desktop/igi/353505_Chuiko_26/IGI/LR5/Agency/estateAgency/forms.py changed, reloading.
INFO 2025-05-29 11:01:25,367 autoreload Watching for file changes with StatReloader
INFO 2025-05-29 11:01:37,893 autoreload /Users/user/Desktop/igi/353505_Chuiko_26/IGI/LR5/Agency/estateAgency/forms.py changed, reloading.
INFO 2025-05-29 11:01:38,235 autoreload Watching for file changes with StatReloader
INFO 2025-05-29 11:01:39,691 autoreload /Users/user/Desktop/igi/353505_Chuiko_26/IGI/LR5/Agency/estateAgency/forms.py changed, reloading.
INFO 2025-05-29 11:01:39,903 autoreload Watching for file changes with StatReloader
INFO 2025-05-29 11:02:09,760 autoreload /Users/user/Desktop/igi/353505_Chuiko_26/IGI/LR5/Agency/estateAgency/crud_views.py changed, reloading.
INFO 2025-05-29 11:02:10,233 autoreload Watching for file changes with StatReloader
INFO 2025-05-29 11:02:12,355 autoreload /Users/user/Desktop/igi/353505_Chuiko_26/IGI/LR5/Agency/estateAgency/crud_views.py changed, reloading.
INFO 2025-05-29 11:02:12,528 autoreload Watching for file changes with StatReloader
INFO 2025-05-29 11:02:13,625 autoreload /Users/user/Desktop/igi/353505_Chuiko_26/IGI/LR5/Agency/estateAgency/crud_views.py changed, reloading.
INFO 2025-05-29 11:02:13,897 autoreload Watching for file changes with StatReloader
INFO 2025-05-29 11:02:18,023 autoreload /Users/user/Desktop/igi/353505_Chuiko_26/IGI/LR5/Agency/estateAgency/crud_views.py changed, reloading.
INFO 2025-05-29 11:02:18,217 autoreload Watching for file changes with StatReloader
INFO 2025-05-29 11:02:33,525 autoreload /Users/user/Desktop/igi/353505_Chuiko_26/IGI/LR5/Agency/estateAgency/crud_views.py changed, reloading.
INFO 2025-05-29 11:02:33,805 autoreload Watching for file changes with StatReloader
INFO 2025-05-29 11:02:35,922 autoreload /Users/user/Desktop/igi/353505_Chuiko_26/IGI/LR5/Agency/estateAgency/crud_views.py changed, reloading.
INFO 2025-05-29 11:02:36,092 autoreload Watching for file changes with StatReloader
INFO 2025-05-29 11:02:38,188 autoreload /Users/user/Desktop/igi/353505_Chuiko_26/IGI/LR5/Agency/estateAgency/crud_views.py changed, reloading.
INFO 2025-05-29 11:02:38,369 autoreload Watching for file changes with StatReloader
INFO 2025-05-29 11:02:39,528 autoreload /Users/user/Desktop/igi/353505_Chuiko_26/IGI/LR5/Agency/estateAgency/crud_views.py changed, reloading.
INFO 2025-05-29 11:02:39,741 autoreload Watching for file changes with StatReloader
INFO 2025-05-29 11:02:41,849 autoreload /Users/user/Desktop/igi/353505_Chuiko_26/IGI/LR5/Agency/estateAgency/crud_views.py changed, reloading.
INFO 2025-05-29 11:02:42,037 autoreload Watching for file changes with StatReloader
INFO 2025-05-29 11:02:51,259 autoreload /Users/user/Desktop/igi/353505_Chuiko_26/IGI/LR5/Agency/estateAgency/crud_views.py changed, reloading.
INFO 2025-05-29 11:02:51,462 autoreload Watching for file changes with StatReloader
INFO 2025-05-29 11:02:52,553 autoreload /Users/user/Desktop/igi/353505_Chuiko_26/IGI/LR5/Agency/estateAgency/crud_views.py changed, reloading.
INFO 2025-05-29 11:02:52,740 autoreload Watching for file changes with StatReloader
INFO 2025-05-29 11:04:39,543 autoreload Watching for file changes with StatReloader
INFO 2025-05-29 11:05:28,922 basehttp "POST /admin/logout/ HTTP/1.1" 200 3568
INFO 2025-05-29 11:05:30,786 basehttp "GET /admin/ HTTP/1.1" 302 0
INFO 2025-05-29 11:05:30,806 basehttp "GET /admin/login/?next=/admin/ HTTP/1.1" 200 4173
INFO 2025-05-29 11:05:38,830 basehttp "POST /admin/login/?next=/admin/ HTTP/1.1" 302 0
INFO 2025-05-29 11:05:38,841 basehttp "GET /admin/ HTTP/1.1" 200 19095
INFO 2025-05-29 11:05:41,965 basehttp "GET /admin/estateAgency/client/add/ HTTP/1.1" 200 18482
INFO 2025-05-29 11:05:41,984 basehttp "GET /admin/jsi18n/ HTTP/1.1" 200 3342
INFO 2025-05-29 11:05:45,282 basehttp "GET /admin/ HTTP/1.1" 200 19095
INFO 2025-05-29 11:05:46,538 basehttp "GET /admin/estateAgency/client/ HTTP/1.1" 200 18243
INFO 2025-05-29 11:05:46,553 basehttp "GET /admin/jsi18n/ HTTP/1.1" 200 3342
INFO 2025-05-29 11:05:47,488 basehttp "GET /admin/estateAgency/client/2/change/ HTTP/1.1" 200 18738
INFO 2025-05-29 11:05:47,502 basehttp "GET /admin/jsi18n/ HTTP/1.1" 200 3342
INFO 2025-05-29 11:05:48,870 basehttp "GET /admin/estateAgency/client/ HTTP/1.1" 200 18243
INFO 2025-05-29 11:07:49,643 autoreload /Users/user/Desktop/igi/353505_Chuiko_26/IGI/LR5/Agency/estateAgency/admin.py changed, reloading.
INFO 2025-05-29 11:07:50,008 autoreload Watching for file changes with StatReloader
INFO 2025-05-29 11:07:51,418 autoreload /Users/user/Desktop/igi/353505_Chuiko_26/IGI/LR5/Agency/estateAgency/admin.py changed, reloading.
INFO 2025-05-29 11:07:51,622 autoreload Watching for file changes with StatReloader
INFO 2025-05-29 11:07:52,944 autoreload /Users/user/Desktop/igi/353505_Chuiko_26/IGI/LR5/Agency/estateAgency/admin.py changed, reloading.
INFO 2025-05-29 11:07:53,143 autoreload Watching for file changes with StatReloader
INFO 2025-05-29 11:07:58,626 autoreload /Users/user/Desktop/igi/353505_Chuiko_26/IGI/LR5/Agency/estateAgency/admin.py changed, reloading.
INFO 2025-05-29 11:07:58,875 autoreload Watching for file changes with StatReloader
INFO 2025-05-29 11:08:16,526 autoreload /Users/user/Desktop/igi/353505_Chuiko_26/IGI/LR5/Agency/estateAgency/admin.py changed, reloading.
INFO 2025-05-29 11:08:16,834 autoreload Watching for file changes with StatReloader
INFO 2025-05-29 11:08:28,454 autoreload /Users/user/Desktop/igi/353505_Chuiko_26/IGI/LR5/Agency/estateAgency/admin.py changed, reloading.
INFO 2025-05-29 11:08:28,842 autoreload Watching for file changes with StatReloader
INFO 2025-05-29 11:08:33,286 autoreload /Users/user/Desktop/igi/353505_Chuiko_26/IGI/LR5/Agency/estateAgency/admin.py changed, reloading.
INFO 2025-05-29 11:08:33,509 autoreload Watching for file changes with StatReloader
INFO 2025-05-29 11:08:36,990 autoreload /Users/user/Desktop/igi/353505_Chuiko_26/IGI/LR5/Agency/estateAgency/admin.py changed, reloading.
INFO 2025-05-29 11:08:37,222 autoreload Watching for file changes with StatReloader
INFO 2025-05-29 11:08:40,230 basehttp "GET /admin/estateAgency/client/ HTTP/1.1" 200 18679
INFO 2025-05-29 11:08:40,248 basehttp "GET /admin/jsi18n/ HTTP/1.1" 200 3342
INFO 2025-05-29 11:08:41,754 basehttp "GET /admin/estateAgency/client/2/change/ HTTP/1.1" 200 19587
INFO 2025-05-29 11:08:41,775 basehttp "GET /admin/jsi18n/ HTTP/1.1" 200 3342
INFO 2025-05-29 13:14:01,863 autoreload Watching for file changes with StatReloader
INFO 2025-05-29 13:14:33,573 basehttp "POST /admin/logout/ HTTP/1.1" 200 3568
ERROR 2025-05-29 13:14:43,194 log Internal Server Error: /
Traceback (most recent call last):
  File "/Users/user/Desktop/igi/353505_Chuiko_26/IGI/LR5/Agency/venv/lib/python3.13/site-packages/urllib3/connectionpool.py", line 787, in urlopen
    response = self._make_request(
        conn,
    ...<10 lines>...
        **response_kw,
    )
  File "/Users/user/Desktop/igi/353505_Chuiko_26/IGI/LR5/Agency/venv/lib/python3.13/site-packages/urllib3/connectionpool.py", line 488, in _make_request
    raise new_e
  File "/Users/user/Desktop/igi/353505_Chuiko_26/IGI/LR5/Agency/venv/lib/python3.13/site-packages/urllib3/connectionpool.py", line 464, in _make_request
    self._validate_conn(conn)
    ~~~~~~~~~~~~~~~~~~~^^^^^^
  File "/Users/user/Desktop/igi/353505_Chuiko_26/IGI/LR5/Agency/venv/lib/python3.13/site-packages/urllib3/connectionpool.py", line 1093, in _validate_conn
    conn.connect()
    ~~~~~~~~~~~~^^
  File "/Users/user/Desktop/igi/353505_Chuiko_26/IGI/LR5/Agency/venv/lib/python3.13/site-packages/urllib3/connection.py", line 741, in connect
    sock_and_verified = _ssl_wrap_socket_and_match_hostname(
        sock=sock,
    ...<14 lines>...
        assert_fingerprint=self.assert_fingerprint,
    )
  File "/Users/user/Desktop/igi/353505_Chuiko_26/IGI/LR5/Agency/venv/lib/python3.13/site-packages/urllib3/connection.py", line 920, in _ssl_wrap_socket_and_match_hostname
    ssl_sock = ssl_wrap_socket(
        sock=sock,
    ...<8 lines>...
        tls_in_tls=tls_in_tls,
    )
  File "/Users/user/Desktop/igi/353505_Chuiko_26/IGI/LR5/Agency/venv/lib/python3.13/site-packages/urllib3/util/ssl_.py", line 480, in ssl_wrap_socket
    ssl_sock = _ssl_wrap_socket_impl(sock, context, tls_in_tls, server_hostname)
  File "/Users/user/Desktop/igi/353505_Chuiko_26/IGI/LR5/Agency/venv/lib/python3.13/site-packages/urllib3/util/ssl_.py", line 524, in _ssl_wrap_socket_impl
    return ssl_context.wrap_socket(sock, server_hostname=server_hostname)
           ~~~~~~~~~~~~~~~~~~~~~~~^^^^^^^^^^^^^^^^^^^^^^^^^^^^^^^^^^^^^^^
  File "/opt/homebrew/Cellar/python@3.13/3.13.2/Frameworks/Python.framework/Versions/3.13/lib/python3.13/ssl.py", line 455, in wrap_socket
    return self.sslsocket_class._create(
           ~~~~~~~~~~~~~~~~~~~~~~~~~~~~^
        sock=sock,
        ^^^^^^^^^^
    ...<5 lines>...
        session=session
        ^^^^^^^^^^^^^^^
    )
    ^
  File "/opt/homebrew/Cellar/python@3.13/3.13.2/Frameworks/Python.framework/Versions/3.13/lib/python3.13/ssl.py", line 1076, in _create
    self.do_handshake()
    ~~~~~~~~~~~~~~~~~^^
  File "/opt/homebrew/Cellar/python@3.13/3.13.2/Frameworks/Python.framework/Versions/3.13/lib/python3.13/ssl.py", line 1372, in do_handshake
    self._sslobj.do_handshake()
    ~~~~~~~~~~~~~~~~~~~~~~~~~^^
ConnectionResetError: [Errno 54] Connection reset by peer

During handling of the above exception, another exception occurred:

Traceback (most recent call last):
  File "/Users/user/Desktop/igi/353505_Chuiko_26/IGI/LR5/Agency/venv/lib/python3.13/site-packages/requests/adapters.py", line 667, in send
    resp = conn.urlopen(
        method=request.method,
    ...<9 lines>...
        chunked=chunked,
    )
  File "/Users/user/Desktop/igi/353505_Chuiko_26/IGI/LR5/Agency/venv/lib/python3.13/site-packages/urllib3/connectionpool.py", line 841, in urlopen
    retries = retries.increment(
        method, url, error=new_e, _pool=self, _stacktrace=sys.exc_info()[2]
    )
  File "/Users/user/Desktop/igi/353505_Chuiko_26/IGI/LR5/Agency/venv/lib/python3.13/site-packages/urllib3/util/retry.py", line 474, in increment
    raise reraise(type(error), error, _stacktrace)
          ~~~~~~~^^^^^^^^^^^^^^^^^^^^^^^^^^^^^^^^^
  File "/Users/user/Desktop/igi/353505_Chuiko_26/IGI/LR5/Agency/venv/lib/python3.13/site-packages/urllib3/util/util.py", line 38, in reraise
    raise value.with_traceback(tb)
  File "/Users/user/Desktop/igi/353505_Chuiko_26/IGI/LR5/Agency/venv/lib/python3.13/site-packages/urllib3/connectionpool.py", line 787, in urlopen
    response = self._make_request(
        conn,
    ...<10 lines>...
        **response_kw,
    )
  File "/Users/user/Desktop/igi/353505_Chuiko_26/IGI/LR5/Agency/venv/lib/python3.13/site-packages/urllib3/connectionpool.py", line 488, in _make_request
    raise new_e
  File "/Users/user/Desktop/igi/353505_Chuiko_26/IGI/LR5/Agency/venv/lib/python3.13/site-packages/urllib3/connectionpool.py", line 464, in _make_request
    self._validate_conn(conn)
    ~~~~~~~~~~~~~~~~~~~^^^^^^
  File "/Users/user/Desktop/igi/353505_Chuiko_26/IGI/LR5/Agency/venv/lib/python3.13/site-packages/urllib3/connectionpool.py", line 1093, in _validate_conn
    conn.connect()
    ~~~~~~~~~~~~^^
  File "/Users/user/Desktop/igi/353505_Chuiko_26/IGI/LR5/Agency/venv/lib/python3.13/site-packages/urllib3/connection.py", line 741, in connect
    sock_and_verified = _ssl_wrap_socket_and_match_hostname(
        sock=sock,
    ...<14 lines>...
        assert_fingerprint=self.assert_fingerprint,
    )
  File "/Users/user/Desktop/igi/353505_Chuiko_26/IGI/LR5/Agency/venv/lib/python3.13/site-packages/urllib3/connection.py", line 920, in _ssl_wrap_socket_and_match_hostname
    ssl_sock = ssl_wrap_socket(
        sock=sock,
    ...<8 lines>...
        tls_in_tls=tls_in_tls,
    )
  File "/Users/user/Desktop/igi/353505_Chuiko_26/IGI/LR5/Agency/venv/lib/python3.13/site-packages/urllib3/util/ssl_.py", line 480, in ssl_wrap_socket
    ssl_sock = _ssl_wrap_socket_impl(sock, context, tls_in_tls, server_hostname)
  File "/Users/user/Desktop/igi/353505_Chuiko_26/IGI/LR5/Agency/venv/lib/python3.13/site-packages/urllib3/util/ssl_.py", line 524, in _ssl_wrap_socket_impl
    return ssl_context.wrap_socket(sock, server_hostname=server_hostname)
           ~~~~~~~~~~~~~~~~~~~~~~~^^^^^^^^^^^^^^^^^^^^^^^^^^^^^^^^^^^^^^^
  File "/opt/homebrew/Cellar/python@3.13/3.13.2/Frameworks/Python.framework/Versions/3.13/lib/python3.13/ssl.py", line 455, in wrap_socket
    return self.sslsocket_class._create(
           ~~~~~~~~~~~~~~~~~~~~~~~~~~~~^
        sock=sock,
        ^^^^^^^^^^
    ...<5 lines>...
        session=session
        ^^^^^^^^^^^^^^^
    )
    ^
  File "/opt/homebrew/Cellar/python@3.13/3.13.2/Frameworks/Python.framework/Versions/3.13/lib/python3.13/ssl.py", line 1076, in _create
    self.do_handshake()
    ~~~~~~~~~~~~~~~~~^^
  File "/opt/homebrew/Cellar/python@3.13/3.13.2/Frameworks/Python.framework/Versions/3.13/lib/python3.13/ssl.py", line 1372, in do_handshake
    self._sslobj.do_handshake()
    ~~~~~~~~~~~~~~~~~~~~~~~~~^^
urllib3.exceptions.ProtocolError: ('Connection aborted.', ConnectionResetError(54, 'Connection reset by peer'))

During handling of the above exception, another exception occurred:

Traceback (most recent call last):
  File "/Users/user/Desktop/igi/353505_Chuiko_26/IGI/LR5/Agency/venv/lib/python3.13/site-packages/django/core/handlers/exception.py", line 55, in inner
    response = get_response(request)
  File "/Users/user/Desktop/igi/353505_Chuiko_26/IGI/LR5/Agency/venv/lib/python3.13/site-packages/django/core/handlers/base.py", line 197, in _get_response
    response = wrapped_callback(request, *callback_args, **callback_kwargs)
  File "/Users/user/Desktop/igi/353505_Chuiko_26/IGI/LR5/Agency/estateAgency/views.py", line 27, in mainpage
    pexels_resp = requests.get(
        "https://api.pexels.com/v1/search",
        headers=headers,
        params={"query": query, "per_page": 1}
    )
  File "/Users/user/Desktop/igi/353505_Chuiko_26/IGI/LR5/Agency/venv/lib/python3.13/site-packages/requests/api.py", line 73, in get
    return request("get", url, params=params, **kwargs)
  File "/Users/user/Desktop/igi/353505_Chuiko_26/IGI/LR5/Agency/venv/lib/python3.13/site-packages/requests/api.py", line 59, in request
    return session.request(method=method, url=url, **kwargs)
           ~~~~~~~~~~~~~~~^^^^^^^^^^^^^^^^^^^^^^^^^^^^^^^^^^
  File "/Users/user/Desktop/igi/353505_Chuiko_26/IGI/LR5/Agency/venv/lib/python3.13/site-packages/requests/sessions.py", line 589, in request
    resp = self.send(prep, **send_kwargs)
  File "/Users/user/Desktop/igi/353505_Chuiko_26/IGI/LR5/Agency/venv/lib/python3.13/site-packages/requests/sessions.py", line 703, in send
    r = adapter.send(request, **kwargs)
  File "/Users/user/Desktop/igi/353505_Chuiko_26/IGI/LR5/Agency/venv/lib/python3.13/site-packages/requests/adapters.py", line 682, in send
    raise ConnectionError(err, request=request)
requests.exceptions.ConnectionError: ('Connection aborted.', ConnectionResetError(54, 'Connection reset by peer'))
ERROR 2025-05-29 13:14:43,199 basehttp "GET / HTTP/1.1" 500 242701
INFO 2025-05-29 13:14:50,371 basehttp "GET /admin/ HTTP/1.1" 302 0
INFO 2025-05-29 13:14:50,392 basehttp "GET /admin/login/?next=/admin/ HTTP/1.1" 200 4173
INFO 2025-05-29 13:14:55,804 basehttp "POST /admin/login/?next=/admin/ HTTP/1.1" 302 0
INFO 2025-05-29 13:14:55,814 basehttp "GET /admin/ HTTP/1.1" 200 19095
INFO 2025-05-29 13:15:32,180 basehttp "GET /about/ HTTP/1.1" 200 2846
INFO 2025-05-29 13:15:35,098 basehttp "GET /about/ HTTP/1.1" 200 2846
WARNING 2025-05-29 13:15:35,114 log Not Found: /media/placeholder.png
WARNING 2025-05-29 13:15:35,114 basehttp "GET /media/placeholder.png HTTP/1.1" 404 15490
INFO 2025-05-29 13:15:45,461 basehttp "GET /admin/estateAgency/aboutcompany/add/ HTTP/1.1" 200 16978
INFO 2025-05-29 13:15:45,479 basehttp "GET /admin/jsi18n/ HTTP/1.1" 200 3342
INFO 2025-05-29 13:15:58,226 basehttp "POST /admin/estateAgency/aboutcompany/add/ HTTP/1.1" 302 0
INFO 2025-05-29 13:15:58,245 basehttp "GET /admin/estateAgency/aboutcompany/ HTTP/1.1" 200 15865
INFO 2025-05-29 13:15:58,260 basehttp "GET /admin/jsi18n/ HTTP/1.1" 200 3342
INFO 2025-05-29 13:18:07,343 basehttp "GET /admin/estateAgency/aboutcompany/add/ HTTP/1.1" 200 16978
INFO 2025-05-29 13:18:07,365 basehttp "GET /admin/jsi18n/ HTTP/1.1" 200 3342
INFO 2025-05-29 13:18:15,936 basehttp "POST /admin/estateAgency/aboutcompany/add/ HTTP/1.1" 302 0
INFO 2025-05-29 13:18:15,948 basehttp "GET /admin/estateAgency/aboutcompany/ HTTP/1.1" 200 16172
INFO 2025-05-29 13:18:15,963 basehttp "GET /admin/jsi18n/ HTTP/1.1" 200 3342
INFO 2025-05-29 13:18:17,410 basehttp "GET /admin/estateAgency/aboutcompany/add/ HTTP/1.1" 200 16978
INFO 2025-05-29 13:18:17,426 basehttp "GET /admin/jsi18n/ HTTP/1.1" 200 3342
INFO 2025-05-29 13:18:22,717 basehttp "POST /admin/estateAgency/aboutcompany/add/ HTTP/1.1" 302 0
INFO 2025-05-29 13:18:22,731 basehttp "GET /admin/estateAgency/aboutcompany/ HTTP/1.1" 200 16479
INFO 2025-05-29 13:18:22,743 basehttp "GET /admin/jsi18n/ HTTP/1.1" 200 3342
INFO 2025-05-29 13:20:57,770 autoreload /Users/user/Desktop/igi/353505_Chuiko_26/IGI/LR5/Agency/estateAgency/admin.py changed, reloading.
INFO 2025-05-29 13:20:58,175 autoreload Watching for file changes with StatReloader
INFO 2025-05-29 13:21:48,957 autoreload /Users/user/Desktop/igi/353505_Chuiko_26/IGI/LR5/Agency/estateAgency/admin.py changed, reloading.
INFO 2025-05-29 13:21:49,267 autoreload Watching for file changes with StatReloader
INFO 2025-05-29 13:21:51,484 autoreload /Users/user/Desktop/igi/353505_Chuiko_26/IGI/LR5/Agency/estateAgency/admin.py changed, reloading.
INFO 2025-05-29 13:21:51,682 autoreload Watching for file changes with StatReloader
INFO 2025-05-29 13:21:52,168 basehttp "GET /admin/estateAgency/aboutcompany/ HTTP/1.1" 200 16857
INFO 2025-05-29 13:21:52,194 basehttp "GET /admin/jsi18n/ HTTP/1.1" 200 3342
INFO 2025-05-29 13:24:47,035 autoreload /Users/user/Desktop/igi/353505_Chuiko_26/IGI/LR5/Agency/estateAgency/statistics_view.py changed, reloading.
INFO 2025-05-29 13:24:47,391 autoreload Watching for file changes with StatReloader
INFO 2025-05-29 13:24:50,522 autoreload /Users/user/Desktop/igi/353505_Chuiko_26/IGI/LR5/Agency/estateAgency/statistics_view.py changed, reloading.
INFO 2025-05-29 13:24:50,718 autoreload Watching for file changes with StatReloader
INFO 2025-05-29 13:24:56,177 autoreload /Users/user/Desktop/igi/353505_Chuiko_26/IGI/LR5/Agency/estateAgency/statistics_view.py changed, reloading.
INFO 2025-05-29 13:24:56,420 autoreload Watching for file changes with StatReloader
INFO 2025-05-29 13:24:57,806 autoreload /Users/user/Desktop/igi/353505_Chuiko_26/IGI/LR5/Agency/estateAgency/statistics_view.py changed, reloading.
INFO 2025-05-29 13:24:58,048 autoreload Watching for file changes with StatReloader
INFO 2025-05-29 13:25:03,435 autoreload /Users/user/Desktop/igi/353505_Chuiko_26/IGI/LR5/Agency/estateAgency/statistics_view.py changed, reloading.
INFO 2025-05-29 13:25:03,674 autoreload Watching for file changes with StatReloader
INFO 2025-05-29 13:25:11,185 autoreload /Users/user/Desktop/igi/353505_Chuiko_26/IGI/LR5/Agency/estateAgency/statistics_view.py changed, reloading.
INFO 2025-05-29 13:25:11,450 autoreload Watching for file changes with StatReloader
INFO 2025-05-29 13:25:13,911 autoreload /Users/user/Desktop/igi/353505_Chuiko_26/IGI/LR5/Agency/estateAgency/statistics_view.py changed, reloading.
INFO 2025-05-29 13:25:14,161 autoreload Watching for file changes with StatReloader
INFO 2025-05-29 13:25:15,524 autoreload /Users/user/Desktop/igi/353505_Chuiko_26/IGI/LR5/Agency/estateAgency/statistics_view.py changed, reloading.
INFO 2025-05-29 13:25:15,729 autoreload Watching for file changes with StatReloader
INFO 2025-05-29 13:25:17,079 autoreload /Users/user/Desktop/igi/353505_Chuiko_26/IGI/LR5/Agency/estateAgency/statistics_view.py changed, reloading.
INFO 2025-05-29 13:25:17,305 autoreload Watching for file changes with StatReloader
INFO 2025-05-29 13:25:20,665 autoreload /Users/user/Desktop/igi/353505_Chuiko_26/IGI/LR5/Agency/estateAgency/statistics_view.py changed, reloading.
INFO 2025-05-29 13:25:20,881 autoreload Watching for file changes with StatReloader
INFO 2025-05-29 13:25:24,301 autoreload /Users/user/Desktop/igi/353505_Chuiko_26/IGI/LR5/Agency/estateAgency/statistics_view.py changed, reloading.
INFO 2025-05-29 13:25:24,545 autoreload Watching for file changes with StatReloader
INFO 2025-05-29 13:26:39,687 basehttp "GET /about/ HTTP/1.1" 200 2846
WARNING 2025-05-29 13:26:39,708 log Not Found: /media/placeholder.png
WARNING 2025-05-29 13:26:39,709 basehttp "GET /media/placeholder.png HTTP/1.1" 404 15490
INFO 2025-05-29 13:26:42,042 basehttp "GET /admin/estateAgency/aboutcompany/ HTTP/1.1" 200 16857
INFO 2025-05-29 13:26:42,063 basehttp "GET /admin/jsi18n/ HTTP/1.1" 200 3342
INFO 2025-05-29 13:26:52,105 basehttp "GET /admin/estateAgency/client/ HTTP/1.1" 200 18679
INFO 2025-05-29 13:26:52,122 basehttp "GET /admin/jsi18n/ HTTP/1.1" 200 3342
INFO 2025-05-29 13:26:54,473 basehttp "GET /admin/estateAgency/client/1/change/ HTTP/1.1" 200 19591
INFO 2025-05-29 13:26:54,490 basehttp "GET /admin/jsi18n/ HTTP/1.1" 200 3342
INFO 2025-05-29 13:26:56,860 basehttp "GET /admin/estateAgency/client/ HTTP/1.1" 200 18679
INFO 2025-05-29 13:26:56,874 basehttp "GET /admin/jsi18n/ HTTP/1.1" 200 3342
ERROR 2025-05-29 13:27:10,952 log Internal Server Error: /statistics/
Traceback (most recent call last):
  File "/Users/user/Desktop/igi/353505_Chuiko_26/IGI/LR5/Agency/venv/lib/python3.13/site-packages/django/core/handlers/exception.py", line 55, in inner
    response = get_response(request)
  File "/Users/user/Desktop/igi/353505_Chuiko_26/IGI/LR5/Agency/venv/lib/python3.13/site-packages/django/core/handlers/base.py", line 197, in _get_response
    response = wrapped_callback(request, *callback_args, **callback_kwargs)
  File "/Users/user/Desktop/igi/353505_Chuiko_26/IGI/LR5/Agency/venv/lib/python3.13/site-packages/django/contrib/auth/decorators.py", line 59, in _view_wrapper
    return view_func(request, *args, **kwargs)
  File "/Users/user/Desktop/igi/353505_Chuiko_26/IGI/LR5/Agency/estateAgency/statistics_view.py", line 97, in statistics_view
    count = Property.objects.filter(
            ~~~~~~~~~~~~~~~~~~~~~~~^
        price__gte=min_price,
        ^^^^^^^^^^^^^^^^^^^^^
        price__lt=max_price if max_price != float('inf') else None
        ^^^^^^^^^^^^^^^^^^^^^^^^^^^^^^^^^^^^^^^^^^^^^^^^^^^^^^^^^^
    ).count()
    ^
  File "/Users/user/Desktop/igi/353505_Chuiko_26/IGI/LR5/Agency/venv/lib/python3.13/site-packages/django/db/models/manager.py", line 87, in manager_method
    return getattr(self.get_queryset(), name)(*args, **kwargs)
           ~~~~~~~~~~~~~~~~~~~~~~~~~~~~~~~~~~^^^^^^^^^^^^^^^^^
  File "/Users/user/Desktop/igi/353505_Chuiko_26/IGI/LR5/Agency/venv/lib/python3.13/site-packages/django/db/models/query.py", line 1491, in filter
    return self._filter_or_exclude(False, args, kwargs)
           ~~~~~~~~~~~~~~~~~~~~~~~^^^^^^^^^^^^^^^^^^^^^
  File "/Users/user/Desktop/igi/353505_Chuiko_26/IGI/LR5/Agency/venv/lib/python3.13/site-packages/django/db/models/query.py", line 1509, in _filter_or_exclude
    clone._filter_or_exclude_inplace(negate, args, kwargs)
    ~~~~~~~~~~~~~~~~~~~~~~~~~~~~~~~~^^^^^^^^^^^^^^^^^^^^^^
  File "/Users/user/Desktop/igi/353505_Chuiko_26/IGI/LR5/Agency/venv/lib/python3.13/site-packages/django/db/models/query.py", line 1516, in _filter_or_exclude_inplace
    self._query.add_q(Q(*args, **kwargs))
    ~~~~~~~~~~~~~~~~~^^^^^^^^^^^^^^^^^^^^
  File "/Users/user/Desktop/igi/353505_Chuiko_26/IGI/LR5/Agency/venv/lib/python3.13/site-packages/django/db/models/sql/query.py", line 1643, in add_q
    clause, _ = self._add_q(q_object, can_reuse)
                ~~~~~~~~~~~^^^^^^^^^^^^^^^^^^^^^
  File "/Users/user/Desktop/igi/353505_Chuiko_26/IGI/LR5/Agency/venv/lib/python3.13/site-packages/django/db/models/sql/query.py", line 1675, in _add_q
    child_clause, needed_inner = self.build_filter(
                                 ~~~~~~~~~~~~~~~~~^
        child,
        ^^^^^^
    ...<7 lines>...
        update_join_types=update_join_types,
        ^^^^^^^^^^^^^^^^^^^^^^^^^^^^^^^^^^^^
    )
    ^
  File "/Users/user/Desktop/igi/353505_Chuiko_26/IGI/LR5/Agency/venv/lib/python3.13/site-packages/django/db/models/sql/query.py", line 1585, in build_filter
    condition = self.build_lookup(lookups, col, value)
  File "/Users/user/Desktop/igi/353505_Chuiko_26/IGI/LR5/Agency/venv/lib/python3.13/site-packages/django/db/models/sql/query.py", line 1417, in build_lookup
    raise ValueError("Cannot use None as a query value")
ValueError: Cannot use None as a query value
ERROR 2025-05-29 13:27:10,954 basehttp "GET /statistics/ HTTP/1.1" 500 114787
INFO 2025-05-29 13:28:19,918 autoreload /Users/user/Desktop/igi/353505_Chuiko_26/IGI/LR5/Agency/estateAgency/statistics_view.py changed, reloading.
INFO 2025-05-29 13:28:20,312 autoreload Watching for file changes with StatReloader
INFO 2025-05-29 13:28:23,858 autoreload /Users/user/Desktop/igi/353505_Chuiko_26/IGI/LR5/Agency/estateAgency/statistics_view.py changed, reloading.
INFO 2025-05-29 13:28:24,091 autoreload Watching for file changes with StatReloader
ERROR 2025-05-29 13:28:27,870 log Internal Server Error: /statistics/
Traceback (most recent call last):
  File "/Users/user/Desktop/igi/353505_Chuiko_26/IGI/LR5/Agency/venv/lib/python3.13/site-packages/django/core/handlers/exception.py", line 55, in inner
    response = get_response(request)
  File "/Users/user/Desktop/igi/353505_Chuiko_26/IGI/LR5/Agency/venv/lib/python3.13/site-packages/django/core/handlers/base.py", line 197, in _get_response
    response = wrapped_callback(request, *callback_args, **callback_kwargs)
  File "/Users/user/Desktop/igi/353505_Chuiko_26/IGI/LR5/Agency/venv/lib/python3.13/site-packages/django/contrib/auth/decorators.py", line 59, in _view_wrapper
    return view_func(request, *args, **kwargs)
  File "/Users/user/Desktop/igi/353505_Chuiko_26/IGI/LR5/Agency/estateAgency/statistics_view.py", line 98, in statistics_view
    count = Property.objects.filter(
            ~~~~~~~~~~~~~~~~~~~~~~~^
        price__gte=min_price,
        ^^^^^^^^^^^^^^^^^^^^^
        price__lt=max_price if max_price != float('inf') else None
        ^^^^^^^^^^^^^^^^^^^^^^^^^^^^^^^^^^^^^^^^^^^^^^^^^^^^^^^^^^
    ).count()
    ^
  File "/Users/user/Desktop/igi/353505_Chuiko_26/IGI/LR5/Agency/venv/lib/python3.13/site-packages/django/db/models/manager.py", line 87, in manager_method
    return getattr(self.get_queryset(), name)(*args, **kwargs)
           ~~~~~~~~~~~~~~~~~~~~~~~~~~~~~~~~~~^^^^^^^^^^^^^^^^^
  File "/Users/user/Desktop/igi/353505_Chuiko_26/IGI/LR5/Agency/venv/lib/python3.13/site-packages/django/db/models/query.py", line 1491, in filter
    return self._filter_or_exclude(False, args, kwargs)
           ~~~~~~~~~~~~~~~~~~~~~~~^^^^^^^^^^^^^^^^^^^^^
  File "/Users/user/Desktop/igi/353505_Chuiko_26/IGI/LR5/Agency/venv/lib/python3.13/site-packages/django/db/models/query.py", line 1509, in _filter_or_exclude
    clone._filter_or_exclude_inplace(negate, args, kwargs)
    ~~~~~~~~~~~~~~~~~~~~~~~~~~~~~~~~^^^^^^^^^^^^^^^^^^^^^^
  File "/Users/user/Desktop/igi/353505_Chuiko_26/IGI/LR5/Agency/venv/lib/python3.13/site-packages/django/db/models/query.py", line 1516, in _filter_or_exclude_inplace
    self._query.add_q(Q(*args, **kwargs))
    ~~~~~~~~~~~~~~~~~^^^^^^^^^^^^^^^^^^^^
  File "/Users/user/Desktop/igi/353505_Chuiko_26/IGI/LR5/Agency/venv/lib/python3.13/site-packages/django/db/models/sql/query.py", line 1643, in add_q
    clause, _ = self._add_q(q_object, can_reuse)
                ~~~~~~~~~~~^^^^^^^^^^^^^^^^^^^^^
  File "/Users/user/Desktop/igi/353505_Chuiko_26/IGI/LR5/Agency/venv/lib/python3.13/site-packages/django/db/models/sql/query.py", line 1675, in _add_q
    child_clause, needed_inner = self.build_filter(
                                 ~~~~~~~~~~~~~~~~~^
        child,
        ^^^^^^
    ...<7 lines>...
        update_join_types=update_join_types,
        ^^^^^^^^^^^^^^^^^^^^^^^^^^^^^^^^^^^^
    )
    ^
  File "/Users/user/Desktop/igi/353505_Chuiko_26/IGI/LR5/Agency/venv/lib/python3.13/site-packages/django/db/models/sql/query.py", line 1585, in build_filter
    condition = self.build_lookup(lookups, col, value)
  File "/Users/user/Desktop/igi/353505_Chuiko_26/IGI/LR5/Agency/venv/lib/python3.13/site-packages/django/db/models/sql/query.py", line 1417, in build_lookup
    raise ValueError("Cannot use None as a query value")
ValueError: Cannot use None as a query value
ERROR 2025-05-29 13:28:27,873 basehttp "GET /statistics/ HTTP/1.1" 500 115081
ERROR 2025-05-29 13:28:28,888 log Internal Server Error: /statistics/
Traceback (most recent call last):
  File "/Users/user/Desktop/igi/353505_Chuiko_26/IGI/LR5/Agency/venv/lib/python3.13/site-packages/django/core/handlers/exception.py", line 55, in inner
    response = get_response(request)
  File "/Users/user/Desktop/igi/353505_Chuiko_26/IGI/LR5/Agency/venv/lib/python3.13/site-packages/django/core/handlers/base.py", line 197, in _get_response
    response = wrapped_callback(request, *callback_args, **callback_kwargs)
  File "/Users/user/Desktop/igi/353505_Chuiko_26/IGI/LR5/Agency/venv/lib/python3.13/site-packages/django/contrib/auth/decorators.py", line 59, in _view_wrapper
    return view_func(request, *args, **kwargs)
  File "/Users/user/Desktop/igi/353505_Chuiko_26/IGI/LR5/Agency/estateAgency/statistics_view.py", line 98, in statistics_view
    count = Property.objects.filter(
            ~~~~~~~~~~~~~~~~~~~~~~~^
        price__gte=min_price,
        ^^^^^^^^^^^^^^^^^^^^^
        price__lt=max_price if max_price != float('inf') else None
        ^^^^^^^^^^^^^^^^^^^^^^^^^^^^^^^^^^^^^^^^^^^^^^^^^^^^^^^^^^
    ).count()
    ^
  File "/Users/user/Desktop/igi/353505_Chuiko_26/IGI/LR5/Agency/venv/lib/python3.13/site-packages/django/db/models/manager.py", line 87, in manager_method
    return getattr(self.get_queryset(), name)(*args, **kwargs)
           ~~~~~~~~~~~~~~~~~~~~~~~~~~~~~~~~~~^^^^^^^^^^^^^^^^^
  File "/Users/user/Desktop/igi/353505_Chuiko_26/IGI/LR5/Agency/venv/lib/python3.13/site-packages/django/db/models/query.py", line 1491, in filter
    return self._filter_or_exclude(False, args, kwargs)
           ~~~~~~~~~~~~~~~~~~~~~~~^^^^^^^^^^^^^^^^^^^^^
  File "/Users/user/Desktop/igi/353505_Chuiko_26/IGI/LR5/Agency/venv/lib/python3.13/site-packages/django/db/models/query.py", line 1509, in _filter_or_exclude
    clone._filter_or_exclude_inplace(negate, args, kwargs)
    ~~~~~~~~~~~~~~~~~~~~~~~~~~~~~~~~^^^^^^^^^^^^^^^^^^^^^^
  File "/Users/user/Desktop/igi/353505_Chuiko_26/IGI/LR5/Agency/venv/lib/python3.13/site-packages/django/db/models/query.py", line 1516, in _filter_or_exclude_inplace
    self._query.add_q(Q(*args, **kwargs))
    ~~~~~~~~~~~~~~~~~^^^^^^^^^^^^^^^^^^^^
  File "/Users/user/Desktop/igi/353505_Chuiko_26/IGI/LR5/Agency/venv/lib/python3.13/site-packages/django/db/models/sql/query.py", line 1643, in add_q
    clause, _ = self._add_q(q_object, can_reuse)
                ~~~~~~~~~~~^^^^^^^^^^^^^^^^^^^^^
  File "/Users/user/Desktop/igi/353505_Chuiko_26/IGI/LR5/Agency/venv/lib/python3.13/site-packages/django/db/models/sql/query.py", line 1675, in _add_q
    child_clause, needed_inner = self.build_filter(
                                 ~~~~~~~~~~~~~~~~~^
        child,
        ^^^^^^
    ...<7 lines>...
        update_join_types=update_join_types,
        ^^^^^^^^^^^^^^^^^^^^^^^^^^^^^^^^^^^^
    )
    ^
  File "/Users/user/Desktop/igi/353505_Chuiko_26/IGI/LR5/Agency/venv/lib/python3.13/site-packages/django/db/models/sql/query.py", line 1585, in build_filter
    condition = self.build_lookup(lookups, col, value)
  File "/Users/user/Desktop/igi/353505_Chuiko_26/IGI/LR5/Agency/venv/lib/python3.13/site-packages/django/db/models/sql/query.py", line 1417, in build_lookup
    raise ValueError("Cannot use None as a query value")
ValueError: Cannot use None as a query value
ERROR 2025-05-29 13:28:28,891 basehttp "GET /statistics/ HTTP/1.1" 500 115081
INFO 2025-05-29 13:28:52,906 autoreload /Users/user/Desktop/igi/353505_Chuiko_26/IGI/LR5/Agency/estateAgency/statistics_view.py changed, reloading.
INFO 2025-05-29 13:28:53,243 autoreload Watching for file changes with StatReloader
INFO 2025-05-29 13:29:01,805 autoreload /Users/user/Desktop/igi/353505_Chuiko_26/IGI/LR5/Agency/estateAgency/statistics_view.py changed, reloading.
INFO 2025-05-29 13:29:02,125 autoreload Watching for file changes with StatReloader
INFO 2025-05-29 13:29:03,550 autoreload /Users/user/Desktop/igi/353505_Chuiko_26/IGI/LR5/Agency/estateAgency/statistics_view.py changed, reloading.
INFO 2025-05-29 13:29:03,759 autoreload Watching for file changes with StatReloader
INFO 2025-05-29 13:29:05,856 autoreload /Users/user/Desktop/igi/353505_Chuiko_26/IGI/LR5/Agency/estateAgency/statistics_view.py changed, reloading.
INFO 2025-05-29 13:29:06,035 autoreload Watching for file changes with StatReloader
INFO 2025-05-29 13:29:09,152 autoreload /Users/user/Desktop/igi/353505_Chuiko_26/IGI/LR5/Agency/estateAgency/statistics_view.py changed, reloading.
INFO 2025-05-29 13:29:09,353 autoreload Watching for file changes with StatReloader
INFO 2025-05-29 13:29:11,443 autoreload /Users/user/Desktop/igi/353505_Chuiko_26/IGI/LR5/Agency/estateAgency/statistics_view.py changed, reloading.
INFO 2025-05-29 13:29:11,616 autoreload Watching for file changes with StatReloader
INFO 2025-05-29 13:29:18,783 autoreload /Users/user/Desktop/igi/353505_Chuiko_26/IGI/LR5/Agency/estateAgency/statistics_view.py changed, reloading.
INFO 2025-05-29 13:29:19,063 autoreload Watching for file changes with StatReloader
INFO 2025-05-29 13:29:20,161 autoreload /Users/user/Desktop/igi/353505_Chuiko_26/IGI/LR5/Agency/estateAgency/statistics_view.py changed, reloading.
INFO 2025-05-29 13:29:20,357 autoreload Watching for file changes with StatReloader
ERROR 2025-05-29 13:29:23,383 log Internal Server Error: /statistics/
Traceback (most recent call last):
  File "/Users/user/Desktop/igi/353505_Chuiko_26/IGI/LR5/Agency/venv/lib/python3.13/site-packages/django/core/handlers/exception.py", line 55, in inner
    response = get_response(request)
  File "/Users/user/Desktop/igi/353505_Chuiko_26/IGI/LR5/Agency/venv/lib/python3.13/site-packages/django/core/handlers/base.py", line 197, in _get_response
    response = wrapped_callback(request, *callback_args, **callback_kwargs)
  File "/Users/user/Desktop/igi/353505_Chuiko_26/IGI/LR5/Agency/venv/lib/python3.13/site-packages/django/contrib/auth/decorators.py", line 59, in _view_wrapper
    return view_func(request, *args, **kwargs)
  File "/Users/user/Desktop/igi/353505_Chuiko_26/IGI/LR5/Agency/estateAgency/statistics_view.py", line 107, in statistics_view
    data=[item['count'] for item in deals_timeline],
                                    ^^^^^^^^^^^^^^
  File "/Users/user/Desktop/igi/353505_Chuiko_26/IGI/LR5/Agency/venv/lib/python3.13/site-packages/django/db/models/query.py", line 384, in __iter__
    self._fetch_all()
    ~~~~~~~~~~~~~~~^^
  File "/Users/user/Desktop/igi/353505_Chuiko_26/IGI/LR5/Agency/venv/lib/python3.13/site-packages/django/db/models/query.py", line 1945, in _fetch_all
    self._result_cache = list(self._iterable_class(self))
                         ~~~~^^^^^^^^^^^^^^^^^^^^^^^^^^^^
  File "/Users/user/Desktop/igi/353505_Chuiko_26/IGI/LR5/Agency/venv/lib/python3.13/site-packages/django/db/models/query.py", line 216, in __iter__
    for row in compiler.results_iter(
               ~~~~~~~~~~~~~~~~~~~~~^
        chunked_fetch=self.chunked_fetch, chunk_size=self.chunk_size
        ^^^^^^^^^^^^^^^^^^^^^^^^^^^^^^^^^^^^^^^^^^^^^^^^^^^^^^^^^^^^
    ):
    ^
  File "/Users/user/Desktop/igi/353505_Chuiko_26/IGI/LR5/Agency/venv/lib/python3.13/site-packages/django/db/models/sql/compiler.py", line 1572, in results_iter
    results = self.execute_sql(
        MULTI, chunked_fetch=chunked_fetch, chunk_size=chunk_size
    )
  File "/Users/user/Desktop/igi/353505_Chuiko_26/IGI/LR5/Agency/venv/lib/python3.13/site-packages/django/db/models/sql/compiler.py", line 1610, in execute_sql
    sql, params = self.as_sql()
                  ~~~~~~~~~~~^^
  File "/Users/user/Desktop/igi/353505_Chuiko_26/IGI/LR5/Agency/venv/lib/python3.13/site-packages/django/db/models/sql/compiler.py", line 766, in as_sql
    extra_select, order_by, group_by = self.pre_sql_setup(
                                       ~~~~~~~~~~~~~~~~~~^
        with_col_aliases=with_col_aliases or bool(combinator),
        ^^^^^^^^^^^^^^^^^^^^^^^^^^^^^^^^^^^^^^^^^^^^^^^^^^^^^^
    )
    ^
  File "/Users/user/Desktop/igi/353505_Chuiko_26/IGI/LR5/Agency/venv/lib/python3.13/site-packages/django/db/models/sql/compiler.py", line 85, in pre_sql_setup
    self.setup_query(with_col_aliases=with_col_aliases)
    ~~~~~~~~~~~~~~~~^^^^^^^^^^^^^^^^^^^^^^^^^^^^^^^^^^^
  File "/Users/user/Desktop/igi/353505_Chuiko_26/IGI/LR5/Agency/venv/lib/python3.13/site-packages/django/db/models/sql/compiler.py", line 74, in setup_query
    self.select, self.klass_info, self.annotation_col_map = self.get_select(
                                                            ~~~~~~~~~~~~~~~^
        with_col_aliases=with_col_aliases,
        ^^^^^^^^^^^^^^^^^^^^^^^^^^^^^^^^^^
    )
    ^
  File "/Users/user/Desktop/igi/353505_Chuiko_26/IGI/LR5/Agency/venv/lib/python3.13/site-packages/django/db/models/sql/compiler.py", line 329, in get_select
    sql, params = col.select_format(self, sql, params)
                  ~~~~~~~~~~~~~~~~~^^^^^^^^^^^^^^^^^^^
  File "/Users/user/Desktop/igi/353505_Chuiko_26/IGI/LR5/Agency/venv/lib/python3.13/site-packages/django/db/models/expressions.py", line 498, in select_format
    if hasattr(self.output_field, "select_format"):
               ^^^^^^^^^^^^^^^^^
  File "/Users/user/Desktop/igi/353505_Chuiko_26/IGI/LR5/Agency/venv/lib/python3.13/site-packages/django/utils/functional.py", line 47, in __get__
    res = instance.__dict__[self.name] = self.func(instance)
                                         ~~~~~~~~~^^^^^^^^^^
  File "/Users/user/Desktop/igi/353505_Chuiko_26/IGI/LR5/Agency/venv/lib/python3.13/site-packages/django/db/models/expressions.py", line 327, in output_field
    output_field = self._resolve_output_field()
  File "/Users/user/Desktop/igi/353505_Chuiko_26/IGI/LR5/Agency/venv/lib/python3.13/site-packages/django/db/models/expressions.py", line 365, in _resolve_output_field
    raise FieldError(
    ...<6 lines>...
    )
django.core.exceptions.FieldError: Expression contains mixed types: DecimalField, IntegerField. You must set output_field.
ERROR 2025-05-29 13:29:23,384 basehttp "GET /statistics/ HTTP/1.1" 500 132566
INFO 2025-05-29 13:31:14,757 autoreload /Users/user/Desktop/igi/353505_Chuiko_26/IGI/LR5/Agency/estateAgency/statistics_view.py changed, reloading.
INFO 2025-05-29 13:31:15,125 autoreload Watching for file changes with StatReloader
INFO 2025-05-29 13:31:31,805 autoreload /Users/user/Desktop/igi/353505_Chuiko_26/IGI/LR5/Agency/estateAgency/statistics_view.py changed, reloading.
INFO 2025-05-29 13:31:32,128 autoreload Watching for file changes with StatReloader
INFO 2025-05-29 13:31:47,795 autoreload /Users/user/Desktop/igi/353505_Chuiko_26/IGI/LR5/Agency/estateAgency/statistics_view.py changed, reloading.
INFO 2025-05-29 13:31:48,116 autoreload Watching for file changes with StatReloader
INFO 2025-05-29 13:31:50,546 autoreload /Users/user/Desktop/igi/353505_Chuiko_26/IGI/LR5/Agency/estateAgency/statistics_view.py changed, reloading.
INFO 2025-05-29 13:31:50,766 autoreload Watching for file changes with StatReloader
INFO 2025-05-29 13:32:22,304 autoreload /Users/user/Desktop/igi/353505_Chuiko_26/IGI/LR5/Agency/estateAgency/statistics_view.py changed, reloading.
INFO 2025-05-29 13:32:22,617 autoreload Watching for file changes with StatReloader
INFO 2025-05-29 13:32:24,053 autoreload /Users/user/Desktop/igi/353505_Chuiko_26/IGI/LR5/Agency/estateAgency/statistics_view.py changed, reloading.
INFO 2025-05-29 13:32:24,272 autoreload Watching for file changes with StatReloader
INFO 2025-05-29 13:32:28,342 basehttp "GET /statistics/ HTTP/1.1" 200 289018
INFO 2025-05-29 13:32:48,156 basehttp "GET /statistics/ HTTP/1.1" 200 184747
INFO 2025-05-29 13:35:01,480 autoreload /Users/user/Desktop/igi/353505_Chuiko_26/IGI/LR5/Agency/estateAgency/models.py changed, reloading.
INFO 2025-05-29 13:35:01,863 autoreload Watching for file changes with StatReloader
INFO 2025-05-29 13:35:03,003 autoreload /Users/user/Desktop/igi/353505_Chuiko_26/IGI/LR5/Agency/estateAgency/models.py changed, reloading.
INFO 2025-05-29 13:35:03,191 autoreload Watching for file changes with StatReloader
INFO 2025-05-29 13:35:09,673 autoreload /Users/user/Desktop/igi/353505_Chuiko_26/IGI/LR5/Agency/estateAgency/models.py changed, reloading.
INFO 2025-05-29 13:35:09,947 autoreload Watching for file changes with StatReloader
INFO 2025-05-29 13:35:17,153 autoreload /Users/user/Desktop/igi/353505_Chuiko_26/IGI/LR5/Agency/estateAgency/models.py changed, reloading.
INFO 2025-05-29 13:35:17,345 autoreload Watching for file changes with StatReloader
INFO 2025-05-29 13:35:40,715 autoreload /Users/user/Desktop/igi/353505_Chuiko_26/IGI/LR5/Agency/estateAgency/models.py changed, reloading.
INFO 2025-05-29 13:35:41,011 autoreload Watching for file changes with StatReloader
INFO 2025-05-29 13:35:57,295 autoreload /Users/user/Desktop/igi/353505_Chuiko_26/IGI/LR5/Agency/estateAgency/models.py changed, reloading.
INFO 2025-05-29 13:35:57,563 autoreload Watching for file changes with StatReloader
INFO 2025-05-29 13:35:58,715 autoreload /Users/user/Desktop/igi/353505_Chuiko_26/IGI/LR5/Agency/estateAgency/models.py changed, reloading.
INFO 2025-05-29 13:35:58,885 autoreload Watching for file changes with StatReloader
INFO 2025-05-29 13:36:15,547 autoreload /Users/user/Desktop/igi/353505_Chuiko_26/IGI/LR5/Agency/estateAgency/forms.py changed, reloading.
INFO 2025-05-29 13:36:15,872 autoreload Watching for file changes with StatReloader
INFO 2025-05-29 13:36:20,180 autoreload /Users/user/Desktop/igi/353505_Chuiko_26/IGI/LR5/Agency/estateAgency/forms.py changed, reloading.
INFO 2025-05-29 13:36:20,387 autoreload Watching for file changes with StatReloader
INFO 2025-05-29 13:46:06,752 autoreload Watching for file changes with StatReloader
INFO 2025-05-29 13:46:21,778 basehttp "GET / HTTP/1.1" 200 5116
INFO 2025-05-29 13:46:26,816 basehttp "GET /admin/auth/user/ HTTP/1.1" 200 20427
INFO 2025-05-29 13:46:26,842 basehttp "GET /admin/jsi18n/ HTTP/1.1" 200 3342
INFO 2025-05-29 13:46:29,403 basehttp "GET /admin/auth/user/6/change/ HTTP/1.1" 200 32760
INFO 2025-05-29 13:46:29,421 basehttp "GET /admin/jsi18n/ HTTP/1.1" 200 3342
INFO 2025-05-29 13:46:42,917 basehttp "POST /admin/auth/user/6/change/ HTTP/1.1" 302 0
INFO 2025-05-29 13:46:42,931 basehttp "GET /admin/auth/user/ HTTP/1.1" 200 20625
INFO 2025-05-29 13:46:42,952 basehttp "GET /admin/jsi18n/ HTTP/1.1" 200 3342
INFO 2025-05-29 13:47:07,486 basehttp "GET /admin/auth/user/6/change/ HTTP/1.1" 200 32796
INFO 2025-05-29 13:47:07,541 basehttp "GET /admin/jsi18n/ HTTP/1.1" 200 3342
INFO 2025-05-29 13:47:17,580 basehttp "GET /admin/auth/user/ HTTP/1.1" 200 20427
INFO 2025-05-29 13:47:19,489 basehttp "POST /admin/logout/ HTTP/1.1" 200 3568
INFO 2025-05-29 13:47:21,510 basehttp "GET /admin/ HTTP/1.1" 302 0
INFO 2025-05-29 13:47:21,527 basehttp "GET /admin/login/?next=/admin/ HTTP/1.1" 200 4173
INFO 2025-05-29 13:47:34,258 basehttp "POST /admin/login/?next=/admin/ HTTP/1.1" 200 4346
INFO 2025-05-29 13:47:45,305 basehttp "POST /admin/login/?next=/admin/ HTTP/1.1" 302 0
INFO 2025-05-29 13:47:45,315 basehttp "GET /admin/ HTTP/1.1" 200 19128
INFO 2025-05-29 13:47:46,559 basehttp "GET /admin/auth/user/ HTTP/1.1" 200 20427
INFO 2025-05-29 13:47:46,577 basehttp "GET /admin/jsi18n/ HTTP/1.1" 200 3342
INFO 2025-05-29 13:47:50,417 basehttp "GET /admin/auth/user/6/change/ HTTP/1.1" 200 32796
INFO 2025-05-29 13:47:50,432 basehttp "GET /admin/jsi18n/ HTTP/1.1" 200 3342
INFO 2025-05-29 13:48:22,622 basehttp "POST /admin/logout/ HTTP/1.1" 200 3568
INFO 2025-05-29 13:48:24,355 basehttp "GET /admin/ HTTP/1.1" 302 0
INFO 2025-05-29 13:48:24,364 basehttp "GET /admin/login/?next=/admin/ HTTP/1.1" 200 4173
INFO 2025-05-29 13:48:31,240 basehttp "POST /admin/login/?next=/admin/ HTTP/1.1" 302 0
INFO 2025-05-29 13:48:31,247 basehttp "GET /admin/ HTTP/1.1" 200 6710
INFO 2025-05-29 13:48:33,002 basehttp "GET /admin/estateAgency/deal/add/ HTTP/1.1" 200 12371
INFO 2025-05-29 13:48:33,023 basehttp "GET /admin/jsi18n/ HTTP/1.1" 200 3342
INFO 2025-05-29 13:48:49,059 basehttp "GET / HTTP/1.1" 200 5075
INFO 2025-05-29 13:48:53,239 basehttp "GET /promo-codes/ HTTP/1.1" 200 1176
INFO 2025-05-29 13:48:56,823 basehttp "GET /reviews/ HTTP/1.1" 200 1158
INFO 2025-05-29 13:49:20,840 basehttp "GET /crud/properties/ HTTP/1.1" 200 2985
INFO 2025-05-29 13:49:21,960 basehttp "GET /properties/types/ HTTP/1.1" 200 2578
INFO 2025-05-29 13:49:31,456 basehttp - Broken pipe from ('127.0.0.1', 63265)
INFO 2025-05-29 13:49:32,274 basehttp "GET / HTTP/1.1" 200 5073
INFO 2025-05-29 13:50:02,290 autoreload /Users/user/Desktop/igi/353505_Chuiko_26/IGI/LR5/Agency/estateAgency/urls.py changed, reloading.
INFO 2025-05-29 13:50:02,685 autoreload Watching for file changes with StatReloader
INFO 2025-05-29 13:50:05,222 autoreload /Users/user/Desktop/igi/353505_Chuiko_26/IGI/LR5/Agency/estateAgency/urls.py changed, reloading.
INFO 2025-05-29 13:50:05,430 autoreload Watching for file changes with StatReloader
INFO 2025-05-29 13:50:11,837 autoreload /Users/user/Desktop/igi/353505_Chuiko_26/IGI/LR5/Agency/estateAgency/urls.py changed, reloading.
INFO 2025-05-29 13:50:12,078 autoreload Watching for file changes with StatReloader
INFO 2025-05-29 13:50:14,415 autoreload /Users/user/Desktop/igi/353505_Chuiko_26/IGI/LR5/Agency/estateAgency/urls.py changed, reloading.
INFO 2025-05-29 13:50:14,662 autoreload Watching for file changes with StatReloader
INFO 2025-05-29 13:50:17,009 autoreload /Users/user/Desktop/igi/353505_Chuiko_26/IGI/LR5/Agency/estateAgency/urls.py changed, reloading.
INFO 2025-05-29 13:50:17,229 autoreload Watching for file changes with StatReloader
INFO 2025-05-29 13:50:21,591 autoreload /Users/user/Desktop/igi/353505_Chuiko_26/IGI/LR5/Agency/estateAgency/urls.py changed, reloading.
INFO 2025-05-29 13:50:21,821 autoreload Watching for file changes with StatReloader
INFO 2025-05-29 13:51:02,174 basehttp "GET /deals/client/ HTTP/1.1" 200 1169
INFO 2025-05-29 13:51:51,301 basehttp "GET /deals/client/ HTTP/1.1" 200 1167
INFO 2025-05-29 13:51:52,733 basehttp "GET /crud/deals/ HTTP/1.1" 200 1458
ERROR 2025-05-29 13:51:54,609 log Internal Server Error: /crud/deals/add/
Traceback (most recent call last):
  File "/Users/user/Desktop/igi/353505_Chuiko_26/IGI/LR5/Agency/venv/lib/python3.13/site-packages/django/core/handlers/exception.py", line 55, in inner
    response = get_response(request)
  File "/Users/user/Desktop/igi/353505_Chuiko_26/IGI/LR5/Agency/venv/lib/python3.13/site-packages/django/core/handlers/base.py", line 197, in _get_response
    response = wrapped_callback(request, *callback_args, **callback_kwargs)
  File "/Users/user/Desktop/igi/353505_Chuiko_26/IGI/LR5/Agency/venv/lib/python3.13/site-packages/django/views/generic/base.py", line 104, in view
    return self.dispatch(request, *args, **kwargs)
           ~~~~~~~~~~~~~^^^^^^^^^^^^^^^^^^^^^^^^^^
  File "/Users/user/Desktop/igi/353505_Chuiko_26/IGI/LR5/Agency/venv/lib/python3.13/site-packages/django/views/generic/base.py", line 143, in dispatch
    return handler(request, *args, **kwargs)
  File "/Users/user/Desktop/igi/353505_Chuiko_26/IGI/LR5/Agency/venv/lib/python3.13/site-packages/django/views/generic/edit.py", line 178, in get
    return super().get(request, *args, **kwargs)
           ~~~~~~~~~~~^^^^^^^^^^^^^^^^^^^^^^^^^^
  File "/Users/user/Desktop/igi/353505_Chuiko_26/IGI/LR5/Agency/venv/lib/python3.13/site-packages/django/views/generic/edit.py", line 142, in get
    return self.render_to_response(self.get_context_data())
                                   ~~~~~~~~~~~~~~~~~~~~~^^
  File "/Users/user/Desktop/igi/353505_Chuiko_26/IGI/LR5/Agency/venv/lib/python3.13/site-packages/django/views/generic/edit.py", line 72, in get_context_data
    kwargs["form"] = self.get_form()
                     ~~~~~~~~~~~~~^^
  File "/Users/user/Desktop/igi/353505_Chuiko_26/IGI/LR5/Agency/venv/lib/python3.13/site-packages/django/views/generic/edit.py", line 37, in get_form
    return form_class(**self.get_form_kwargs())
TypeError: BaseModelForm.__init__() got an unexpected keyword argument 'user'
ERROR 2025-05-29 13:51:54,611 basehttp "GET /crud/deals/add/ HTTP/1.1" 500 87851
INFO 2025-05-29 13:52:10,115 autoreload /Users/user/Desktop/igi/353505_Chuiko_26/IGI/LR5/Agency/estateAgency/urls.py changed, reloading.
INFO 2025-05-29 13:52:10,464 autoreload Watching for file changes with StatReloader
INFO 2025-05-29 13:52:13,919 autoreload /Users/user/Desktop/igi/353505_Chuiko_26/IGI/LR5/Agency/estateAgency/urls.py changed, reloading.
INFO 2025-05-29 13:52:14,158 autoreload Watching for file changes with StatReloader
INFO 2025-05-29 13:52:15,497 autoreload /Users/user/Desktop/igi/353505_Chuiko_26/IGI/LR5/Agency/estateAgency/urls.py changed, reloading.
INFO 2025-05-29 13:52:15,722 autoreload Watching for file changes with StatReloader
INFO 2025-05-29 13:52:17,062 autoreload /Users/user/Desktop/igi/353505_Chuiko_26/IGI/LR5/Agency/estateAgency/urls.py changed, reloading.
INFO 2025-05-29 13:52:17,265 autoreload Watching for file changes with StatReloader
ERROR 2025-05-29 13:52:18,271 log Internal Server Error: /crud/deals/add/
Traceback (most recent call last):
  File "/Users/user/Desktop/igi/353505_Chuiko_26/IGI/LR5/Agency/venv/lib/python3.13/site-packages/django/core/handlers/exception.py", line 55, in inner
    response = get_response(request)
  File "/Users/user/Desktop/igi/353505_Chuiko_26/IGI/LR5/Agency/venv/lib/python3.13/site-packages/django/core/handlers/base.py", line 197, in _get_response
    response = wrapped_callback(request, *callback_args, **callback_kwargs)
  File "/Users/user/Desktop/igi/353505_Chuiko_26/IGI/LR5/Agency/venv/lib/python3.13/site-packages/django/views/generic/base.py", line 104, in view
    return self.dispatch(request, *args, **kwargs)
           ~~~~~~~~~~~~~^^^^^^^^^^^^^^^^^^^^^^^^^^
  File "/Users/user/Desktop/igi/353505_Chuiko_26/IGI/LR5/Agency/venv/lib/python3.13/site-packages/django/views/generic/base.py", line 143, in dispatch
    return handler(request, *args, **kwargs)
  File "/Users/user/Desktop/igi/353505_Chuiko_26/IGI/LR5/Agency/venv/lib/python3.13/site-packages/django/views/generic/edit.py", line 178, in get
    return super().get(request, *args, **kwargs)
           ~~~~~~~~~~~^^^^^^^^^^^^^^^^^^^^^^^^^^
  File "/Users/user/Desktop/igi/353505_Chuiko_26/IGI/LR5/Agency/venv/lib/python3.13/site-packages/django/views/generic/edit.py", line 142, in get
    return self.render_to_response(self.get_context_data())
                                   ~~~~~~~~~~~~~~~~~~~~~^^
  File "/Users/user/Desktop/igi/353505_Chuiko_26/IGI/LR5/Agency/venv/lib/python3.13/site-packages/django/views/generic/edit.py", line 72, in get_context_data
    kwargs["form"] = self.get_form()
                     ~~~~~~~~~~~~~^^
  File "/Users/user/Desktop/igi/353505_Chuiko_26/IGI/LR5/Agency/venv/lib/python3.13/site-packages/django/views/generic/edit.py", line 37, in get_form
    return form_class(**self.get_form_kwargs())
TypeError: BaseModelForm.__init__() got an unexpected keyword argument 'user'
ERROR 2025-05-29 13:52:18,272 basehttp "GET /crud/deals/add/ HTTP/1.1" 500 87988
ERROR 2025-05-29 13:52:19,031 log Internal Server Error: /crud/deals/add/
Traceback (most recent call last):
  File "/Users/user/Desktop/igi/353505_Chuiko_26/IGI/LR5/Agency/venv/lib/python3.13/site-packages/django/core/handlers/exception.py", line 55, in inner
    response = get_response(request)
  File "/Users/user/Desktop/igi/353505_Chuiko_26/IGI/LR5/Agency/venv/lib/python3.13/site-packages/django/core/handlers/base.py", line 197, in _get_response
    response = wrapped_callback(request, *callback_args, **callback_kwargs)
  File "/Users/user/Desktop/igi/353505_Chuiko_26/IGI/LR5/Agency/venv/lib/python3.13/site-packages/django/views/generic/base.py", line 104, in view
    return self.dispatch(request, *args, **kwargs)
           ~~~~~~~~~~~~~^^^^^^^^^^^^^^^^^^^^^^^^^^
  File "/Users/user/Desktop/igi/353505_Chuiko_26/IGI/LR5/Agency/venv/lib/python3.13/site-packages/django/views/generic/base.py", line 143, in dispatch
    return handler(request, *args, **kwargs)
  File "/Users/user/Desktop/igi/353505_Chuiko_26/IGI/LR5/Agency/venv/lib/python3.13/site-packages/django/views/generic/edit.py", line 178, in get
    return super().get(request, *args, **kwargs)
           ~~~~~~~~~~~^^^^^^^^^^^^^^^^^^^^^^^^^^
  File "/Users/user/Desktop/igi/353505_Chuiko_26/IGI/LR5/Agency/venv/lib/python3.13/site-packages/django/views/generic/edit.py", line 142, in get
    return self.render_to_response(self.get_context_data())
                                   ~~~~~~~~~~~~~~~~~~~~~^^
  File "/Users/user/Desktop/igi/353505_Chuiko_26/IGI/LR5/Agency/venv/lib/python3.13/site-packages/django/views/generic/edit.py", line 72, in get_context_data
    kwargs["form"] = self.get_form()
                     ~~~~~~~~~~~~~^^
  File "/Users/user/Desktop/igi/353505_Chuiko_26/IGI/LR5/Agency/venv/lib/python3.13/site-packages/django/views/generic/edit.py", line 37, in get_form
    return form_class(**self.get_form_kwargs())
TypeError: BaseModelForm.__init__() got an unexpected keyword argument 'user'
ERROR 2025-05-29 13:52:19,032 basehttp "GET /crud/deals/add/ HTTP/1.1" 500 87988
ERROR 2025-05-29 13:52:59,365 log Internal Server Error: /crud/deals/
Traceback (most recent call last):
  File "/Users/user/Desktop/igi/353505_Chuiko_26/IGI/LR5/Agency/venv/lib/python3.13/site-packages/django/core/handlers/exception.py", line 55, in inner
    response = get_response(request)
  File "/Users/user/Desktop/igi/353505_Chuiko_26/IGI/LR5/Agency/venv/lib/python3.13/site-packages/django/core/handlers/base.py", line 220, in _get_response
    response = response.render()
  File "/Users/user/Desktop/igi/353505_Chuiko_26/IGI/LR5/Agency/venv/lib/python3.13/site-packages/django/template/response.py", line 114, in render
    self.content = self.rendered_content
                   ^^^^^^^^^^^^^^^^^^^^^
  File "/Users/user/Desktop/igi/353505_Chuiko_26/IGI/LR5/Agency/venv/lib/python3.13/site-packages/django/template/response.py", line 92, in rendered_content
    return template.render(context, self._request)
           ~~~~~~~~~~~~~~~^^^^^^^^^^^^^^^^^^^^^^^^
  File "/Users/user/Desktop/igi/353505_Chuiko_26/IGI/LR5/Agency/venv/lib/python3.13/site-packages/django/template/backends/django.py", line 107, in render
    return self.template.render(context)
           ~~~~~~~~~~~~~~~~~~~~^^^^^^^^^
  File "/Users/user/Desktop/igi/353505_Chuiko_26/IGI/LR5/Agency/venv/lib/python3.13/site-packages/django/template/base.py", line 171, in render
    return self._render(context)
           ~~~~~~~~~~~~^^^^^^^^^
  File "/Users/user/Desktop/igi/353505_Chuiko_26/IGI/LR5/Agency/venv/lib/python3.13/site-packages/django/template/base.py", line 163, in _render
    return self.nodelist.render(context)
           ~~~~~~~~~~~~~~~~~~~~^^^^^^^^^
  File "/Users/user/Desktop/igi/353505_Chuiko_26/IGI/LR5/Agency/venv/lib/python3.13/site-packages/django/template/base.py", line 1016, in render
    return SafeString("".join([node.render_annotated(context) for node in self]))
                               ~~~~~~~~~~~~~~~~~~~~~^^^^^^^^^
  File "/Users/user/Desktop/igi/353505_Chuiko_26/IGI/LR5/Agency/venv/lib/python3.13/site-packages/django/template/base.py", line 977, in render_annotated
    return self.render(context)
           ~~~~~~~~~~~^^^^^^^^^
  File "/Users/user/Desktop/igi/353505_Chuiko_26/IGI/LR5/Agency/venv/lib/python3.13/site-packages/django/template/loader_tags.py", line 159, in render
    return compiled_parent._render(context)
           ~~~~~~~~~~~~~~~~~~~~~~~^^^^^^^^^
  File "/Users/user/Desktop/igi/353505_Chuiko_26/IGI/LR5/Agency/venv/lib/python3.13/site-packages/django/template/base.py", line 163, in _render
    return self.nodelist.render(context)
           ~~~~~~~~~~~~~~~~~~~~^^^^^^^^^
  File "/Users/user/Desktop/igi/353505_Chuiko_26/IGI/LR5/Agency/venv/lib/python3.13/site-packages/django/template/base.py", line 1016, in render
    return SafeString("".join([node.render_annotated(context) for node in self]))
                               ~~~~~~~~~~~~~~~~~~~~~^^^^^^^^^
  File "/Users/user/Desktop/igi/353505_Chuiko_26/IGI/LR5/Agency/venv/lib/python3.13/site-packages/django/template/base.py", line 977, in render_annotated
    return self.render(context)
           ~~~~~~~~~~~^^^^^^^^^
  File "/Users/user/Desktop/igi/353505_Chuiko_26/IGI/LR5/Agency/venv/lib/python3.13/site-packages/django/template/defaulttags.py", line 327, in render
    return nodelist.render(context)
           ~~~~~~~~~~~~~~~^^^^^^^^^
  File "/Users/user/Desktop/igi/353505_Chuiko_26/IGI/LR5/Agency/venv/lib/python3.13/site-packages/django/template/base.py", line 1016, in render
    return SafeString("".join([node.render_annotated(context) for node in self]))
                               ~~~~~~~~~~~~~~~~~~~~~^^^^^^^^^
  File "/Users/user/Desktop/igi/353505_Chuiko_26/IGI/LR5/Agency/venv/lib/python3.13/site-packages/django/template/base.py", line 977, in render_annotated
    return self.render(context)
           ~~~~~~~~~~~^^^^^^^^^
  File "/Users/user/Desktop/igi/353505_Chuiko_26/IGI/LR5/Agency/venv/lib/python3.13/site-packages/django/template/defaulttags.py", line 327, in render
    return nodelist.render(context)
           ~~~~~~~~~~~~~~~^^^^^^^^^
  File "/Users/user/Desktop/igi/353505_Chuiko_26/IGI/LR5/Agency/venv/lib/python3.13/site-packages/django/template/base.py", line 1016, in render
    return SafeString("".join([node.render_annotated(context) for node in self]))
                               ~~~~~~~~~~~~~~~~~~~~~^^^^^^^^^
  File "/Users/user/Desktop/igi/353505_Chuiko_26/IGI/LR5/Agency/venv/lib/python3.13/site-packages/django/template/base.py", line 977, in render_annotated
    return self.render(context)
           ~~~~~~~~~~~^^^^^^^^^
  File "/Users/user/Desktop/igi/353505_Chuiko_26/IGI/LR5/Agency/venv/lib/python3.13/site-packages/django/template/defaulttags.py", line 480, in render
    url = reverse(view_name, args=args, kwargs=kwargs, current_app=current_app)
  File "/Users/user/Desktop/igi/353505_Chuiko_26/IGI/LR5/Agency/venv/lib/python3.13/site-packages/django/urls/base.py", line 98, in reverse
    resolved_url = resolver._reverse_with_prefix(view, prefix, *args, **kwargs)
  File "/Users/user/Desktop/igi/353505_Chuiko_26/IGI/LR5/Agency/venv/lib/python3.13/site-packages/django/urls/resolvers.py", line 831, in _reverse_with_prefix
    raise NoReverseMatch(msg)
django.urls.exceptions.NoReverseMatch: Reverse for 'crud/deal_list' not found. 'crud/deal_list' is not a valid view function or pattern name.
ERROR 2025-05-29 13:52:59,367 basehttp "GET /crud/deals/ HTTP/1.1" 500 161096
ERROR 2025-05-29 13:53:04,680 log Internal Server Error: /crud/deals/
Traceback (most recent call last):
  File "/Users/user/Desktop/igi/353505_Chuiko_26/IGI/LR5/Agency/venv/lib/python3.13/site-packages/django/core/handlers/exception.py", line 55, in inner
    response = get_response(request)
  File "/Users/user/Desktop/igi/353505_Chuiko_26/IGI/LR5/Agency/venv/lib/python3.13/site-packages/django/core/handlers/base.py", line 220, in _get_response
    response = response.render()
  File "/Users/user/Desktop/igi/353505_Chuiko_26/IGI/LR5/Agency/venv/lib/python3.13/site-packages/django/template/response.py", line 114, in render
    self.content = self.rendered_content
                   ^^^^^^^^^^^^^^^^^^^^^
  File "/Users/user/Desktop/igi/353505_Chuiko_26/IGI/LR5/Agency/venv/lib/python3.13/site-packages/django/template/response.py", line 92, in rendered_content
    return template.render(context, self._request)
           ~~~~~~~~~~~~~~~^^^^^^^^^^^^^^^^^^^^^^^^
  File "/Users/user/Desktop/igi/353505_Chuiko_26/IGI/LR5/Agency/venv/lib/python3.13/site-packages/django/template/backends/django.py", line 107, in render
    return self.template.render(context)
           ~~~~~~~~~~~~~~~~~~~~^^^^^^^^^
  File "/Users/user/Desktop/igi/353505_Chuiko_26/IGI/LR5/Agency/venv/lib/python3.13/site-packages/django/template/base.py", line 171, in render
    return self._render(context)
           ~~~~~~~~~~~~^^^^^^^^^
  File "/Users/user/Desktop/igi/353505_Chuiko_26/IGI/LR5/Agency/venv/lib/python3.13/site-packages/django/template/base.py", line 163, in _render
    return self.nodelist.render(context)
           ~~~~~~~~~~~~~~~~~~~~^^^^^^^^^
  File "/Users/user/Desktop/igi/353505_Chuiko_26/IGI/LR5/Agency/venv/lib/python3.13/site-packages/django/template/base.py", line 1016, in render
    return SafeString("".join([node.render_annotated(context) for node in self]))
                               ~~~~~~~~~~~~~~~~~~~~~^^^^^^^^^
  File "/Users/user/Desktop/igi/353505_Chuiko_26/IGI/LR5/Agency/venv/lib/python3.13/site-packages/django/template/base.py", line 977, in render_annotated
    return self.render(context)
           ~~~~~~~~~~~^^^^^^^^^
  File "/Users/user/Desktop/igi/353505_Chuiko_26/IGI/LR5/Agency/venv/lib/python3.13/site-packages/django/template/loader_tags.py", line 159, in render
    return compiled_parent._render(context)
           ~~~~~~~~~~~~~~~~~~~~~~~^^^^^^^^^
  File "/Users/user/Desktop/igi/353505_Chuiko_26/IGI/LR5/Agency/venv/lib/python3.13/site-packages/django/template/base.py", line 163, in _render
    return self.nodelist.render(context)
           ~~~~~~~~~~~~~~~~~~~~^^^^^^^^^
  File "/Users/user/Desktop/igi/353505_Chuiko_26/IGI/LR5/Agency/venv/lib/python3.13/site-packages/django/template/base.py", line 1016, in render
    return SafeString("".join([node.render_annotated(context) for node in self]))
                               ~~~~~~~~~~~~~~~~~~~~~^^^^^^^^^
  File "/Users/user/Desktop/igi/353505_Chuiko_26/IGI/LR5/Agency/venv/lib/python3.13/site-packages/django/template/base.py", line 977, in render_annotated
    return self.render(context)
           ~~~~~~~~~~~^^^^^^^^^
  File "/Users/user/Desktop/igi/353505_Chuiko_26/IGI/LR5/Agency/venv/lib/python3.13/site-packages/django/template/defaulttags.py", line 327, in render
    return nodelist.render(context)
           ~~~~~~~~~~~~~~~^^^^^^^^^
  File "/Users/user/Desktop/igi/353505_Chuiko_26/IGI/LR5/Agency/venv/lib/python3.13/site-packages/django/template/base.py", line 1016, in render
    return SafeString("".join([node.render_annotated(context) for node in self]))
                               ~~~~~~~~~~~~~~~~~~~~~^^^^^^^^^
  File "/Users/user/Desktop/igi/353505_Chuiko_26/IGI/LR5/Agency/venv/lib/python3.13/site-packages/django/template/base.py", line 977, in render_annotated
    return self.render(context)
           ~~~~~~~~~~~^^^^^^^^^
  File "/Users/user/Desktop/igi/353505_Chuiko_26/IGI/LR5/Agency/venv/lib/python3.13/site-packages/django/template/defaulttags.py", line 327, in render
    return nodelist.render(context)
           ~~~~~~~~~~~~~~~^^^^^^^^^
  File "/Users/user/Desktop/igi/353505_Chuiko_26/IGI/LR5/Agency/venv/lib/python3.13/site-packages/django/template/base.py", line 1016, in render
    return SafeString("".join([node.render_annotated(context) for node in self]))
                               ~~~~~~~~~~~~~~~~~~~~~^^^^^^^^^
  File "/Users/user/Desktop/igi/353505_Chuiko_26/IGI/LR5/Agency/venv/lib/python3.13/site-packages/django/template/base.py", line 977, in render_annotated
    return self.render(context)
           ~~~~~~~~~~~^^^^^^^^^
  File "/Users/user/Desktop/igi/353505_Chuiko_26/IGI/LR5/Agency/venv/lib/python3.13/site-packages/django/template/defaulttags.py", line 480, in render
    url = reverse(view_name, args=args, kwargs=kwargs, current_app=current_app)
  File "/Users/user/Desktop/igi/353505_Chuiko_26/IGI/LR5/Agency/venv/lib/python3.13/site-packages/django/urls/base.py", line 98, in reverse
    resolved_url = resolver._reverse_with_prefix(view, prefix, *args, **kwargs)
  File "/Users/user/Desktop/igi/353505_Chuiko_26/IGI/LR5/Agency/venv/lib/python3.13/site-packages/django/urls/resolvers.py", line 831, in _reverse_with_prefix
    raise NoReverseMatch(msg)
django.urls.exceptions.NoReverseMatch: Reverse for 'crud/deal_list' not found. 'crud/deal_list' is not a valid view function or pattern name.
ERROR 2025-05-29 13:53:04,684 basehttp "GET /crud/deals/ HTTP/1.1" 500 161096
INFO 2025-05-29 13:53:07,128 basehttp "GET /deals/client/ HTTP/1.1" 200 1167
INFO 2025-05-29 13:53:12,269 basehttp "GET /crud/deals/ HTTP/1.1" 200 1458
ERROR 2025-05-29 13:53:17,900 log Internal Server Error: /crud/deals/add/
Traceback (most recent call last):
  File "/Users/user/Desktop/igi/353505_Chuiko_26/IGI/LR5/Agency/venv/lib/python3.13/site-packages/django/core/handlers/exception.py", line 55, in inner
    response = get_response(request)
  File "/Users/user/Desktop/igi/353505_Chuiko_26/IGI/LR5/Agency/venv/lib/python3.13/site-packages/django/core/handlers/base.py", line 197, in _get_response
    response = wrapped_callback(request, *callback_args, **callback_kwargs)
  File "/Users/user/Desktop/igi/353505_Chuiko_26/IGI/LR5/Agency/venv/lib/python3.13/site-packages/django/views/generic/base.py", line 104, in view
    return self.dispatch(request, *args, **kwargs)
           ~~~~~~~~~~~~~^^^^^^^^^^^^^^^^^^^^^^^^^^
  File "/Users/user/Desktop/igi/353505_Chuiko_26/IGI/LR5/Agency/venv/lib/python3.13/site-packages/django/views/generic/base.py", line 143, in dispatch
    return handler(request, *args, **kwargs)
  File "/Users/user/Desktop/igi/353505_Chuiko_26/IGI/LR5/Agency/venv/lib/python3.13/site-packages/django/views/generic/edit.py", line 178, in get
    return super().get(request, *args, **kwargs)
           ~~~~~~~~~~~^^^^^^^^^^^^^^^^^^^^^^^^^^
  File "/Users/user/Desktop/igi/353505_Chuiko_26/IGI/LR5/Agency/venv/lib/python3.13/site-packages/django/views/generic/edit.py", line 142, in get
    return self.render_to_response(self.get_context_data())
                                   ~~~~~~~~~~~~~~~~~~~~~^^
  File "/Users/user/Desktop/igi/353505_Chuiko_26/IGI/LR5/Agency/venv/lib/python3.13/site-packages/django/views/generic/edit.py", line 72, in get_context_data
    kwargs["form"] = self.get_form()
                     ~~~~~~~~~~~~~^^
  File "/Users/user/Desktop/igi/353505_Chuiko_26/IGI/LR5/Agency/venv/lib/python3.13/site-packages/django/views/generic/edit.py", line 37, in get_form
    return form_class(**self.get_form_kwargs())
TypeError: BaseModelForm.__init__() got an unexpected keyword argument 'user'
ERROR 2025-05-29 13:53:17,901 basehttp "GET /crud/deals/add/ HTTP/1.1" 500 87851
INFO 2025-05-29 13:54:19,139 autoreload /Users/user/Desktop/igi/353505_Chuiko_26/IGI/LR5/Agency/estateAgency/urls.py changed, reloading.
INFO 2025-05-29 13:54:19,501 autoreload Watching for file changes with StatReloader
INFO 2025-05-29 13:55:13,770 autoreload /Users/user/Desktop/igi/353505_Chuiko_26/IGI/LR5/Agency/estateAgency/forms.py changed, reloading.
INFO 2025-05-29 13:55:14,122 autoreload Watching for file changes with StatReloader
INFO 2025-05-29 13:55:15,655 basehttp "GET /crud/deals/add/ HTTP/1.1" 200 2669
INFO 2025-05-29 13:55:20,231 basehttp "GET /reviews/ HTTP/1.1" 200 1156
INFO 2025-05-29 13:56:58,388 autoreload /Users/user/Desktop/igi/353505_Chuiko_26/IGI/LR5/Agency/estateAgency/urls.py changed, reloading.
INFO 2025-05-29 13:56:58,792 autoreload Watching for file changes with StatReloader
INFO 2025-05-29 13:57:09,419 autoreload /Users/user/Desktop/igi/353505_Chuiko_26/IGI/LR5/Agency/estateAgency/urls.py changed, reloading.
INFO 2025-05-29 13:57:09,780 autoreload Watching for file changes with StatReloader
INFO 2025-05-29 13:57:11,243 autoreload /Users/user/Desktop/igi/353505_Chuiko_26/IGI/LR5/Agency/estateAgency/urls.py changed, reloading.
INFO 2025-05-29 13:57:11,529 autoreload Watching for file changes with StatReloader
INFO 2025-05-29 13:57:13,987 autoreload /Users/user/Desktop/igi/353505_Chuiko_26/IGI/LR5/Agency/estateAgency/urls.py changed, reloading.
INFO 2025-05-29 13:57:14,330 autoreload Watching for file changes with StatReloader
INFO 2025-05-29 13:57:24,187 autoreload /Users/user/Desktop/igi/353505_Chuiko_26/IGI/LR5/Agency/estateAgency/urls.py changed, reloading.
INFO 2025-05-29 13:57:24,486 autoreload Watching for file changes with StatReloader
INFO 2025-05-29 13:57:28,940 autoreload /Users/user/Desktop/igi/353505_Chuiko_26/IGI/LR5/Agency/estateAgency/urls.py changed, reloading.
INFO 2025-05-29 13:57:29,204 autoreload Watching for file changes with StatReloader
INFO 2025-05-29 13:57:31,586 autoreload /Users/user/Desktop/igi/353505_Chuiko_26/IGI/LR5/Agency/estateAgency/urls.py changed, reloading.
INFO 2025-05-29 13:57:31,953 autoreload Watching for file changes with StatReloader
INFO 2025-05-29 13:57:36,409 autoreload /Users/user/Desktop/igi/353505_Chuiko_26/IGI/LR5/Agency/estateAgency/urls.py changed, reloading.
INFO 2025-05-29 13:57:36,633 autoreload Watching for file changes with StatReloader
INFO 2025-05-29 13:57:45,065 autoreload /Users/user/Desktop/igi/353505_Chuiko_26/IGI/LR5/Agency/estateAgency/urls.py changed, reloading.
INFO 2025-05-29 13:57:45,314 autoreload Watching for file changes with StatReloader
INFO 2025-05-29 13:57:51,744 autoreload /Users/user/Desktop/igi/353505_Chuiko_26/IGI/LR5/Agency/estateAgency/urls.py changed, reloading.
INFO 2025-05-29 13:57:51,985 autoreload Watching for file changes with StatReloader
INFO 2025-05-29 13:58:02,165 autoreload /Users/user/Desktop/igi/353505_Chuiko_26/IGI/LR5/Agency/estateAgency/urls.py changed, reloading.
INFO 2025-05-29 13:58:02,351 autoreload Watching for file changes with StatReloader
INFO 2025-05-29 13:58:06,446 autoreload /Users/user/Desktop/igi/353505_Chuiko_26/IGI/LR5/Agency/estateAgency/urls.py changed, reloading.
INFO 2025-05-29 13:58:06,659 autoreload Watching for file changes with StatReloader
INFO 2025-05-29 13:58:09,741 autoreload /Users/user/Desktop/igi/353505_Chuiko_26/IGI/LR5/Agency/estateAgency/urls.py changed, reloading.
INFO 2025-05-29 13:58:09,933 autoreload Watching for file changes with StatReloader
INFO 2025-05-29 13:58:22,110 autoreload /Users/user/Desktop/igi/353505_Chuiko_26/IGI/LR5/Agency/estateAgency/urls.py changed, reloading.
INFO 2025-05-29 13:58:22,391 autoreload Watching for file changes with StatReloader
INFO 2025-05-29 13:58:30,527 autoreload /Users/user/Desktop/igi/353505_Chuiko_26/IGI/LR5/Agency/estateAgency/urls.py changed, reloading.
INFO 2025-05-29 13:58:30,802 autoreload Watching for file changes with StatReloader
INFO 2025-05-29 13:58:41,384 autoreload /Users/user/Desktop/igi/353505_Chuiko_26/IGI/LR5/Agency/estateAgency/urls.py changed, reloading.
INFO 2025-05-29 13:58:41,696 autoreload Watching for file changes with StatReloader
INFO 2025-05-29 13:58:46,093 autoreload /Users/user/Desktop/igi/353505_Chuiko_26/IGI/LR5/Agency/estateAgency/urls.py changed, reloading.
INFO 2025-05-29 13:58:46,321 autoreload Watching for file changes with StatReloader
INFO 2025-05-29 13:58:48,457 autoreload /Users/user/Desktop/igi/353505_Chuiko_26/IGI/LR5/Agency/estateAgency/urls.py changed, reloading.
INFO 2025-05-29 13:58:48,646 autoreload Watching for file changes with StatReloader
INFO 2025-05-29 13:58:52,724 autoreload /Users/user/Desktop/igi/353505_Chuiko_26/IGI/LR5/Agency/estateAgency/urls.py changed, reloading.
INFO 2025-05-29 13:58:52,913 autoreload Watching for file changes with StatReloader
INFO 2025-05-29 14:00:44,360 autoreload /Users/user/Desktop/igi/353505_Chuiko_26/IGI/LR5/Agency/estateAgency/urls.py changed, reloading.
INFO 2025-05-29 14:00:44,662 autoreload Watching for file changes with StatReloader
INFO 2025-05-29 14:00:48,798 autoreload /Users/user/Desktop/igi/353505_Chuiko_26/IGI/LR5/Agency/estateAgency/urls.py changed, reloading.
INFO 2025-05-29 14:00:48,998 autoreload Watching for file changes with StatReloader
INFO 2025-05-29 14:01:04,215 autoreload /Users/user/Desktop/igi/353505_Chuiko_26/IGI/LR5/Agency/estateAgency/urls.py changed, reloading.
INFO 2025-05-29 14:01:04,491 autoreload Watching for file changes with StatReloader
INFO 2025-05-29 14:01:17,690 autoreload /Users/user/Desktop/igi/353505_Chuiko_26/IGI/LR5/Agency/estateAgency/urls.py changed, reloading.
INFO 2025-05-29 14:01:17,977 autoreload Watching for file changes with StatReloader
INFO 2025-05-29 14:01:33,280 basehttp "GET /reviews/ HTTP/1.1" 200 1156
INFO 2025-05-29 14:01:34,819 basehttp "GET /reviews/ HTTP/1.1" 200 1156
INFO 2025-05-29 14:01:35,426 basehttp "GET /contacts/ HTTP/1.1" 200 1331
INFO 2025-05-29 14:01:36,117 basehttp "GET /reviews/ HTTP/1.1" 200 1156
INFO 2025-05-29 14:01:37,651 basehttp "GET /reviews/ HTTP/1.1" 200 1156
INFO 2025-05-29 14:02:36,112 basehttp "GET /properties/types/ HTTP/1.1" 200 2576
INFO 2025-05-29 14:02:37,719 basehttp "GET /promo-codes/ HTTP/1.1" 200 1174
INFO 2025-05-29 14:02:38,540 basehttp "GET /news/ HTTP/1.1" 200 1453
INFO 2025-05-29 14:02:39,503 basehttp "GET /contacts/ HTTP/1.1" 200 1331
INFO 2025-05-29 14:02:40,353 basehttp "GET /reviews/ HTTP/1.1" 200 1156
INFO 2025-05-29 14:02:41,236 basehttp "GET /privacy-policy/ HTTP/1.1" 200 2897
INFO 2025-05-29 14:02:42,192 basehttp "GET /crud/deals/ HTTP/1.1" 200 1458
INFO 2025-05-29 14:03:45,357 basehttp "GET /reviews/ HTTP/1.1" 200 1156
INFO 2025-05-29 14:03:46,483 basehttp "GET /reviews/ HTTP/1.1" 200 1156
INFO 2025-05-29 14:03:47,463 basehttp "GET /reviews/ HTTP/1.1" 200 1156
INFO 2025-05-29 14:05:11,209 basehttp "GET /reviews/ HTTP/1.1" 200 1156
INFO 2025-05-29 14:05:36,769 basehttp "GET /reviews/ HTTP/1.1" 200 1156
INFO 2025-05-29 14:05:45,475 basehttp "GET /reviews/ HTTP/1.1" 200 1156
INFO 2025-05-29 14:06:05,329 basehttp "GET /admin/estateAgency/deal/add/ HTTP/1.1" 200 12371
INFO 2025-05-29 14:06:05,355 basehttp "GET /admin/jsi18n/ HTTP/1.1" 200 3342
INFO 2025-05-29 14:06:24,341 basehttp "GET /reviews/ HTTP/1.1" 200 1165
INFO 2025-05-29 14:06:25,684 basehttp "GET /crud/deals/ HTTP/1.1" 200 1467
INFO 2025-05-29 14:06:26,634 basehttp "GET /reviews/ HTTP/1.1" 200 1165
INFO 2025-05-29 14:06:28,082 basehttp "GET /crud/deals/ HTTP/1.1" 200 1467
INFO 2025-05-29 14:06:28,499 basehttp "GET /crud/deals/ HTTP/1.1" 200 1467
INFO 2025-05-29 14:07:38,658 basehttp "GET /reviews/ HTTP/1.1" 200 1156
INFO 2025-05-29 14:07:46,455 autoreload /Users/user/Desktop/igi/353505_Chuiko_26/IGI/LR5/Agency/estateAgency/urls.py changed, reloading.
INFO 2025-05-29 14:07:46,904 autoreload Watching for file changes with StatReloader
WARNING 2025-05-29 14:07:52,197 log Not Found: /reviews/
WARNING 2025-05-29 14:07:52,197 basehttp "GET /reviews/ HTTP/1.1" 404 17157
INFO 2025-05-29 14:07:57,578 autoreload /Users/user/Desktop/igi/353505_Chuiko_26/IGI/LR5/Agency/estateAgency/urls.py changed, reloading.
INFO 2025-05-29 14:07:57,881 autoreload Watching for file changes with StatReloader
INFO 2025-05-29 14:08:02,450 autoreload /Users/user/Desktop/igi/353505_Chuiko_26/IGI/LR5/Agency/estateAgency/urls.py changed, reloading.
INFO 2025-05-29 14:08:02,771 autoreload Watching for file changes with StatReloader
INFO 2025-05-29 14:08:08,366 autoreload /Users/user/Desktop/igi/353505_Chuiko_26/IGI/LR5/Agency/estateAgency/views.py changed, reloading.
INFO 2025-05-29 14:08:08,645 autoreload Watching for file changes with StatReloader
INFO 2025-05-29 14:10:12,759 autoreload Watching for file changes with StatReloader
INFO 2025-05-29 14:10:15,768 basehttp "GET /reviews/ HTTP/1.1" 200 1161
INFO 2025-05-29 14:10:17,722 basehttp "GET /crud/reviews/ HTTP/1.1" 200 1453
INFO 2025-05-29 14:10:19,131 basehttp "GET /crud/reviews/add/ HTTP/1.1" 200 2036
INFO 2025-05-29 14:10:26,793 basehttp "POST /admin/logout/ HTTP/1.1" 200 3568
INFO 2025-05-29 14:10:28,938 basehttp "GET /admin/ HTTP/1.1" 302 0
INFO 2025-05-29 14:10:28,954 basehttp "GET /admin/login/?next=/admin/ HTTP/1.1" 200 4173
INFO 2025-05-29 14:10:37,821 basehttp "POST /admin/login/?next=/admin/ HTTP/1.1" 302 0
INFO 2025-05-29 14:10:37,832 basehttp "GET /admin/ HTTP/1.1" 200 19128
INFO 2025-05-29 14:10:42,386 basehttp "GET /admin/estateAgency/client/add/ HTTP/1.1" 200 19362
INFO 2025-05-29 14:10:42,403 basehttp "GET /admin/jsi18n/ HTTP/1.1" 200 3342
INFO 2025-05-29 14:10:49,378 basehttp "POST /admin/estateAgency/client/add/ HTTP/1.1" 200 20214
INFO 2025-05-29 14:10:49,391 basehttp "GET /admin/jsi18n/ HTTP/1.1" 200 3342
INFO 2025-05-29 14:10:58,682 basehttp "GET /admin/estateAgency/aboutcompany/ HTTP/1.1" 200 16857
INFO 2025-05-29 14:10:58,700 basehttp "GET /admin/jsi18n/ HTTP/1.1" 200 3342
INFO 2025-05-29 14:11:05,115 basehttp "GET /admin/estateAgency/client/ HTTP/1.1" 200 19083
INFO 2025-05-29 14:11:05,131 basehttp "GET /admin/jsi18n/ HTTP/1.1" 200 3342
INFO 2025-05-29 14:12:57,543 autoreload /Users/user/Desktop/igi/353505_Chuiko_26/IGI/LR5/Agency/estateAgency/models.py changed, reloading.
INFO 2025-05-29 14:12:58,008 autoreload Watching for file changes with StatReloader
INFO 2025-05-29 14:15:30,370 autoreload /Users/user/Desktop/igi/353505_Chuiko_26/IGI/LR5/Agency/estateAgency/admin.py changed, reloading.
INFO 2025-05-29 14:15:30,794 autoreload Watching for file changes with StatReloader
INFO 2025-05-29 14:15:37,759 autoreload /Users/user/Desktop/igi/353505_Chuiko_26/IGI/LR5/Agency/estateAgency/admin.py changed, reloading.
INFO 2025-05-29 14:15:38,422 autoreload Watching for file changes with StatReloader
INFO 2025-05-29 14:15:47,023 autoreload /Users/user/Desktop/igi/353505_Chuiko_26/IGI/LR5/Agency/estateAgency/admin.py changed, reloading.
INFO 2025-05-29 14:15:48,146 autoreload Watching for file changes with StatReloader
INFO 2025-05-29 14:15:51,720 autoreload /Users/user/Desktop/igi/353505_Chuiko_26/IGI/LR5/Agency/estateAgency/admin.py changed, reloading.
INFO 2025-05-29 14:15:52,055 autoreload Watching for file changes with StatReloader
INFO 2025-05-29 14:15:58,329 autoreload /Users/user/Desktop/igi/353505_Chuiko_26/IGI/LR5/Agency/estateAgency/admin.py changed, reloading.
INFO 2025-05-29 14:15:58,586 autoreload Watching for file changes with StatReloader
INFO 2025-05-29 14:16:16,543 autoreload Watching for file changes with StatReloader
INFO 2025-05-29 14:16:19,240 basehttp "GET /admin/estateAgency/client/ HTTP/1.1" 200 19539
INFO 2025-05-29 14:16:19,290 basehttp "GET /admin/jsi18n/ HTTP/1.1" 200 3342
INFO 2025-05-29 14:16:22,780 basehttp "GET /admin/estateAgency/contact/ HTTP/1.1" 200 15086
INFO 2025-05-29 14:16:22,794 basehttp "GET /admin/jsi18n/ HTTP/1.1" 200 3342
INFO 2025-05-29 14:16:24,113 basehttp "GET /admin/estateAgency/contact/add/ HTTP/1.1" 200 18640
INFO 2025-05-29 14:16:24,130 basehttp "GET /admin/jsi18n/ HTTP/1.1" 200 3342
INFO 2025-05-29 14:16:28,505 basehttp "GET /admin/estateAgency/aboutcompany/ HTTP/1.1" 200 17313
INFO 2025-05-29 14:16:28,518 basehttp "GET /admin/jsi18n/ HTTP/1.1" 200 3342
INFO 2025-05-29 14:16:30,448 basehttp "GET /admin/estateAgency/client/ HTTP/1.1" 200 19539
INFO 2025-05-29 14:16:30,463 basehttp "GET /static/admin/css/base.css HTTP/1.1" 304 0
INFO 2025-05-29 14:16:30,463 basehttp "GET /static/admin/css/dark_mode.css HTTP/1.1" 304 0
INFO 2025-05-29 14:16:30,464 basehttp "GET /static/admin/js/theme.js HTTP/1.1" 304 0
INFO 2025-05-29 14:16:30,464 basehttp "GET /static/admin/css/nav_sidebar.css HTTP/1.1" 304 0
INFO 2025-05-29 14:16:30,465 basehttp "GET /static/admin/css/responsive.css HTTP/1.1" 304 0
INFO 2025-05-29 14:16:30,467 basehttp "GET /admin/jsi18n/ HTTP/1.1" 200 3342
INFO 2025-05-29 14:16:30,468 basehttp "GET /static/admin/js/nav_sidebar.js HTTP/1.1" 304 0
INFO 2025-05-29 14:16:33,558 basehttp "GET /admin/estateAgency/companyinfo/ HTTP/1.1" 200 15082
INFO 2025-05-29 14:16:33,576 basehttp "GET /admin/jsi18n/ HTTP/1.1" 200 3342
INFO 2025-05-29 14:16:41,904 basehttp "GET /admin/estateAgency/companyinfo/add/ HTTP/1.1" 200 16206
INFO 2025-05-29 14:16:41,922 basehttp "GET /admin/jsi18n/ HTTP/1.1" 200 3342
INFO 2025-05-29 14:16:46,208 basehttp "GET /admin/estateAgency/aboutcompany/ HTTP/1.1" 200 17313
INFO 2025-05-29 14:16:46,225 basehttp "GET /admin/jsi18n/ HTTP/1.1" 200 3342
INFO 2025-05-29 14:16:48,146 basehttp "GET /admin/estateAgency/companyinfo/ HTTP/1.1" 200 15082
INFO 2025-05-29 14:16:48,160 basehttp "GET /admin/jsi18n/ HTTP/1.1" 200 3342
INFO 2025-05-29 14:16:49,856 basehttp "GET /admin/estateAgency/companyinfo/add/ HTTP/1.1" 200 16206
INFO 2025-05-29 14:16:49,873 basehttp "GET /admin/jsi18n/ HTTP/1.1" 200 3342
INFO 2025-05-29 14:16:54,370 basehttp "GET /admin/estateAgency/aboutcompany/ HTTP/1.1" 200 17313
INFO 2025-05-29 14:16:54,384 basehttp "GET /admin/jsi18n/ HTTP/1.1" 200 3342
INFO 2025-05-29 14:16:55,756 basehttp "GET /admin/estateAgency/deal/ HTTP/1.1" 200 16363
INFO 2025-05-29 14:16:55,773 basehttp "GET /admin/jsi18n/ HTTP/1.1" 200 3342
INFO 2025-05-29 14:16:57,210 basehttp "GET /admin/estateAgency/deal/add/ HTTP/1.1" 200 19285
INFO 2025-05-29 14:16:57,226 basehttp "GET /admin/jsi18n/ HTTP/1.1" 200 3342
INFO 2025-05-29 14:17:00,037 basehttp "GET /admin/estateAgency/property/?_to_field=id&_popup=1 HTTP/1.1" 200 8173
INFO 2025-05-29 14:17:04,985 basehttp "GET /admin/estateAgency/property/?_to_field=id&_popup=1 HTTP/1.1" 200 8173
INFO 2025-05-29 14:18:30,295 basehttp "POST /admin/logout/ HTTP/1.1" 200 3568
INFO 2025-05-29 14:18:31,573 basehttp "GET /admin/ HTTP/1.1" 302 0
INFO 2025-05-29 14:18:31,589 basehttp "GET /admin/login/?next=/admin/ HTTP/1.1" 200 4173
INFO 2025-05-29 14:18:41,798 basehttp "POST /admin/login/?next=/admin/ HTTP/1.1" 302 0
INFO 2025-05-29 14:18:41,806 basehttp "GET /admin/ HTTP/1.1" 200 6710
INFO 2025-05-29 14:18:53,011 basehttp "GET /admin/estateAgency/deal/add/ HTTP/1.1" 200 12371
INFO 2025-05-29 14:18:53,029 basehttp "GET /admin/jsi18n/ HTTP/1.1" 200 3342
INFO 2025-05-29 14:18:55,466 basehttp "GET /crud/reviews/ HTTP/1.1" 200 1453
INFO 2025-05-29 14:18:58,161 basehttp "GET /crud/reviews/add/ HTTP/1.1" 200 2036
INFO 2025-05-29 14:18:59,126 basehttp "GET /crud/reviews/add/ HTTP/1.1" 200 2036
INFO 2025-05-29 14:19:07,478 basehttp "GET / HTTP/1.1" 200 5057
INFO 2025-05-29 14:19:21,899 basehttp "GET /crud/deals/ HTTP/1.1" 200 1463
INFO 2025-05-29 14:19:23,241 basehttp "GET /crud/deals/add/ HTTP/1.1" 200 2674
INFO 2025-05-29 14:19:37,916 basehttp "POST /admin/logout/ HTTP/1.1" 200 3568
INFO 2025-05-29 14:19:38,967 basehttp "GET /admin/ HTTP/1.1" 302 0
INFO 2025-05-29 14:19:38,974 basehttp "GET /admin/login/?next=/admin/ HTTP/1.1" 200 4173
INFO 2025-05-29 14:19:44,265 basehttp "POST /admin/login/?next=/admin/ HTTP/1.1" 302 0
INFO 2025-05-29 14:19:44,275 basehttp "GET /admin/ HTTP/1.1" 200 19769
INFO 2025-05-29 14:19:51,342 basehttp "GET /admin/estateAgency/aboutcompany/add/ HTTP/1.1" 200 17434
INFO 2025-05-29 14:19:51,358 basehttp "GET /admin/jsi18n/ HTTP/1.1" 200 3342
INFO 2025-05-29 14:19:54,101 basehttp "GET /admin/estateAgency/aboutcompany/ HTTP/1.1" 200 17313
INFO 2025-05-29 14:19:54,119 basehttp "GET /admin/jsi18n/ HTTP/1.1" 200 3342
INFO 2025-05-29 14:19:58,727 basehttp "GET /admin/estateAgency/client/ HTTP/1.1" 200 19539
INFO 2025-05-29 14:19:58,743 basehttp "GET /admin/jsi18n/ HTTP/1.1" 200 3342
INFO 2025-05-29 14:20:00,735 basehttp "GET /admin/estateAgency/companyinfo/ HTTP/1.1" 200 15082
INFO 2025-05-29 14:20:00,752 basehttp "GET /admin/jsi18n/ HTTP/1.1" 200 3342
INFO 2025-05-29 14:20:04,680 basehttp "GET /admin/estateAgency/deal/ HTTP/1.1" 200 16363
INFO 2025-05-29 14:20:04,694 basehttp "GET /admin/jsi18n/ HTTP/1.1" 200 3342
INFO 2025-05-29 14:20:06,207 basehttp "GET /admin/estateAgency/deal/add/ HTTP/1.1" 200 19285
INFO 2025-05-29 14:20:06,220 basehttp "GET /admin/jsi18n/ HTTP/1.1" 200 3342
INFO 2025-05-29 14:20:19,846 basehttp "GET /admin/estateAgency/property/?_to_field=id&_popup=1 HTTP/1.1" 200 8173
INFO 2025-05-29 14:20:22,943 basehttp "GET /admin/estateAgency/client/?_to_field=id&_popup=1 HTTP/1.1" 200 8219
INFO 2025-05-29 14:20:26,264 basehttp "GET /admin/estateAgency/employee/?_to_field=id&_popup=1 HTTP/1.1" 200 8023
INFO 2025-05-29 14:20:33,168 basehttp "POST /admin/estateAgency/deal/add/ HTTP/1.1" 302 0
INFO 2025-05-29 14:20:33,183 basehttp "GET /admin/estateAgency/deal/ HTTP/1.1" 200 19119
INFO 2025-05-29 14:20:33,197 basehttp "GET /admin/jsi18n/ HTTP/1.1" 200 3342
INFO 2025-05-29 14:20:48,072 basehttp "GET /admin/estateAgency/employee/ HTTP/1.1" 200 19193
INFO 2025-05-29 14:20:48,085 basehttp "GET /admin/jsi18n/ HTTP/1.1" 200 3342
INFO 2025-05-29 14:20:49,619 basehttp "GET /admin/estateAgency/glossaryentry/ HTTP/1.1" 200 15136
INFO 2025-05-29 14:20:49,638 basehttp "GET /admin/jsi18n/ HTTP/1.1" 200 3342
INFO 2025-05-29 14:20:50,948 basehttp "GET /admin/estateAgency/glossaryentry/add/ HTTP/1.1" 200 16224
INFO 2025-05-29 14:20:50,962 basehttp "GET /admin/jsi18n/ HTTP/1.1" 200 3342
INFO 2025-05-29 14:20:57,542 basehttp "POST /admin/estateAgency/glossaryentry/add/ HTTP/1.1" 302 0
INFO 2025-05-29 14:20:57,558 basehttp "GET /admin/estateAgency/glossaryentry/ HTTP/1.1" 200 17025
INFO 2025-05-29 14:20:57,571 basehttp "GET /admin/jsi18n/ HTTP/1.1" 200 3342
INFO 2025-05-29 14:20:58,423 basehttp "GET /admin/estateAgency/news/ HTTP/1.1" 200 16974
INFO 2025-05-29 14:20:58,438 basehttp "GET /admin/jsi18n/ HTTP/1.1" 200 3342
INFO 2025-05-29 14:21:00,670 basehttp "GET /admin/estateAgency/news/add/ HTTP/1.1" 200 17285
INFO 2025-05-29 14:21:00,687 basehttp "GET /admin/jsi18n/ HTTP/1.1" 200 3342
INFO 2025-05-29 14:21:27,185 basehttp "POST /admin/estateAgency/news/add/ HTTP/1.1" 302 0
INFO 2025-05-29 14:21:27,191 basehttp - Broken pipe from ('127.0.0.1', 63737)
INFO 2025-05-29 14:21:27,202 basehttp "GET /admin/estateAgency/news/ HTTP/1.1" 200 19758
INFO 2025-05-29 14:21:27,221 basehttp "GET /admin/jsi18n/ HTTP/1.1" 200 3342
INFO 2025-05-29 14:21:31,597 basehttp "POST /admin/estateAgency/news/ HTTP/1.1" 302 0
INFO 2025-05-29 14:21:31,617 basehttp "GET /admin/estateAgency/news/ HTTP/1.1" 200 19561
INFO 2025-05-29 14:21:31,633 basehttp "GET /admin/jsi18n/ HTTP/1.1" 200 3342
INFO 2025-05-29 14:22:05,089 basehttp "GET /admin/estateAgency/owner/ HTTP/1.1" 200 16740
INFO 2025-05-29 14:22:05,105 basehttp "GET /admin/jsi18n/ HTTP/1.1" 200 3342
INFO 2025-05-29 14:22:08,747 basehttp "GET /admin/estateAgency/profile/ HTTP/1.1" 200 20112
INFO 2025-05-29 14:22:08,764 basehttp "GET /admin/jsi18n/ HTTP/1.1" 200 3342
INFO 2025-05-29 14:22:12,902 basehttp "GET /admin/estateAgency/promocode/ HTTP/1.1" 200 17185
INFO 2025-05-29 14:22:12,919 basehttp "GET /admin/jsi18n/ HTTP/1.1" 200 3342
INFO 2025-05-29 14:22:15,187 basehttp "GET /admin/estateAgency/promocode/add/ HTTP/1.1" 200 19231
INFO 2025-05-29 14:22:15,203 basehttp "GET /admin/jsi18n/ HTTP/1.1" 200 3342
INFO 2025-05-29 14:22:26,087 basehttp "GET /static/admin/img/calendar-icons.svg HTTP/1.1" 200 2455
INFO 2025-05-29 14:22:28,994 basehttp "POST /admin/estateAgency/promocode/add/ HTTP/1.1" 302 0
INFO 2025-05-29 14:22:29,011 basehttp "GET /admin/estateAgency/promocode/ HTTP/1.1" 200 19854
INFO 2025-05-29 14:22:29,024 basehttp "GET /admin/jsi18n/ HTTP/1.1" 200 3342
INFO 2025-05-29 14:22:30,573 basehttp "GET /admin/estateAgency/propertytype/ HTTP/1.1" 200 17116
INFO 2025-05-29 14:22:30,589 basehttp "GET /admin/jsi18n/ HTTP/1.1" 200 3342
INFO 2025-05-29 14:22:33,581 basehttp "GET /admin/estateAgency/propertytype/add/ HTTP/1.1" 200 16175
INFO 2025-05-29 14:22:33,598 basehttp "GET /admin/jsi18n/ HTTP/1.1" 200 3342
INFO 2025-05-29 14:22:35,318 basehttp "GET /admin/estateAgency/property/ HTTP/1.1" 200 20673
INFO 2025-05-29 14:22:35,335 basehttp "GET /admin/jsi18n/ HTTP/1.1" 200 3342
INFO 2025-05-29 14:22:37,531 basehttp "GET /admin/estateAgency/review/ HTTP/1.1" 200 16691
INFO 2025-05-29 14:22:37,548 basehttp "GET /admin/jsi18n/ HTTP/1.1" 200 3342
INFO 2025-05-29 14:22:38,536 basehttp "GET /admin/estateAgency/review/add/ HTTP/1.1" 200 19766
INFO 2025-05-29 14:22:38,553 basehttp "GET /admin/jsi18n/ HTTP/1.1" 200 3342
INFO 2025-05-29 14:22:42,971 basehttp "GET /admin/auth/user/ HTTP/1.1" 200 20883
INFO 2025-05-29 14:22:42,988 basehttp "GET /admin/jsi18n/ HTTP/1.1" 200 3342
INFO 2025-05-29 14:22:44,552 basehttp "GET /admin/auth/user/6/change/ HTTP/1.1" 200 33603
INFO 2025-05-29 14:22:44,567 basehttp "GET /admin/jsi18n/ HTTP/1.1" 200 3342
INFO 2025-05-29 14:22:52,928 basehttp "GET /admin/estateAgency/vacancy/ HTTP/1.1" 200 15089
INFO 2025-05-29 14:22:52,984 basehttp "GET /admin/jsi18n/ HTTP/1.1" 200 3342
INFO 2025-05-29 14:22:54,163 basehttp "GET /admin/estateAgency/vacancy/add/ HTTP/1.1" 200 16149
INFO 2025-05-29 14:22:54,183 basehttp "GET /admin/jsi18n/ HTTP/1.1" 200 3342
INFO 2025-05-29 14:23:02,230 basehttp "POST /admin/estateAgency/vacancy/add/ HTTP/1.1" 302 0
INFO 2025-05-29 14:23:02,245 basehttp "GET /admin/estateAgency/vacancy/ HTTP/1.1" 200 16963
INFO 2025-05-29 14:23:02,260 basehttp "GET /admin/jsi18n/ HTTP/1.1" 200 3342
INFO 2025-05-29 14:23:03,863 basehttp "GET /admin/estateAgency/contact/ HTTP/1.1" 200 15086
INFO 2025-05-29 14:23:03,880 basehttp "GET /admin/jsi18n/ HTTP/1.1" 200 3342
INFO 2025-05-29 14:23:05,081 basehttp "GET /admin/estateAgency/contact/add/ HTTP/1.1" 200 18640
INFO 2025-05-29 14:23:05,095 basehttp "GET /admin/jsi18n/ HTTP/1.1" 200 3342
INFO 2025-05-29 14:23:36,869 basehttp "POST /admin/estateAgency/contact/add/ HTTP/1.1" 302 0
INFO 2025-05-29 14:23:36,878 basehttp "GET /admin/estateAgency/contact/ HTTP/1.1" 200 17173
INFO 2025-05-29 14:23:36,893 basehttp "GET /admin/jsi18n/ HTTP/1.1" 200 3342
INFO 2025-05-29 14:23:39,745 basehttp "POST /admin/logout/ HTTP/1.1" 200 3568
INFO 2025-05-29 14:23:40,767 basehttp "GET /admin/ HTTP/1.1" 302 0
INFO 2025-05-29 14:23:40,775 basehttp "GET /admin/login/?next=/admin/ HTTP/1.1" 200 4173
INFO 2025-05-29 14:23:40,791 basehttp "GET /static/admin/css/login.css HTTP/1.1" 304 0
INFO 2025-05-29 14:23:52,792 basehttp "POST /admin/login/?next=/admin/ HTTP/1.1" 302 0
INFO 2025-05-29 14:23:52,799 basehttp "GET /admin/ HTTP/1.1" 200 6710
INFO 2025-05-29 14:23:56,417 basehttp "GET /crud/deals/add/ HTTP/1.1" 200 2674
INFO 2025-05-29 14:23:58,160 basehttp "GET /crud/deals/ HTTP/1.1" 200 1849
INFO 2025-05-29 14:24:07,105 basehttp "GET / HTTP/1.1" 200 5681
INFO 2025-05-29 14:24:07,136 basehttp "GET /media/news/4a1a92e830c4ee3cd97b36570f3e21e4.png HTTP/1.1" 200 986185
INFO 2025-05-29 14:25:00,195 basehttp "GET /crud/deals/ HTTP/1.1" 200 1849
INFO 2025-05-29 14:25:13,760 basehttp "GET / HTTP/1.1" 200 5609
INFO 2025-05-29 14:25:13,784 basehttp "GET /media/news/4a1a92e830c4ee3cd97b36570f3e21e4.png HTTP/1.1" 304 0
INFO 2025-05-29 14:25:17,489 basehttp "GET /crud/reviews/ HTTP/1.1" 200 1453
INFO 2025-05-29 14:25:18,812 basehttp "GET /crud/reviews/add/ HTTP/1.1" 200 2036
ERROR 2025-05-29 14:25:31,038 log Internal Server Error: /crud/reviews/add/
Traceback (most recent call last):
  File "/Users/user/Desktop/igi/353505_Chuiko_26/IGI/LR5/Agency/venv/lib/python3.13/site-packages/django/db/backends/utils.py", line 105, in _execute
    return self.cursor.execute(sql, params)
           ~~~~~~~~~~~~~~~~~~~^^^^^^^^^^^^^
  File "/Users/user/Desktop/igi/353505_Chuiko_26/IGI/LR5/Agency/venv/lib/python3.13/site-packages/django/db/backends/sqlite3/base.py", line 360, in execute
    return super().execute(query, params)
           ~~~~~~~~~~~~~~~^^^^^^^^^^^^^^^
sqlite3.IntegrityError: NOT NULL constraint failed: estateAgency_review.client_id

The above exception was the direct cause of the following exception:

Traceback (most recent call last):
  File "/Users/user/Desktop/igi/353505_Chuiko_26/IGI/LR5/Agency/venv/lib/python3.13/site-packages/django/core/handlers/exception.py", line 55, in inner
    response = get_response(request)
  File "/Users/user/Desktop/igi/353505_Chuiko_26/IGI/LR5/Agency/venv/lib/python3.13/site-packages/django/core/handlers/base.py", line 197, in _get_response
    response = wrapped_callback(request, *callback_args, **callback_kwargs)
  File "/Users/user/Desktop/igi/353505_Chuiko_26/IGI/LR5/Agency/venv/lib/python3.13/site-packages/django/views/generic/base.py", line 104, in view
    return self.dispatch(request, *args, **kwargs)
           ~~~~~~~~~~~~~^^^^^^^^^^^^^^^^^^^^^^^^^^
  File "/Users/user/Desktop/igi/353505_Chuiko_26/IGI/LR5/Agency/venv/lib/python3.13/site-packages/django/views/generic/base.py", line 143, in dispatch
    return handler(request, *args, **kwargs)
  File "/Users/user/Desktop/igi/353505_Chuiko_26/IGI/LR5/Agency/venv/lib/python3.13/site-packages/django/views/generic/edit.py", line 182, in post
    return super().post(request, *args, **kwargs)
           ~~~~~~~~~~~~^^^^^^^^^^^^^^^^^^^^^^^^^^
  File "/Users/user/Desktop/igi/353505_Chuiko_26/IGI/LR5/Agency/venv/lib/python3.13/site-packages/django/views/generic/edit.py", line 151, in post
    return self.form_valid(form)
           ~~~~~~~~~~~~~~~^^^^^^
  File "/Users/user/Desktop/igi/353505_Chuiko_26/IGI/LR5/Agency/venv/lib/python3.13/site-packages/django/views/generic/edit.py", line 133, in form_valid
    self.object = form.save()
                  ~~~~~~~~~^^
  File "/Users/user/Desktop/igi/353505_Chuiko_26/IGI/LR5/Agency/venv/lib/python3.13/site-packages/django/forms/models.py", line 554, in save
    self.instance.save()
    ~~~~~~~~~~~~~~~~~~^^
  File "/Users/user/Desktop/igi/353505_Chuiko_26/IGI/LR5/Agency/venv/lib/python3.13/site-packages/django/db/models/base.py", line 902, in save
    self.save_base(
    ~~~~~~~~~~~~~~^
        using=using,
        ^^^^^^^^^^^^
    ...<2 lines>...
        update_fields=update_fields,
        ^^^^^^^^^^^^^^^^^^^^^^^^^^^^
    )
    ^
  File "/Users/user/Desktop/igi/353505_Chuiko_26/IGI/LR5/Agency/venv/lib/python3.13/site-packages/django/db/models/base.py", line 1008, in save_base
    updated = self._save_table(
        raw,
    ...<4 lines>...
        update_fields,
    )
  File "/Users/user/Desktop/igi/353505_Chuiko_26/IGI/LR5/Agency/venv/lib/python3.13/site-packages/django/db/models/base.py", line 1169, in _save_table
    results = self._do_insert(
        cls._base_manager, using, fields, returning_fields, raw
    )
  File "/Users/user/Desktop/igi/353505_Chuiko_26/IGI/LR5/Agency/venv/lib/python3.13/site-packages/django/db/models/base.py", line 1210, in _do_insert
    return manager._insert(
           ~~~~~~~~~~~~~~~^
        [self],
        ^^^^^^^
    ...<3 lines>...
        raw=raw,
        ^^^^^^^^
    )
    ^
  File "/Users/user/Desktop/igi/353505_Chuiko_26/IGI/LR5/Agency/venv/lib/python3.13/site-packages/django/db/models/manager.py", line 87, in manager_method
    return getattr(self.get_queryset(), name)(*args, **kwargs)
           ~~~~~~~~~~~~~~~~~~~~~~~~~~~~~~~~~~^^^^^^^^^^^^^^^^^
  File "/Users/user/Desktop/igi/353505_Chuiko_26/IGI/LR5/Agency/venv/lib/python3.13/site-packages/django/db/models/query.py", line 1864, in _insert
    return query.get_compiler(using=using).execute_sql(returning_fields)
           ~~~~~~~~~~~~~~~~~~~~~~~~~~~~~~~~~~~~~~~~~~~^^^^^^^^^^^^^^^^^^
  File "/Users/user/Desktop/igi/353505_Chuiko_26/IGI/LR5/Agency/venv/lib/python3.13/site-packages/django/db/models/sql/compiler.py", line 1882, in execute_sql
    cursor.execute(sql, params)
    ~~~~~~~~~~~~~~^^^^^^^^^^^^^
  File "/Users/user/Desktop/igi/353505_Chuiko_26/IGI/LR5/Agency/venv/lib/python3.13/site-packages/django/db/backends/utils.py", line 122, in execute
    return super().execute(sql, params)
           ~~~~~~~~~~~~~~~^^^^^^^^^^^^^
  File "/Users/user/Desktop/igi/353505_Chuiko_26/IGI/LR5/Agency/venv/lib/python3.13/site-packages/django/db/backends/utils.py", line 79, in execute
    return self._execute_with_wrappers(
           ~~~~~~~~~~~~~~~~~~~~~~~~~~~^
        sql, params, many=False, executor=self._execute
        ^^^^^^^^^^^^^^^^^^^^^^^^^^^^^^^^^^^^^^^^^^^^^^^
    )
    ^
  File "/Users/user/Desktop/igi/353505_Chuiko_26/IGI/LR5/Agency/venv/lib/python3.13/site-packages/django/db/backends/utils.py", line 92, in _execute_with_wrappers
    return executor(sql, params, many, context)
  File "/Users/user/Desktop/igi/353505_Chuiko_26/IGI/LR5/Agency/venv/lib/python3.13/site-packages/django/db/backends/utils.py", line 100, in _execute
    with self.db.wrap_database_errors:
         ^^^^^^^^^^^^^^^^^^^^^^^^^^^^
  File "/Users/user/Desktop/igi/353505_Chuiko_26/IGI/LR5/Agency/venv/lib/python3.13/site-packages/django/db/utils.py", line 91, in __exit__
    raise dj_exc_value.with_traceback(traceback) from exc_value
  File "/Users/user/Desktop/igi/353505_Chuiko_26/IGI/LR5/Agency/venv/lib/python3.13/site-packages/django/db/backends/utils.py", line 105, in _execute
    return self.cursor.execute(sql, params)
           ~~~~~~~~~~~~~~~~~~~^^^^^^^^^^^^^
  File "/Users/user/Desktop/igi/353505_Chuiko_26/IGI/LR5/Agency/venv/lib/python3.13/site-packages/django/db/backends/sqlite3/base.py", line 360, in execute
    return super().execute(query, params)
           ~~~~~~~~~~~~~~~^^^^^^^^^^^^^^^
django.db.utils.IntegrityError: NOT NULL constraint failed: estateAgency_review.client_id
ERROR 2025-05-29 14:25:31,041 basehttp "POST /crud/reviews/add/ HTTP/1.1" 500 171887
INFO 2025-05-29 14:25:38,269 basehttp "GET /admin/estateAgency/review/add/ HTTP/1.1" 200 11033
INFO 2025-05-29 14:25:38,286 basehttp "GET /admin/jsi18n/ HTTP/1.1" 200 3342
ERROR 2025-05-29 14:26:09,952 log Internal Server Error: /crud/reviews/add/
Traceback (most recent call last):
  File "/Users/user/Desktop/igi/353505_Chuiko_26/IGI/LR5/Agency/venv/lib/python3.13/site-packages/django/db/backends/utils.py", line 105, in _execute
    return self.cursor.execute(sql, params)
           ~~~~~~~~~~~~~~~~~~~^^^^^^^^^^^^^
  File "/Users/user/Desktop/igi/353505_Chuiko_26/IGI/LR5/Agency/venv/lib/python3.13/site-packages/django/db/backends/sqlite3/base.py", line 360, in execute
    return super().execute(query, params)
           ~~~~~~~~~~~~~~~^^^^^^^^^^^^^^^
sqlite3.IntegrityError: NOT NULL constraint failed: estateAgency_review.client_id

The above exception was the direct cause of the following exception:

Traceback (most recent call last):
  File "/Users/user/Desktop/igi/353505_Chuiko_26/IGI/LR5/Agency/venv/lib/python3.13/site-packages/django/core/handlers/exception.py", line 55, in inner
    response = get_response(request)
  File "/Users/user/Desktop/igi/353505_Chuiko_26/IGI/LR5/Agency/venv/lib/python3.13/site-packages/django/core/handlers/base.py", line 197, in _get_response
    response = wrapped_callback(request, *callback_args, **callback_kwargs)
  File "/Users/user/Desktop/igi/353505_Chuiko_26/IGI/LR5/Agency/venv/lib/python3.13/site-packages/django/views/generic/base.py", line 104, in view
    return self.dispatch(request, *args, **kwargs)
           ~~~~~~~~~~~~~^^^^^^^^^^^^^^^^^^^^^^^^^^
  File "/Users/user/Desktop/igi/353505_Chuiko_26/IGI/LR5/Agency/venv/lib/python3.13/site-packages/django/views/generic/base.py", line 143, in dispatch
    return handler(request, *args, **kwargs)
  File "/Users/user/Desktop/igi/353505_Chuiko_26/IGI/LR5/Agency/venv/lib/python3.13/site-packages/django/views/generic/edit.py", line 182, in post
    return super().post(request, *args, **kwargs)
           ~~~~~~~~~~~~^^^^^^^^^^^^^^^^^^^^^^^^^^
  File "/Users/user/Desktop/igi/353505_Chuiko_26/IGI/LR5/Agency/venv/lib/python3.13/site-packages/django/views/generic/edit.py", line 151, in post
    return self.form_valid(form)
           ~~~~~~~~~~~~~~~^^^^^^
  File "/Users/user/Desktop/igi/353505_Chuiko_26/IGI/LR5/Agency/venv/lib/python3.13/site-packages/django/views/generic/edit.py", line 133, in form_valid
    self.object = form.save()
                  ~~~~~~~~~^^
  File "/Users/user/Desktop/igi/353505_Chuiko_26/IGI/LR5/Agency/venv/lib/python3.13/site-packages/django/forms/models.py", line 554, in save
    self.instance.save()
    ~~~~~~~~~~~~~~~~~~^^
  File "/Users/user/Desktop/igi/353505_Chuiko_26/IGI/LR5/Agency/venv/lib/python3.13/site-packages/django/db/models/base.py", line 902, in save
    self.save_base(
    ~~~~~~~~~~~~~~^
        using=using,
        ^^^^^^^^^^^^
    ...<2 lines>...
        update_fields=update_fields,
        ^^^^^^^^^^^^^^^^^^^^^^^^^^^^
    )
    ^
  File "/Users/user/Desktop/igi/353505_Chuiko_26/IGI/LR5/Agency/venv/lib/python3.13/site-packages/django/db/models/base.py", line 1008, in save_base
    updated = self._save_table(
        raw,
    ...<4 lines>...
        update_fields,
    )
  File "/Users/user/Desktop/igi/353505_Chuiko_26/IGI/LR5/Agency/venv/lib/python3.13/site-packages/django/db/models/base.py", line 1169, in _save_table
    results = self._do_insert(
        cls._base_manager, using, fields, returning_fields, raw
    )
  File "/Users/user/Desktop/igi/353505_Chuiko_26/IGI/LR5/Agency/venv/lib/python3.13/site-packages/django/db/models/base.py", line 1210, in _do_insert
    return manager._insert(
           ~~~~~~~~~~~~~~~^
        [self],
        ^^^^^^^
    ...<3 lines>...
        raw=raw,
        ^^^^^^^^
    )
    ^
  File "/Users/user/Desktop/igi/353505_Chuiko_26/IGI/LR5/Agency/venv/lib/python3.13/site-packages/django/db/models/manager.py", line 87, in manager_method
    return getattr(self.get_queryset(), name)(*args, **kwargs)
           ~~~~~~~~~~~~~~~~~~~~~~~~~~~~~~~~~~^^^^^^^^^^^^^^^^^
  File "/Users/user/Desktop/igi/353505_Chuiko_26/IGI/LR5/Agency/venv/lib/python3.13/site-packages/django/db/models/query.py", line 1864, in _insert
    return query.get_compiler(using=using).execute_sql(returning_fields)
           ~~~~~~~~~~~~~~~~~~~~~~~~~~~~~~~~~~~~~~~~~~~^^^^^^^^^^^^^^^^^^
  File "/Users/user/Desktop/igi/353505_Chuiko_26/IGI/LR5/Agency/venv/lib/python3.13/site-packages/django/db/models/sql/compiler.py", line 1882, in execute_sql
    cursor.execute(sql, params)
    ~~~~~~~~~~~~~~^^^^^^^^^^^^^
  File "/Users/user/Desktop/igi/353505_Chuiko_26/IGI/LR5/Agency/venv/lib/python3.13/site-packages/django/db/backends/utils.py", line 122, in execute
    return super().execute(sql, params)
           ~~~~~~~~~~~~~~~^^^^^^^^^^^^^
  File "/Users/user/Desktop/igi/353505_Chuiko_26/IGI/LR5/Agency/venv/lib/python3.13/site-packages/django/db/backends/utils.py", line 79, in execute
    return self._execute_with_wrappers(
           ~~~~~~~~~~~~~~~~~~~~~~~~~~~^
        sql, params, many=False, executor=self._execute
        ^^^^^^^^^^^^^^^^^^^^^^^^^^^^^^^^^^^^^^^^^^^^^^^
    )
    ^
  File "/Users/user/Desktop/igi/353505_Chuiko_26/IGI/LR5/Agency/venv/lib/python3.13/site-packages/django/db/backends/utils.py", line 92, in _execute_with_wrappers
    return executor(sql, params, many, context)
  File "/Users/user/Desktop/igi/353505_Chuiko_26/IGI/LR5/Agency/venv/lib/python3.13/site-packages/django/db/backends/utils.py", line 100, in _execute
    with self.db.wrap_database_errors:
         ^^^^^^^^^^^^^^^^^^^^^^^^^^^^
  File "/Users/user/Desktop/igi/353505_Chuiko_26/IGI/LR5/Agency/venv/lib/python3.13/site-packages/django/db/utils.py", line 91, in __exit__
    raise dj_exc_value.with_traceback(traceback) from exc_value
  File "/Users/user/Desktop/igi/353505_Chuiko_26/IGI/LR5/Agency/venv/lib/python3.13/site-packages/django/db/backends/utils.py", line 105, in _execute
    return self.cursor.execute(sql, params)
           ~~~~~~~~~~~~~~~~~~~^^^^^^^^^^^^^
  File "/Users/user/Desktop/igi/353505_Chuiko_26/IGI/LR5/Agency/venv/lib/python3.13/site-packages/django/db/backends/sqlite3/base.py", line 360, in execute
    return super().execute(query, params)
           ~~~~~~~~~~~~~~~^^^^^^^^^^^^^^^
django.db.utils.IntegrityError: NOT NULL constraint failed: estateAgency_review.client_id
ERROR 2025-05-29 14:26:09,955 basehttp "POST /crud/reviews/add/ HTTP/1.1" 500 171887
INFO 2025-05-29 14:27:55,184 autoreload /Users/user/Desktop/igi/353505_Chuiko_26/IGI/LR5/Agency/estateAgency/forms.py changed, reloading.
INFO 2025-05-29 14:27:55,609 autoreload Watching for file changes with StatReloader
INFO 2025-05-29 14:28:04,201 autoreload /Users/user/Desktop/igi/353505_Chuiko_26/IGI/LR5/Agency/estateAgency/forms.py changed, reloading.
INFO 2025-05-29 14:28:04,518 autoreload Watching for file changes with StatReloader
INFO 2025-05-29 14:28:06,744 autoreload /Users/user/Desktop/igi/353505_Chuiko_26/IGI/LR5/Agency/estateAgency/forms.py changed, reloading.
INFO 2025-05-29 14:28:06,938 autoreload Watching for file changes with StatReloader
INFO 2025-05-29 14:28:28,675 autoreload /Users/user/Desktop/igi/353505_Chuiko_26/IGI/LR5/Agency/estateAgency/crud_views.py changed, reloading.
INFO 2025-05-29 14:28:28,997 autoreload Watching for file changes with StatReloader
INFO 2025-05-29 14:28:31,117 autoreload /Users/user/Desktop/igi/353505_Chuiko_26/IGI/LR5/Agency/estateAgency/crud_views.py changed, reloading.
INFO 2025-05-29 14:28:31,317 autoreload Watching for file changes with StatReloader
INFO 2025-05-29 14:28:33,757 autoreload /Users/user/Desktop/igi/353505_Chuiko_26/IGI/LR5/Agency/estateAgency/crud_views.py changed, reloading.
INFO 2025-05-29 14:28:33,975 autoreload Watching for file changes with StatReloader
INFO 2025-05-29 14:28:38,344 autoreload /Users/user/Desktop/igi/353505_Chuiko_26/IGI/LR5/Agency/estateAgency/crud_views.py changed, reloading.
INFO 2025-05-29 14:28:38,571 autoreload Watching for file changes with StatReloader
INFO 2025-05-29 14:28:52,120 autoreload /Users/user/Desktop/igi/353505_Chuiko_26/IGI/LR5/Agency/estateAgency/crud_views.py changed, reloading.
INFO 2025-05-29 14:28:52,425 autoreload Watching for file changes with StatReloader
INFO 2025-05-29 14:28:57,399 basehttp "GET /crud/reviews/add/ HTTP/1.1" 200 1982
INFO 2025-05-29 14:29:12,200 autoreload /Users/user/Desktop/igi/353505_Chuiko_26/IGI/LR5/Agency/estateAgency/forms.py changed, reloading.
INFO 2025-05-29 14:29:12,544 autoreload Watching for file changes with StatReloader
INFO 2025-05-29 14:29:15,773 autoreload /Users/user/Desktop/igi/353505_Chuiko_26/IGI/LR5/Agency/estateAgency/forms.py changed, reloading.
INFO 2025-05-29 14:29:15,995 autoreload Watching for file changes with StatReloader
INFO 2025-05-29 14:29:17,076 basehttp "GET /crud/reviews/add/ HTTP/1.1" 200 2036
ERROR 2025-05-29 14:29:24,521 log Internal Server Error: /crud/reviews/add/
Traceback (most recent call last):
  File "/Users/user/Desktop/igi/353505_Chuiko_26/IGI/LR5/Agency/venv/lib/python3.13/site-packages/django/core/handlers/exception.py", line 55, in inner
    response = get_response(request)
  File "/Users/user/Desktop/igi/353505_Chuiko_26/IGI/LR5/Agency/venv/lib/python3.13/site-packages/django/core/handlers/base.py", line 197, in _get_response
    response = wrapped_callback(request, *callback_args, **callback_kwargs)
  File "/Users/user/Desktop/igi/353505_Chuiko_26/IGI/LR5/Agency/venv/lib/python3.13/site-packages/django/views/generic/base.py", line 104, in view
    return self.dispatch(request, *args, **kwargs)
           ~~~~~~~~~~~~~^^^^^^^^^^^^^^^^^^^^^^^^^^
  File "/Users/user/Desktop/igi/353505_Chuiko_26/IGI/LR5/Agency/venv/lib/python3.13/site-packages/django/views/generic/base.py", line 143, in dispatch
    return handler(request, *args, **kwargs)
  File "/Users/user/Desktop/igi/353505_Chuiko_26/IGI/LR5/Agency/venv/lib/python3.13/site-packages/django/views/generic/edit.py", line 182, in post
    return super().post(request, *args, **kwargs)
           ~~~~~~~~~~~~^^^^^^^^^^^^^^^^^^^^^^^^^^
  File "/Users/user/Desktop/igi/353505_Chuiko_26/IGI/LR5/Agency/venv/lib/python3.13/site-packages/django/views/generic/edit.py", line 151, in post
    return self.form_valid(form)
           ~~~~~~~~~~~~~~~^^^^^^
  File "/Users/user/Desktop/igi/353505_Chuiko_26/IGI/LR5/Agency/estateAgency/crud_views.py", line 207, in form_valid
    return super().form_valid(form)
           ~~~~~~~~~~~~~~~~~~^^^^^^
  File "/Users/user/Desktop/igi/353505_Chuiko_26/IGI/LR5/Agency/venv/lib/python3.13/site-packages/django/views/generic/edit.py", line 134, in form_valid
    return super().form_valid(form)
           ~~~~~~~~~~~~~~~~~~^^^^^^
  File "/Users/user/Desktop/igi/353505_Chuiko_26/IGI/LR5/Agency/venv/lib/python3.13/site-packages/django/views/generic/edit.py", line 63, in form_valid
    return HttpResponseRedirect(self.get_success_url())
                                ~~~~~~~~~~~~~~~~~~~~^^
  File "/Users/user/Desktop/igi/353505_Chuiko_26/IGI/LR5/Agency/venv/lib/python3.13/site-packages/django/views/generic/edit.py", line 119, in get_success_url
    if self.success_url:
       ^^^^^^^^^^^^^^^^
  File "/Users/user/Desktop/igi/353505_Chuiko_26/IGI/LR5/Agency/venv/lib/python3.13/site-packages/django/utils/functional.py", line 187, in __wrapper__
    result = func(*self._args, **self._kw)
  File "/Users/user/Desktop/igi/353505_Chuiko_26/IGI/LR5/Agency/venv/lib/python3.13/site-packages/django/urls/base.py", line 98, in reverse
    resolved_url = resolver._reverse_with_prefix(view, prefix, *args, **kwargs)
  File "/Users/user/Desktop/igi/353505_Chuiko_26/IGI/LR5/Agency/venv/lib/python3.13/site-packages/django/urls/resolvers.py", line 831, in _reverse_with_prefix
    raise NoReverseMatch(msg)
django.urls.exceptions.NoReverseMatch: Reverse for 'review_list' not found. 'review_list' is not a valid view function or pattern name.
ERROR 2025-05-29 14:29:24,523 basehttp "POST /crud/reviews/add/ HTTP/1.1" 500 112559
INFO 2025-05-29 14:31:15,571 autoreload /Users/user/Desktop/igi/353505_Chuiko_26/IGI/LR5/Agency/estateAgency/crud_views.py changed, reloading.
INFO 2025-05-29 14:31:15,940 autoreload Watching for file changes with StatReloader
INFO 2025-05-29 14:31:17,572 autoreload /Users/user/Desktop/igi/353505_Chuiko_26/IGI/LR5/Agency/estateAgency/crud_views.py changed, reloading.
INFO 2025-05-29 14:31:17,806 autoreload Watching for file changes with StatReloader
ERROR 2025-05-29 14:31:21,433 log Internal Server Error: /crud/reviews/add/
Traceback (most recent call last):
  File "/Users/user/Desktop/igi/353505_Chuiko_26/IGI/LR5/Agency/venv/lib/python3.13/site-packages/django/db/backends/utils.py", line 105, in _execute
    return self.cursor.execute(sql, params)
           ~~~~~~~~~~~~~~~~~~~^^^^^^^^^^^^^
  File "/Users/user/Desktop/igi/353505_Chuiko_26/IGI/LR5/Agency/venv/lib/python3.13/site-packages/django/db/backends/sqlite3/base.py", line 360, in execute
    return super().execute(query, params)
           ~~~~~~~~~~~~~~~^^^^^^^^^^^^^^^
sqlite3.IntegrityError: UNIQUE constraint failed: estateAgency_review.client_id, estateAgency_review.agent_id

The above exception was the direct cause of the following exception:

Traceback (most recent call last):
  File "/Users/user/Desktop/igi/353505_Chuiko_26/IGI/LR5/Agency/venv/lib/python3.13/site-packages/django/core/handlers/exception.py", line 55, in inner
    response = get_response(request)
  File "/Users/user/Desktop/igi/353505_Chuiko_26/IGI/LR5/Agency/venv/lib/python3.13/site-packages/django/core/handlers/base.py", line 197, in _get_response
    response = wrapped_callback(request, *callback_args, **callback_kwargs)
  File "/Users/user/Desktop/igi/353505_Chuiko_26/IGI/LR5/Agency/venv/lib/python3.13/site-packages/django/views/generic/base.py", line 104, in view
    return self.dispatch(request, *args, **kwargs)
           ~~~~~~~~~~~~~^^^^^^^^^^^^^^^^^^^^^^^^^^
  File "/Users/user/Desktop/igi/353505_Chuiko_26/IGI/LR5/Agency/venv/lib/python3.13/site-packages/django/views/generic/base.py", line 143, in dispatch
    return handler(request, *args, **kwargs)
  File "/Users/user/Desktop/igi/353505_Chuiko_26/IGI/LR5/Agency/venv/lib/python3.13/site-packages/django/views/generic/edit.py", line 182, in post
    return super().post(request, *args, **kwargs)
           ~~~~~~~~~~~~^^^^^^^^^^^^^^^^^^^^^^^^^^
  File "/Users/user/Desktop/igi/353505_Chuiko_26/IGI/LR5/Agency/venv/lib/python3.13/site-packages/django/views/generic/edit.py", line 151, in post
    return self.form_valid(form)
           ~~~~~~~~~~~~~~~^^^^^^
  File "/Users/user/Desktop/igi/353505_Chuiko_26/IGI/LR5/Agency/estateAgency/crud_views.py", line 207, in form_valid
    return super().form_valid(form)
           ~~~~~~~~~~~~~~~~~~^^^^^^
  File "/Users/user/Desktop/igi/353505_Chuiko_26/IGI/LR5/Agency/venv/lib/python3.13/site-packages/django/views/generic/edit.py", line 133, in form_valid
    self.object = form.save()
                  ~~~~~~~~~^^
  File "/Users/user/Desktop/igi/353505_Chuiko_26/IGI/LR5/Agency/venv/lib/python3.13/site-packages/django/forms/models.py", line 554, in save
    self.instance.save()
    ~~~~~~~~~~~~~~~~~~^^
  File "/Users/user/Desktop/igi/353505_Chuiko_26/IGI/LR5/Agency/venv/lib/python3.13/site-packages/django/db/models/base.py", line 902, in save
    self.save_base(
    ~~~~~~~~~~~~~~^
        using=using,
        ^^^^^^^^^^^^
    ...<2 lines>...
        update_fields=update_fields,
        ^^^^^^^^^^^^^^^^^^^^^^^^^^^^
    )
    ^
  File "/Users/user/Desktop/igi/353505_Chuiko_26/IGI/LR5/Agency/venv/lib/python3.13/site-packages/django/db/models/base.py", line 1008, in save_base
    updated = self._save_table(
        raw,
    ...<4 lines>...
        update_fields,
    )
  File "/Users/user/Desktop/igi/353505_Chuiko_26/IGI/LR5/Agency/venv/lib/python3.13/site-packages/django/db/models/base.py", line 1169, in _save_table
    results = self._do_insert(
        cls._base_manager, using, fields, returning_fields, raw
    )
  File "/Users/user/Desktop/igi/353505_Chuiko_26/IGI/LR5/Agency/venv/lib/python3.13/site-packages/django/db/models/base.py", line 1210, in _do_insert
    return manager._insert(
           ~~~~~~~~~~~~~~~^
        [self],
        ^^^^^^^
    ...<3 lines>...
        raw=raw,
        ^^^^^^^^
    )
    ^
  File "/Users/user/Desktop/igi/353505_Chuiko_26/IGI/LR5/Agency/venv/lib/python3.13/site-packages/django/db/models/manager.py", line 87, in manager_method
    return getattr(self.get_queryset(), name)(*args, **kwargs)
           ~~~~~~~~~~~~~~~~~~~~~~~~~~~~~~~~~~^^^^^^^^^^^^^^^^^
  File "/Users/user/Desktop/igi/353505_Chuiko_26/IGI/LR5/Agency/venv/lib/python3.13/site-packages/django/db/models/query.py", line 1864, in _insert
    return query.get_compiler(using=using).execute_sql(returning_fields)
           ~~~~~~~~~~~~~~~~~~~~~~~~~~~~~~~~~~~~~~~~~~~^^^^^^^^^^^^^^^^^^
  File "/Users/user/Desktop/igi/353505_Chuiko_26/IGI/LR5/Agency/venv/lib/python3.13/site-packages/django/db/models/sql/compiler.py", line 1882, in execute_sql
    cursor.execute(sql, params)
    ~~~~~~~~~~~~~~^^^^^^^^^^^^^
  File "/Users/user/Desktop/igi/353505_Chuiko_26/IGI/LR5/Agency/venv/lib/python3.13/site-packages/django/db/backends/utils.py", line 122, in execute
    return super().execute(sql, params)
           ~~~~~~~~~~~~~~~^^^^^^^^^^^^^
  File "/Users/user/Desktop/igi/353505_Chuiko_26/IGI/LR5/Agency/venv/lib/python3.13/site-packages/django/db/backends/utils.py", line 79, in execute
    return self._execute_with_wrappers(
           ~~~~~~~~~~~~~~~~~~~~~~~~~~~^
        sql, params, many=False, executor=self._execute
        ^^^^^^^^^^^^^^^^^^^^^^^^^^^^^^^^^^^^^^^^^^^^^^^
    )
    ^
  File "/Users/user/Desktop/igi/353505_Chuiko_26/IGI/LR5/Agency/venv/lib/python3.13/site-packages/django/db/backends/utils.py", line 92, in _execute_with_wrappers
    return executor(sql, params, many, context)
  File "/Users/user/Desktop/igi/353505_Chuiko_26/IGI/LR5/Agency/venv/lib/python3.13/site-packages/django/db/backends/utils.py", line 100, in _execute
    with self.db.wrap_database_errors:
         ^^^^^^^^^^^^^^^^^^^^^^^^^^^^
  File "/Users/user/Desktop/igi/353505_Chuiko_26/IGI/LR5/Agency/venv/lib/python3.13/site-packages/django/db/utils.py", line 91, in __exit__
    raise dj_exc_value.with_traceback(traceback) from exc_value
  File "/Users/user/Desktop/igi/353505_Chuiko_26/IGI/LR5/Agency/venv/lib/python3.13/site-packages/django/db/backends/utils.py", line 105, in _execute
    return self.cursor.execute(sql, params)
           ~~~~~~~~~~~~~~~~~~~^^^^^^^^^^^^^
  File "/Users/user/Desktop/igi/353505_Chuiko_26/IGI/LR5/Agency/venv/lib/python3.13/site-packages/django/db/backends/sqlite3/base.py", line 360, in execute
    return super().execute(query, params)
           ~~~~~~~~~~~~~~~^^^^^^^^^^^^^^^
django.db.utils.IntegrityError: UNIQUE constraint failed: estateAgency_review.client_id, estateAgency_review.agent_id
ERROR 2025-05-29 14:31:21,439 basehttp "POST /crud/reviews/add/ HTTP/1.1" 500 176238
INFO 2025-05-29 14:32:17,154 autoreload /Users/user/Desktop/igi/353505_Chuiko_26/IGI/LR5/Agency/estateAgency/forms.py changed, reloading.
INFO 2025-05-29 14:32:17,527 autoreload Watching for file changes with StatReloader
INFO 2025-05-29 14:32:18,740 autoreload /Users/user/Desktop/igi/353505_Chuiko_26/IGI/LR5/Agency/estateAgency/forms.py changed, reloading.
INFO 2025-05-29 14:32:18,921 autoreload Watching for file changes with StatReloader
INFO 2025-05-29 14:32:49,886 autoreload /Users/user/Desktop/igi/353505_Chuiko_26/IGI/LR5/Agency/estateAgency/crud_views.py changed, reloading.
INFO 2025-05-29 14:32:50,237 autoreload Watching for file changes with StatReloader
INFO 2025-05-29 14:32:53,359 autoreload /Users/user/Desktop/igi/353505_Chuiko_26/IGI/LR5/Agency/estateAgency/crud_views.py changed, reloading.
INFO 2025-05-29 14:32:53,559 autoreload Watching for file changes with StatReloader
INFO 2025-05-29 14:33:32,599 basehttp "GET /crud/reviews/add/ HTTP/1.1" 200 1982
INFO 2025-05-29 14:33:42,009 autoreload /Users/user/Desktop/igi/353505_Chuiko_26/IGI/LR5/Agency/estateAgency/crud_views.py changed, reloading.
INFO 2025-05-29 14:33:42,411 autoreload Watching for file changes with StatReloader
INFO 2025-05-29 14:33:43,846 autoreload /Users/user/Desktop/igi/353505_Chuiko_26/IGI/LR5/Agency/estateAgency/crud_views.py changed, reloading.
INFO 2025-05-29 14:33:44,057 autoreload Watching for file changes with StatReloader
INFO 2025-05-29 14:33:45,770 autoreload /Users/user/Desktop/igi/353505_Chuiko_26/IGI/LR5/Agency/estateAgency/crud_views.py changed, reloading.
INFO 2025-05-29 14:33:45,971 autoreload Watching for file changes with StatReloader
INFO 2025-05-29 14:33:51,109 autoreload /Users/user/Desktop/igi/353505_Chuiko_26/IGI/LR5/Agency/estateAgency/crud_views.py changed, reloading.
INFO 2025-05-29 14:33:51,323 autoreload Watching for file changes with StatReloader
INFO 2025-05-29 14:33:53,019 autoreload /Users/user/Desktop/igi/353505_Chuiko_26/IGI/LR5/Agency/estateAgency/forms.py changed, reloading.
INFO 2025-05-29 14:33:53,229 autoreload Watching for file changes with StatReloader
INFO 2025-05-29 14:33:54,456 basehttp "GET /crud/reviews/add/ HTTP/1.1" 200 2036
INFO 2025-05-29 14:34:06,859 basehttp "POST /crud/reviews/add/ HTTP/1.1" 200 2217
INFO 2025-05-29 14:34:09,972 basehttp "GET /crud/reviews/ HTTP/1.1" 200 1743
INFO 2025-05-29 14:34:11,572 basehttp "GET /crud/reviews/add/ HTTP/1.1" 200 2036
INFO 2025-05-29 14:34:17,789 basehttp "POST /crud/reviews/add/ HTTP/1.1" 200 2218
INFO 2025-05-29 14:34:20,236 basehttp "GET /crud/reviews/ HTTP/1.1" 200 1743
INFO 2025-05-29 14:34:25,903 basehttp "GET /promo-codes/ HTTP/1.1" 200 1297
INFO 2025-05-29 14:34:26,301 basehttp "GET /news/ HTTP/1.1" 200 3324
INFO 2025-05-29 14:34:26,317 basehttp "GET /media/news/4a1a92e830c4ee3cd97b36570f3e21e4.png HTTP/1.1" 304 0
INFO 2025-05-29 14:34:26,325 basehttp "GET /media/news/4a1a92e830c4ee3cd97b36570f3e21e4_f0tRm73.png HTTP/1.1" 200 986185
INFO 2025-05-29 14:34:39,424 basehttp "GET /crud/deals/ HTTP/1.1" 200 1849
INFO 2025-05-29 14:34:40,236 basehttp "GET / HTTP/1.1" 200 5663
INFO 2025-05-29 14:34:40,237 basehttp - Broken pipe from ('127.0.0.1', 63997)
INFO 2025-05-29 14:35:56,510 basehttp "GET /contacts/ HTTP/1.1" 200 1336
INFO 2025-05-29 14:35:58,954 basehttp "GET /news/ HTTP/1.1" 200 3324
INFO 2025-05-29 14:35:58,971 basehttp "GET /media/news/4a1a92e830c4ee3cd97b36570f3e21e4.png HTTP/1.1" 304 0
INFO 2025-05-29 14:35:58,972 basehttp "GET /media/news/4a1a92e830c4ee3cd97b36570f3e21e4_f0tRm73.png HTTP/1.1" 304 0
INFO 2025-05-29 14:36:00,313 basehttp "GET /contacts/ HTTP/1.1" 200 1336
INFO 2025-05-29 14:36:02,332 basehttp "POST /admin/logout/ HTTP/1.1" 200 3568
INFO 2025-05-29 14:36:03,542 basehttp "GET /admin/ HTTP/1.1" 302 0
INFO 2025-05-29 14:36:03,555 basehttp "GET /admin/login/?next=/admin/ HTTP/1.1" 200 4173
INFO 2025-05-29 14:36:08,448 basehttp "POST /admin/login/?next=/admin/ HTTP/1.1" 302 0
INFO 2025-05-29 14:36:08,459 basehttp "GET /admin/ HTTP/1.1" 200 19866
INFO 2025-05-29 14:36:14,629 basehttp "GET /admin/estateAgency/contact/ HTTP/1.1" 200 16948
INFO 2025-05-29 14:36:14,651 basehttp "GET /admin/jsi18n/ HTTP/1.1" 200 3342
INFO 2025-05-29 14:36:15,714 basehttp "GET /admin/estateAgency/contact/1/change/ HTTP/1.1" 200 18967
INFO 2025-05-29 14:36:15,729 basehttp "GET /admin/jsi18n/ HTTP/1.1" 200 3342
INFO 2025-05-29 14:38:25,980 autoreload /Users/user/Desktop/igi/353505_Chuiko_26/IGI/LR5/Agency/estateAgency/views.py changed, reloading.
INFO 2025-05-29 14:38:26,399 autoreload Watching for file changes with StatReloader
INFO 2025-05-29 14:38:39,191 autoreload /Users/user/Desktop/igi/353505_Chuiko_26/IGI/LR5/Agency/estateAgency/views.py changed, reloading.
INFO 2025-05-29 14:38:39,496 autoreload Watching for file changes with StatReloader
INFO 2025-05-29 14:38:50,038 autoreload /Users/user/Desktop/igi/353505_Chuiko_26/IGI/LR5/Agency/estateAgency/views.py changed, reloading.
INFO 2025-05-29 14:38:50,357 autoreload Watching for file changes with StatReloader
INFO 2025-05-29 14:38:53,784 autoreload /Users/user/Desktop/igi/353505_Chuiko_26/IGI/LR5/Agency/estateAgency/views.py changed, reloading.
INFO 2025-05-29 14:38:54,016 autoreload Watching for file changes with StatReloader
INFO 2025-05-29 14:38:56,082 autoreload /Users/user/Desktop/igi/353505_Chuiko_26/IGI/LR5/Agency/estateAgency/views.py changed, reloading.
INFO 2025-05-29 14:38:56,273 autoreload Watching for file changes with StatReloader
INFO 2025-05-29 14:38:57,326 autoreload /Users/user/Desktop/igi/353505_Chuiko_26/IGI/LR5/Agency/estateAgency/views.py changed, reloading.
INFO 2025-05-29 14:38:57,505 autoreload Watching for file changes with StatReloader
INFO 2025-05-29 14:39:04,013 autoreload /Users/user/Desktop/igi/353505_Chuiko_26/IGI/LR5/Agency/estateAgency/views.py changed, reloading.
INFO 2025-05-29 14:39:04,252 autoreload Watching for file changes with StatReloader
INFO 2025-05-29 14:39:34,132 autoreload /Users/user/Desktop/igi/353505_Chuiko_26/IGI/LR5/Agency/estateAgency/urls.py changed, reloading.
INFO 2025-05-29 14:39:34,477 autoreload Watching for file changes with StatReloader
INFO 2025-05-29 14:39:38,487 basehttp "GET /crud/properties/ HTTP/1.1" 200 2022
INFO 2025-05-29 14:39:39,840 basehttp "GET /crud/properties/ HTTP/1.1" 200 2022
INFO 2025-05-29 14:39:40,970 basehttp "GET /crud/properties/add/ HTTP/1.1" 200 4279
INFO 2025-05-29 14:40:26,104 basehttp "POST /crud/properties/add/ HTTP/1.1" 302 0
INFO 2025-05-29 14:40:26,113 basehttp "GET /crud/properties/ HTTP/1.1" 200 2174
INFO 2025-05-29 14:40:31,382 basehttp "GET /crud/properties/ HTTP/1.1" 200 2022
INFO 2025-05-29 14:40:38,294 basehttp "GET /admin/estateAgency/property/ HTTP/1.1" 200 21548
INFO 2025-05-29 14:40:38,311 basehttp "GET /admin/jsi18n/ HTTP/1.1" 200 3342
INFO 2025-05-29 14:41:03,069 basehttp "GET /crud/properties/ HTTP/1.1" 200 2022
INFO 2025-05-29 14:41:03,840 basehttp "GET /crud/properties/ HTTP/1.1" 200 2022
INFO 2025-05-29 14:41:22,302 basehttp "GET /crud/properties/ HTTP/1.1" 200 4654
ERROR 2025-05-29 14:43:10,206 log Internal Server Error: /crud/properties/
Traceback (most recent call last):
  File "/Users/user/Desktop/igi/353505_Chuiko_26/IGI/LR5/Agency/venv/lib/python3.13/site-packages/django/core/handlers/exception.py", line 55, in inner
    response = get_response(request)
  File "/Users/user/Desktop/igi/353505_Chuiko_26/IGI/LR5/Agency/venv/lib/python3.13/site-packages/django/core/handlers/base.py", line 197, in _get_response
    response = wrapped_callback(request, *callback_args, **callback_kwargs)
  File "/Users/user/Desktop/igi/353505_Chuiko_26/IGI/LR5/Agency/venv/lib/python3.13/site-packages/django/contrib/auth/decorators.py", line 59, in _view_wrapper
    return view_func(request, *args, **kwargs)
  File "/Users/user/Desktop/igi/353505_Chuiko_26/IGI/LR5/Agency/estateAgency/views.py", line 156, in property_list
    return render(request, 'crud/property/list.html', context)
  File "/Users/user/Desktop/igi/353505_Chuiko_26/IGI/LR5/Agency/venv/lib/python3.13/site-packages/django/shortcuts.py", line 25, in render
    content = loader.render_to_string(template_name, context, request, using=using)
  File "/Users/user/Desktop/igi/353505_Chuiko_26/IGI/LR5/Agency/venv/lib/python3.13/site-packages/django/template/loader.py", line 62, in render_to_string
    return template.render(context, request)
           ~~~~~~~~~~~~~~~^^^^^^^^^^^^^^^^^^
  File "/Users/user/Desktop/igi/353505_Chuiko_26/IGI/LR5/Agency/venv/lib/python3.13/site-packages/django/template/backends/django.py", line 107, in render
    return self.template.render(context)
           ~~~~~~~~~~~~~~~~~~~~^^^^^^^^^
  File "/Users/user/Desktop/igi/353505_Chuiko_26/IGI/LR5/Agency/venv/lib/python3.13/site-packages/django/template/base.py", line 171, in render
    return self._render(context)
           ~~~~~~~~~~~~^^^^^^^^^
  File "/Users/user/Desktop/igi/353505_Chuiko_26/IGI/LR5/Agency/venv/lib/python3.13/site-packages/django/template/base.py", line 163, in _render
    return self.nodelist.render(context)
           ~~~~~~~~~~~~~~~~~~~~^^^^^^^^^
  File "/Users/user/Desktop/igi/353505_Chuiko_26/IGI/LR5/Agency/venv/lib/python3.13/site-packages/django/template/base.py", line 1016, in render
    return SafeString("".join([node.render_annotated(context) for node in self]))
                               ~~~~~~~~~~~~~~~~~~~~~^^^^^^^^^
  File "/Users/user/Desktop/igi/353505_Chuiko_26/IGI/LR5/Agency/venv/lib/python3.13/site-packages/django/template/base.py", line 977, in render_annotated
    return self.render(context)
           ~~~~~~~~~~~^^^^^^^^^
  File "/Users/user/Desktop/igi/353505_Chuiko_26/IGI/LR5/Agency/venv/lib/python3.13/site-packages/django/template/loader_tags.py", line 159, in render
    return compiled_parent._render(context)
           ~~~~~~~~~~~~~~~~~~~~~~~^^^^^^^^^
  File "/Users/user/Desktop/igi/353505_Chuiko_26/IGI/LR5/Agency/venv/lib/python3.13/site-packages/django/template/base.py", line 163, in _render
    return self.nodelist.render(context)
           ~~~~~~~~~~~~~~~~~~~~^^^^^^^^^
  File "/Users/user/Desktop/igi/353505_Chuiko_26/IGI/LR5/Agency/venv/lib/python3.13/site-packages/django/template/base.py", line 1016, in render
    return SafeString("".join([node.render_annotated(context) for node in self]))
                               ~~~~~~~~~~~~~~~~~~~~~^^^^^^^^^
  File "/Users/user/Desktop/igi/353505_Chuiko_26/IGI/LR5/Agency/venv/lib/python3.13/site-packages/django/template/base.py", line 977, in render_annotated
    return self.render(context)
           ~~~~~~~~~~~^^^^^^^^^
  File "/Users/user/Desktop/igi/353505_Chuiko_26/IGI/LR5/Agency/venv/lib/python3.13/site-packages/django/template/loader_tags.py", line 65, in render
    result = block.nodelist.render(context)
  File "/Users/user/Desktop/igi/353505_Chuiko_26/IGI/LR5/Agency/venv/lib/python3.13/site-packages/django/template/base.py", line 1016, in render
    return SafeString("".join([node.render_annotated(context) for node in self]))
                               ~~~~~~~~~~~~~~~~~~~~~^^^^^^^^^
  File "/Users/user/Desktop/igi/353505_Chuiko_26/IGI/LR5/Agency/venv/lib/python3.13/site-packages/django/template/base.py", line 977, in render_annotated
    return self.render(context)
           ~~~~~~~~~~~^^^^^^^^^
  File "/Users/user/Desktop/igi/353505_Chuiko_26/IGI/LR5/Agency/venv/lib/python3.13/site-packages/django/template/defaulttags.py", line 480, in render
    url = reverse(view_name, args=args, kwargs=kwargs, current_app=current_app)
  File "/Users/user/Desktop/igi/353505_Chuiko_26/IGI/LR5/Agency/venv/lib/python3.13/site-packages/django/urls/base.py", line 98, in reverse
    resolved_url = resolver._reverse_with_prefix(view, prefix, *args, **kwargs)
  File "/Users/user/Desktop/igi/353505_Chuiko_26/IGI/LR5/Agency/venv/lib/python3.13/site-packages/django/urls/resolvers.py", line 831, in _reverse_with_prefix
    raise NoReverseMatch(msg)
django.urls.exceptions.NoReverseMatch: Reverse for 'property_edit' with no arguments not found. 1 pattern(s) tried: ['crud/properties/(?P<pk>[0-9]+)/edit/\\Z']
ERROR 2025-05-29 14:43:10,208 basehttp "GET /crud/properties/ HTTP/1.1" 500 160625
ERROR 2025-05-29 14:44:20,257 log Internal Server Error: /crud/properties/
Traceback (most recent call last):
  File "/Users/user/Desktop/igi/353505_Chuiko_26/IGI/LR5/Agency/venv/lib/python3.13/site-packages/django/core/handlers/exception.py", line 55, in inner
    response = get_response(request)
  File "/Users/user/Desktop/igi/353505_Chuiko_26/IGI/LR5/Agency/venv/lib/python3.13/site-packages/django/core/handlers/base.py", line 197, in _get_response
    response = wrapped_callback(request, *callback_args, **callback_kwargs)
  File "/Users/user/Desktop/igi/353505_Chuiko_26/IGI/LR5/Agency/venv/lib/python3.13/site-packages/django/contrib/auth/decorators.py", line 59, in _view_wrapper
    return view_func(request, *args, **kwargs)
  File "/Users/user/Desktop/igi/353505_Chuiko_26/IGI/LR5/Agency/estateAgency/views.py", line 156, in property_list
    return render(request, 'crud/property/list.html', context)
  File "/Users/user/Desktop/igi/353505_Chuiko_26/IGI/LR5/Agency/venv/lib/python3.13/site-packages/django/shortcuts.py", line 25, in render
    content = loader.render_to_string(template_name, context, request, using=using)
  File "/Users/user/Desktop/igi/353505_Chuiko_26/IGI/LR5/Agency/venv/lib/python3.13/site-packages/django/template/loader.py", line 62, in render_to_string
    return template.render(context, request)
           ~~~~~~~~~~~~~~~^^^^^^^^^^^^^^^^^^
  File "/Users/user/Desktop/igi/353505_Chuiko_26/IGI/LR5/Agency/venv/lib/python3.13/site-packages/django/template/backends/django.py", line 107, in render
    return self.template.render(context)
           ~~~~~~~~~~~~~~~~~~~~^^^^^^^^^
  File "/Users/user/Desktop/igi/353505_Chuiko_26/IGI/LR5/Agency/venv/lib/python3.13/site-packages/django/template/base.py", line 171, in render
    return self._render(context)
           ~~~~~~~~~~~~^^^^^^^^^
  File "/Users/user/Desktop/igi/353505_Chuiko_26/IGI/LR5/Agency/venv/lib/python3.13/site-packages/django/template/base.py", line 163, in _render
    return self.nodelist.render(context)
           ~~~~~~~~~~~~~~~~~~~~^^^^^^^^^
  File "/Users/user/Desktop/igi/353505_Chuiko_26/IGI/LR5/Agency/venv/lib/python3.13/site-packages/django/template/base.py", line 1016, in render
    return SafeString("".join([node.render_annotated(context) for node in self]))
                               ~~~~~~~~~~~~~~~~~~~~~^^^^^^^^^
  File "/Users/user/Desktop/igi/353505_Chuiko_26/IGI/LR5/Agency/venv/lib/python3.13/site-packages/django/template/base.py", line 977, in render_annotated
    return self.render(context)
           ~~~~~~~~~~~^^^^^^^^^
  File "/Users/user/Desktop/igi/353505_Chuiko_26/IGI/LR5/Agency/venv/lib/python3.13/site-packages/django/template/loader_tags.py", line 159, in render
    return compiled_parent._render(context)
           ~~~~~~~~~~~~~~~~~~~~~~~^^^^^^^^^
  File "/Users/user/Desktop/igi/353505_Chuiko_26/IGI/LR5/Agency/venv/lib/python3.13/site-packages/django/template/base.py", line 163, in _render
    return self.nodelist.render(context)
           ~~~~~~~~~~~~~~~~~~~~^^^^^^^^^
  File "/Users/user/Desktop/igi/353505_Chuiko_26/IGI/LR5/Agency/venv/lib/python3.13/site-packages/django/template/base.py", line 1016, in render
    return SafeString("".join([node.render_annotated(context) for node in self]))
                               ~~~~~~~~~~~~~~~~~~~~~^^^^^^^^^
  File "/Users/user/Desktop/igi/353505_Chuiko_26/IGI/LR5/Agency/venv/lib/python3.13/site-packages/django/template/base.py", line 977, in render_annotated
    return self.render(context)
           ~~~~~~~~~~~^^^^^^^^^
  File "/Users/user/Desktop/igi/353505_Chuiko_26/IGI/LR5/Agency/venv/lib/python3.13/site-packages/django/template/loader_tags.py", line 65, in render
    result = block.nodelist.render(context)
  File "/Users/user/Desktop/igi/353505_Chuiko_26/IGI/LR5/Agency/venv/lib/python3.13/site-packages/django/template/base.py", line 1016, in render
    return SafeString("".join([node.render_annotated(context) for node in self]))
                               ~~~~~~~~~~~~~~~~~~~~~^^^^^^^^^
  File "/Users/user/Desktop/igi/353505_Chuiko_26/IGI/LR5/Agency/venv/lib/python3.13/site-packages/django/template/base.py", line 977, in render_annotated
    return self.render(context)
           ~~~~~~~~~~~^^^^^^^^^
  File "/Users/user/Desktop/igi/353505_Chuiko_26/IGI/LR5/Agency/venv/lib/python3.13/site-packages/django/template/defaulttags.py", line 480, in render
    url = reverse(view_name, args=args, kwargs=kwargs, current_app=current_app)
  File "/Users/user/Desktop/igi/353505_Chuiko_26/IGI/LR5/Agency/venv/lib/python3.13/site-packages/django/urls/base.py", line 98, in reverse
    resolved_url = resolver._reverse_with_prefix(view, prefix, *args, **kwargs)
  File "/Users/user/Desktop/igi/353505_Chuiko_26/IGI/LR5/Agency/venv/lib/python3.13/site-packages/django/urls/resolvers.py", line 831, in _reverse_with_prefix
    raise NoReverseMatch(msg)
django.urls.exceptions.NoReverseMatch: Reverse for 'property_edit' with arguments '('',)' not found. 1 pattern(s) tried: ['crud/properties/(?P<pk>[0-9]+)/edit/\\Z']
ERROR 2025-05-29 14:44:20,261 basehttp "GET /crud/properties/ HTTP/1.1" 500 162366
INFO 2025-05-29 14:44:24,750 basehttp "GET /contacts/ HTTP/1.1" 200 1325
ERROR 2025-05-29 14:44:27,008 log Internal Server Error: /crud/properties/
Traceback (most recent call last):
  File "/Users/user/Desktop/igi/353505_Chuiko_26/IGI/LR5/Agency/venv/lib/python3.13/site-packages/django/core/handlers/exception.py", line 55, in inner
    response = get_response(request)
  File "/Users/user/Desktop/igi/353505_Chuiko_26/IGI/LR5/Agency/venv/lib/python3.13/site-packages/django/core/handlers/base.py", line 197, in _get_response
    response = wrapped_callback(request, *callback_args, **callback_kwargs)
  File "/Users/user/Desktop/igi/353505_Chuiko_26/IGI/LR5/Agency/venv/lib/python3.13/site-packages/django/contrib/auth/decorators.py", line 59, in _view_wrapper
    return view_func(request, *args, **kwargs)
  File "/Users/user/Desktop/igi/353505_Chuiko_26/IGI/LR5/Agency/estateAgency/views.py", line 156, in property_list
    return render(request, 'crud/property/list.html', context)
  File "/Users/user/Desktop/igi/353505_Chuiko_26/IGI/LR5/Agency/venv/lib/python3.13/site-packages/django/shortcuts.py", line 25, in render
    content = loader.render_to_string(template_name, context, request, using=using)
  File "/Users/user/Desktop/igi/353505_Chuiko_26/IGI/LR5/Agency/venv/lib/python3.13/site-packages/django/template/loader.py", line 62, in render_to_string
    return template.render(context, request)
           ~~~~~~~~~~~~~~~^^^^^^^^^^^^^^^^^^
  File "/Users/user/Desktop/igi/353505_Chuiko_26/IGI/LR5/Agency/venv/lib/python3.13/site-packages/django/template/backends/django.py", line 107, in render
    return self.template.render(context)
           ~~~~~~~~~~~~~~~~~~~~^^^^^^^^^
  File "/Users/user/Desktop/igi/353505_Chuiko_26/IGI/LR5/Agency/venv/lib/python3.13/site-packages/django/template/base.py", line 171, in render
    return self._render(context)
           ~~~~~~~~~~~~^^^^^^^^^
  File "/Users/user/Desktop/igi/353505_Chuiko_26/IGI/LR5/Agency/venv/lib/python3.13/site-packages/django/template/base.py", line 163, in _render
    return self.nodelist.render(context)
           ~~~~~~~~~~~~~~~~~~~~^^^^^^^^^
  File "/Users/user/Desktop/igi/353505_Chuiko_26/IGI/LR5/Agency/venv/lib/python3.13/site-packages/django/template/base.py", line 1016, in render
    return SafeString("".join([node.render_annotated(context) for node in self]))
                               ~~~~~~~~~~~~~~~~~~~~~^^^^^^^^^
  File "/Users/user/Desktop/igi/353505_Chuiko_26/IGI/LR5/Agency/venv/lib/python3.13/site-packages/django/template/base.py", line 977, in render_annotated
    return self.render(context)
           ~~~~~~~~~~~^^^^^^^^^
  File "/Users/user/Desktop/igi/353505_Chuiko_26/IGI/LR5/Agency/venv/lib/python3.13/site-packages/django/template/loader_tags.py", line 159, in render
    return compiled_parent._render(context)
           ~~~~~~~~~~~~~~~~~~~~~~~^^^^^^^^^
  File "/Users/user/Desktop/igi/353505_Chuiko_26/IGI/LR5/Agency/venv/lib/python3.13/site-packages/django/template/base.py", line 163, in _render
    return self.nodelist.render(context)
           ~~~~~~~~~~~~~~~~~~~~^^^^^^^^^
  File "/Users/user/Desktop/igi/353505_Chuiko_26/IGI/LR5/Agency/venv/lib/python3.13/site-packages/django/template/base.py", line 1016, in render
    return SafeString("".join([node.render_annotated(context) for node in self]))
                               ~~~~~~~~~~~~~~~~~~~~~^^^^^^^^^
  File "/Users/user/Desktop/igi/353505_Chuiko_26/IGI/LR5/Agency/venv/lib/python3.13/site-packages/django/template/base.py", line 977, in render_annotated
    return self.render(context)
           ~~~~~~~~~~~^^^^^^^^^
  File "/Users/user/Desktop/igi/353505_Chuiko_26/IGI/LR5/Agency/venv/lib/python3.13/site-packages/django/template/loader_tags.py", line 65, in render
    result = block.nodelist.render(context)
  File "/Users/user/Desktop/igi/353505_Chuiko_26/IGI/LR5/Agency/venv/lib/python3.13/site-packages/django/template/base.py", line 1016, in render
    return SafeString("".join([node.render_annotated(context) for node in self]))
                               ~~~~~~~~~~~~~~~~~~~~~^^^^^^^^^
  File "/Users/user/Desktop/igi/353505_Chuiko_26/IGI/LR5/Agency/venv/lib/python3.13/site-packages/django/template/base.py", line 977, in render_annotated
    return self.render(context)
           ~~~~~~~~~~~^^^^^^^^^
  File "/Users/user/Desktop/igi/353505_Chuiko_26/IGI/LR5/Agency/venv/lib/python3.13/site-packages/django/template/defaulttags.py", line 480, in render
    url = reverse(view_name, args=args, kwargs=kwargs, current_app=current_app)
  File "/Users/user/Desktop/igi/353505_Chuiko_26/IGI/LR5/Agency/venv/lib/python3.13/site-packages/django/urls/base.py", line 98, in reverse
    resolved_url = resolver._reverse_with_prefix(view, prefix, *args, **kwargs)
  File "/Users/user/Desktop/igi/353505_Chuiko_26/IGI/LR5/Agency/venv/lib/python3.13/site-packages/django/urls/resolvers.py", line 831, in _reverse_with_prefix
    raise NoReverseMatch(msg)
django.urls.exceptions.NoReverseMatch: Reverse for 'property_edit' with arguments '('',)' not found. 1 pattern(s) tried: ['crud/properties/(?P<pk>[0-9]+)/edit/\\Z']
ERROR 2025-05-29 14:44:27,010 basehttp "GET /crud/properties/ HTTP/1.1" 500 162218
INFO 2025-05-29 14:46:38,398 basehttp "GET /crud/properties/ HTTP/1.1" 200 4744
INFO 2025-05-29 14:46:39,758 basehttp "GET /crud/properties/1/edit/ HTTP/1.1" 200 4344
INFO 2025-05-29 14:46:46,842 basehttp "GET /crud/properties/4/delete/ HTTP/1.1" 200 1457
INFO 2025-05-29 14:46:48,486 basehttp "POST /crud/properties/4/delete/ HTTP/1.1" 302 0
INFO 2025-05-29 14:46:48,497 basehttp "GET /crud/properties/ HTTP/1.1" 200 4150
INFO 2025-05-29 14:48:40,199 autoreload /Users/user/Desktop/igi/353505_Chuiko_26/IGI/LR5/Agency/estateAgency/urls.py changed, reloading.
INFO 2025-05-29 14:48:40,721 autoreload Watching for file changes with StatReloader
INFO 2025-05-29 14:54:10,971 basehttp "GET /admin/estateAgency/aboutcompany/ HTTP/1.1" 200 17313
INFO 2025-05-29 14:54:10,993 basehttp "GET /admin/jsi18n/ HTTP/1.1" 200 3342
INFO 2025-05-29 14:54:13,196 basehttp "GET /admin/estateAgency/aboutcompany/add/ HTTP/1.1" 200 17434
INFO 2025-05-29 14:54:13,214 basehttp "GET /admin/jsi18n/ HTTP/1.1" 200 3342
INFO 2025-05-29 14:54:20,175 basehttp "POST /admin/estateAgency/aboutcompany/add/ HTTP/1.1" 302 0
INFO 2025-05-29 14:54:20,186 basehttp "GET /admin/estateAgency/aboutcompany/add/ HTTP/1.1" 200 17699
INFO 2025-05-29 14:54:20,198 basehttp "GET /admin/jsi18n/ HTTP/1.1" 200 3342
INFO 2025-05-29 14:54:24,383 basehttp "GET /admin/estateAgency/aboutcompany/ HTTP/1.1" 200 17715
INFO 2025-05-29 14:54:24,400 basehttp "GET /admin/jsi18n/ HTTP/1.1" 200 3342
INFO 2025-05-29 14:54:27,880 basehttp "GET /admin/estateAgency/aboutcompany/add/ HTTP/1.1" 200 17434
INFO 2025-05-29 14:54:27,897 basehttp "GET /admin/jsi18n/ HTTP/1.1" 200 3342
INFO 2025-05-29 14:54:38,493 basehttp "POST /admin/estateAgency/aboutcompany/add/ HTTP/1.1" 302 0
INFO 2025-05-29 14:54:38,509 basehttp "GET /admin/estateAgency/aboutcompany/ HTTP/1.1" 200 18346
INFO 2025-05-29 14:54:38,520 basehttp "GET /admin/jsi18n/ HTTP/1.1" 200 3342
INFO 2025-05-29 14:54:40,714 basehttp "GET /admin/estateAgency/aboutcompany/4/change/ HTTP/1.1" 200 17698
INFO 2025-05-29 14:54:40,730 basehttp "GET /admin/jsi18n/ HTTP/1.1" 200 3342
INFO 2025-05-29 14:54:47,271 basehttp "POST /admin/estateAgency/aboutcompany/4/change/ HTTP/1.1" 302 0
INFO 2025-05-29 14:54:47,285 basehttp "GET /admin/estateAgency/aboutcompany/ HTTP/1.1" 200 18353
INFO 2025-05-29 14:54:47,297 basehttp "GET /admin/jsi18n/ HTTP/1.1" 200 3342
INFO 2025-05-29 14:54:50,610 basehttp "GET /admin/estateAgency/client/ HTTP/1.1" 200 19539
INFO 2025-05-29 14:54:50,627 basehttp "GET /admin/jsi18n/ HTTP/1.1" 200 3342
INFO 2025-05-29 14:54:55,697 basehttp "GET /admin/estateAgency/companyinfo/ HTTP/1.1" 200 15082
INFO 2025-05-29 14:54:55,714 basehttp "GET /admin/jsi18n/ HTTP/1.1" 200 3342
INFO 2025-05-29 14:54:57,471 basehttp "GET /admin/estateAgency/employee/ HTTP/1.1" 200 19193
INFO 2025-05-29 14:54:57,487 basehttp "GET /admin/jsi18n/ HTTP/1.1" 200 3342
INFO 2025-05-29 14:55:00,139 basehttp "GET /admin/estateAgency/employee/add/ HTTP/1.1" 200 21162
INFO 2025-05-29 14:55:00,157 basehttp "GET /admin/jsi18n/ HTTP/1.1" 200 3342
ERROR 2025-05-29 14:55:27,581 log Internal Server Error: /admin/estateAgency/employee/add/
Traceback (most recent call last):
  File "/Users/user/Desktop/igi/353505_Chuiko_26/IGI/LR5/Agency/venv/lib/python3.13/site-packages/django/db/backends/utils.py", line 105, in _execute
    return self.cursor.execute(sql, params)
           ~~~~~~~~~~~~~~~~~~~^^^^^^^^^^^^^
  File "/Users/user/Desktop/igi/353505_Chuiko_26/IGI/LR5/Agency/venv/lib/python3.13/site-packages/django/db/backends/sqlite3/base.py", line 360, in execute
    return super().execute(query, params)
           ~~~~~~~~~~~~~~~^^^^^^^^^^^^^^^
sqlite3.IntegrityError: NOT NULL constraint failed: estateAgency_employee.profile_id

The above exception was the direct cause of the following exception:

Traceback (most recent call last):
  File "/Users/user/Desktop/igi/353505_Chuiko_26/IGI/LR5/Agency/venv/lib/python3.13/site-packages/django/core/handlers/exception.py", line 55, in inner
    response = get_response(request)
  File "/Users/user/Desktop/igi/353505_Chuiko_26/IGI/LR5/Agency/venv/lib/python3.13/site-packages/django/core/handlers/base.py", line 197, in _get_response
    response = wrapped_callback(request, *callback_args, **callback_kwargs)
  File "/Users/user/Desktop/igi/353505_Chuiko_26/IGI/LR5/Agency/venv/lib/python3.13/site-packages/django/contrib/admin/options.py", line 719, in wrapper
    return self.admin_site.admin_view(view)(*args, **kwargs)
           ~~~~~~~~~~~~~~~~~~~~~~~~~~~~~~~~^^^^^^^^^^^^^^^^^
  File "/Users/user/Desktop/igi/353505_Chuiko_26/IGI/LR5/Agency/venv/lib/python3.13/site-packages/django/utils/decorators.py", line 192, in _view_wrapper
    result = _process_exception(request, e)
  File "/Users/user/Desktop/igi/353505_Chuiko_26/IGI/LR5/Agency/venv/lib/python3.13/site-packages/django/utils/decorators.py", line 190, in _view_wrapper
    response = view_func(request, *args, **kwargs)
  File "/Users/user/Desktop/igi/353505_Chuiko_26/IGI/LR5/Agency/venv/lib/python3.13/site-packages/django/views/decorators/cache.py", line 80, in _view_wrapper
    response = view_func(request, *args, **kwargs)
  File "/Users/user/Desktop/igi/353505_Chuiko_26/IGI/LR5/Agency/venv/lib/python3.13/site-packages/django/contrib/admin/sites.py", line 246, in inner
    return view(request, *args, **kwargs)
  File "/Users/user/Desktop/igi/353505_Chuiko_26/IGI/LR5/Agency/venv/lib/python3.13/site-packages/django/contrib/admin/options.py", line 1984, in add_view
    return self.changeform_view(request, None, form_url, extra_context)
           ~~~~~~~~~~~~~~~~~~~~^^^^^^^^^^^^^^^^^^^^^^^^^^^^^^^^^^^^^^^^
  File "/Users/user/Desktop/igi/353505_Chuiko_26/IGI/LR5/Agency/venv/lib/python3.13/site-packages/django/utils/decorators.py", line 48, in _wrapper
    return bound_method(*args, **kwargs)
  File "/Users/user/Desktop/igi/353505_Chuiko_26/IGI/LR5/Agency/venv/lib/python3.13/site-packages/django/utils/decorators.py", line 192, in _view_wrapper
    result = _process_exception(request, e)
  File "/Users/user/Desktop/igi/353505_Chuiko_26/IGI/LR5/Agency/venv/lib/python3.13/site-packages/django/utils/decorators.py", line 190, in _view_wrapper
    response = view_func(request, *args, **kwargs)
  File "/Users/user/Desktop/igi/353505_Chuiko_26/IGI/LR5/Agency/venv/lib/python3.13/site-packages/django/contrib/admin/options.py", line 1843, in changeform_view
    return self._changeform_view(request, object_id, form_url, extra_context)
           ~~~~~~~~~~~~~~~~~~~~~^^^^^^^^^^^^^^^^^^^^^^^^^^^^^^^^^^^^^^^^^^^^^
  File "/Users/user/Desktop/igi/353505_Chuiko_26/IGI/LR5/Agency/venv/lib/python3.13/site-packages/django/contrib/admin/options.py", line 1894, in _changeform_view
    self.save_model(request, new_object, form, not add)
    ~~~~~~~~~~~~~~~^^^^^^^^^^^^^^^^^^^^^^^^^^^^^^^^^^^^
  File "/Users/user/Desktop/igi/353505_Chuiko_26/IGI/LR5/Agency/venv/lib/python3.13/site-packages/django/contrib/admin/options.py", line 1314, in save_model
    obj.save()
    ~~~~~~~~^^
  File "/Users/user/Desktop/igi/353505_Chuiko_26/IGI/LR5/Agency/venv/lib/python3.13/site-packages/django/db/models/base.py", line 902, in save
    self.save_base(
    ~~~~~~~~~~~~~~^
        using=using,
        ^^^^^^^^^^^^
    ...<2 lines>...
        update_fields=update_fields,
        ^^^^^^^^^^^^^^^^^^^^^^^^^^^^
    )
    ^
  File "/Users/user/Desktop/igi/353505_Chuiko_26/IGI/LR5/Agency/venv/lib/python3.13/site-packages/django/db/models/base.py", line 1008, in save_base
    updated = self._save_table(
        raw,
    ...<4 lines>...
        update_fields,
    )
  File "/Users/user/Desktop/igi/353505_Chuiko_26/IGI/LR5/Agency/venv/lib/python3.13/site-packages/django/db/models/base.py", line 1169, in _save_table
    results = self._do_insert(
        cls._base_manager, using, fields, returning_fields, raw
    )
  File "/Users/user/Desktop/igi/353505_Chuiko_26/IGI/LR5/Agency/venv/lib/python3.13/site-packages/django/db/models/base.py", line 1210, in _do_insert
    return manager._insert(
           ~~~~~~~~~~~~~~~^
        [self],
        ^^^^^^^
    ...<3 lines>...
        raw=raw,
        ^^^^^^^^
    )
    ^
  File "/Users/user/Desktop/igi/353505_Chuiko_26/IGI/LR5/Agency/venv/lib/python3.13/site-packages/django/db/models/manager.py", line 87, in manager_method
    return getattr(self.get_queryset(), name)(*args, **kwargs)
           ~~~~~~~~~~~~~~~~~~~~~~~~~~~~~~~~~~^^^^^^^^^^^^^^^^^
  File "/Users/user/Desktop/igi/353505_Chuiko_26/IGI/LR5/Agency/venv/lib/python3.13/site-packages/django/db/models/query.py", line 1864, in _insert
    return query.get_compiler(using=using).execute_sql(returning_fields)
           ~~~~~~~~~~~~~~~~~~~~~~~~~~~~~~~~~~~~~~~~~~~^^^^^^^^^^^^^^^^^^
  File "/Users/user/Desktop/igi/353505_Chuiko_26/IGI/LR5/Agency/venv/lib/python3.13/site-packages/django/db/models/sql/compiler.py", line 1882, in execute_sql
    cursor.execute(sql, params)
    ~~~~~~~~~~~~~~^^^^^^^^^^^^^
  File "/Users/user/Desktop/igi/353505_Chuiko_26/IGI/LR5/Agency/venv/lib/python3.13/site-packages/django/db/backends/utils.py", line 122, in execute
    return super().execute(sql, params)
           ~~~~~~~~~~~~~~~^^^^^^^^^^^^^
  File "/Users/user/Desktop/igi/353505_Chuiko_26/IGI/LR5/Agency/venv/lib/python3.13/site-packages/django/db/backends/utils.py", line 79, in execute
    return self._execute_with_wrappers(
           ~~~~~~~~~~~~~~~~~~~~~~~~~~~^
        sql, params, many=False, executor=self._execute
        ^^^^^^^^^^^^^^^^^^^^^^^^^^^^^^^^^^^^^^^^^^^^^^^
    )
    ^
  File "/Users/user/Desktop/igi/353505_Chuiko_26/IGI/LR5/Agency/venv/lib/python3.13/site-packages/django/db/backends/utils.py", line 92, in _execute_with_wrappers
    return executor(sql, params, many, context)
  File "/Users/user/Desktop/igi/353505_Chuiko_26/IGI/LR5/Agency/venv/lib/python3.13/site-packages/django/db/backends/utils.py", line 100, in _execute
    with self.db.wrap_database_errors:
         ^^^^^^^^^^^^^^^^^^^^^^^^^^^^
  File "/Users/user/Desktop/igi/353505_Chuiko_26/IGI/LR5/Agency/venv/lib/python3.13/site-packages/django/db/utils.py", line 91, in __exit__
    raise dj_exc_value.with_traceback(traceback) from exc_value
  File "/Users/user/Desktop/igi/353505_Chuiko_26/IGI/LR5/Agency/venv/lib/python3.13/site-packages/django/db/backends/utils.py", line 105, in _execute
    return self.cursor.execute(sql, params)
           ~~~~~~~~~~~~~~~~~~~^^^^^^^^^^^^^
  File "/Users/user/Desktop/igi/353505_Chuiko_26/IGI/LR5/Agency/venv/lib/python3.13/site-packages/django/db/backends/sqlite3/base.py", line 360, in execute
    return super().execute(query, params)
           ~~~~~~~~~~~~~~~^^^^^^^^^^^^^^^
django.db.utils.IntegrityError: NOT NULL constraint failed: estateAgency_employee.profile_id
ERROR 2025-05-29 14:55:27,585 basehttp "POST /admin/estateAgency/employee/add/ HTTP/1.1" 500 209032
INFO 2025-05-29 14:55:30,302 basehttp "GET /admin/estateAgency/employee/add/ HTTP/1.1" 200 21162
ERROR 2025-05-29 14:55:34,505 log Internal Server Error: /admin/estateAgency/employee/add/
Traceback (most recent call last):
  File "/Users/user/Desktop/igi/353505_Chuiko_26/IGI/LR5/Agency/venv/lib/python3.13/site-packages/django/db/backends/utils.py", line 105, in _execute
    return self.cursor.execute(sql, params)
           ~~~~~~~~~~~~~~~~~~~^^^^^^^^^^^^^
  File "/Users/user/Desktop/igi/353505_Chuiko_26/IGI/LR5/Agency/venv/lib/python3.13/site-packages/django/db/backends/sqlite3/base.py", line 360, in execute
    return super().execute(query, params)
           ~~~~~~~~~~~~~~~^^^^^^^^^^^^^^^
sqlite3.IntegrityError: NOT NULL constraint failed: estateAgency_employee.profile_id

The above exception was the direct cause of the following exception:

Traceback (most recent call last):
  File "/Users/user/Desktop/igi/353505_Chuiko_26/IGI/LR5/Agency/venv/lib/python3.13/site-packages/django/core/handlers/exception.py", line 55, in inner
    response = get_response(request)
  File "/Users/user/Desktop/igi/353505_Chuiko_26/IGI/LR5/Agency/venv/lib/python3.13/site-packages/django/core/handlers/base.py", line 197, in _get_response
    response = wrapped_callback(request, *callback_args, **callback_kwargs)
  File "/Users/user/Desktop/igi/353505_Chuiko_26/IGI/LR5/Agency/venv/lib/python3.13/site-packages/django/contrib/admin/options.py", line 719, in wrapper
    return self.admin_site.admin_view(view)(*args, **kwargs)
           ~~~~~~~~~~~~~~~~~~~~~~~~~~~~~~~~^^^^^^^^^^^^^^^^^
  File "/Users/user/Desktop/igi/353505_Chuiko_26/IGI/LR5/Agency/venv/lib/python3.13/site-packages/django/utils/decorators.py", line 192, in _view_wrapper
    result = _process_exception(request, e)
  File "/Users/user/Desktop/igi/353505_Chuiko_26/IGI/LR5/Agency/venv/lib/python3.13/site-packages/django/utils/decorators.py", line 190, in _view_wrapper
    response = view_func(request, *args, **kwargs)
  File "/Users/user/Desktop/igi/353505_Chuiko_26/IGI/LR5/Agency/venv/lib/python3.13/site-packages/django/views/decorators/cache.py", line 80, in _view_wrapper
    response = view_func(request, *args, **kwargs)
  File "/Users/user/Desktop/igi/353505_Chuiko_26/IGI/LR5/Agency/venv/lib/python3.13/site-packages/django/contrib/admin/sites.py", line 246, in inner
    return view(request, *args, **kwargs)
  File "/Users/user/Desktop/igi/353505_Chuiko_26/IGI/LR5/Agency/venv/lib/python3.13/site-packages/django/contrib/admin/options.py", line 1984, in add_view
    return self.changeform_view(request, None, form_url, extra_context)
           ~~~~~~~~~~~~~~~~~~~~^^^^^^^^^^^^^^^^^^^^^^^^^^^^^^^^^^^^^^^^
  File "/Users/user/Desktop/igi/353505_Chuiko_26/IGI/LR5/Agency/venv/lib/python3.13/site-packages/django/utils/decorators.py", line 48, in _wrapper
    return bound_method(*args, **kwargs)
  File "/Users/user/Desktop/igi/353505_Chuiko_26/IGI/LR5/Agency/venv/lib/python3.13/site-packages/django/utils/decorators.py", line 192, in _view_wrapper
    result = _process_exception(request, e)
  File "/Users/user/Desktop/igi/353505_Chuiko_26/IGI/LR5/Agency/venv/lib/python3.13/site-packages/django/utils/decorators.py", line 190, in _view_wrapper
    response = view_func(request, *args, **kwargs)
  File "/Users/user/Desktop/igi/353505_Chuiko_26/IGI/LR5/Agency/venv/lib/python3.13/site-packages/django/contrib/admin/options.py", line 1843, in changeform_view
    return self._changeform_view(request, object_id, form_url, extra_context)
           ~~~~~~~~~~~~~~~~~~~~~^^^^^^^^^^^^^^^^^^^^^^^^^^^^^^^^^^^^^^^^^^^^^
  File "/Users/user/Desktop/igi/353505_Chuiko_26/IGI/LR5/Agency/venv/lib/python3.13/site-packages/django/contrib/admin/options.py", line 1894, in _changeform_view
    self.save_model(request, new_object, form, not add)
    ~~~~~~~~~~~~~~~^^^^^^^^^^^^^^^^^^^^^^^^^^^^^^^^^^^^
  File "/Users/user/Desktop/igi/353505_Chuiko_26/IGI/LR5/Agency/venv/lib/python3.13/site-packages/django/contrib/admin/options.py", line 1314, in save_model
    obj.save()
    ~~~~~~~~^^
  File "/Users/user/Desktop/igi/353505_Chuiko_26/IGI/LR5/Agency/venv/lib/python3.13/site-packages/django/db/models/base.py", line 902, in save
    self.save_base(
    ~~~~~~~~~~~~~~^
        using=using,
        ^^^^^^^^^^^^
    ...<2 lines>...
        update_fields=update_fields,
        ^^^^^^^^^^^^^^^^^^^^^^^^^^^^
    )
    ^
  File "/Users/user/Desktop/igi/353505_Chuiko_26/IGI/LR5/Agency/venv/lib/python3.13/site-packages/django/db/models/base.py", line 1008, in save_base
    updated = self._save_table(
        raw,
    ...<4 lines>...
        update_fields,
    )
  File "/Users/user/Desktop/igi/353505_Chuiko_26/IGI/LR5/Agency/venv/lib/python3.13/site-packages/django/db/models/base.py", line 1169, in _save_table
    results = self._do_insert(
        cls._base_manager, using, fields, returning_fields, raw
    )
  File "/Users/user/Desktop/igi/353505_Chuiko_26/IGI/LR5/Agency/venv/lib/python3.13/site-packages/django/db/models/base.py", line 1210, in _do_insert
    return manager._insert(
           ~~~~~~~~~~~~~~~^
        [self],
        ^^^^^^^
    ...<3 lines>...
        raw=raw,
        ^^^^^^^^
    )
    ^
  File "/Users/user/Desktop/igi/353505_Chuiko_26/IGI/LR5/Agency/venv/lib/python3.13/site-packages/django/db/models/manager.py", line 87, in manager_method
    return getattr(self.get_queryset(), name)(*args, **kwargs)
           ~~~~~~~~~~~~~~~~~~~~~~~~~~~~~~~~~~^^^^^^^^^^^^^^^^^
  File "/Users/user/Desktop/igi/353505_Chuiko_26/IGI/LR5/Agency/venv/lib/python3.13/site-packages/django/db/models/query.py", line 1864, in _insert
    return query.get_compiler(using=using).execute_sql(returning_fields)
           ~~~~~~~~~~~~~~~~~~~~~~~~~~~~~~~~~~~~~~~~~~~^^^^^^^^^^^^^^^^^^
  File "/Users/user/Desktop/igi/353505_Chuiko_26/IGI/LR5/Agency/venv/lib/python3.13/site-packages/django/db/models/sql/compiler.py", line 1882, in execute_sql
    cursor.execute(sql, params)
    ~~~~~~~~~~~~~~^^^^^^^^^^^^^
  File "/Users/user/Desktop/igi/353505_Chuiko_26/IGI/LR5/Agency/venv/lib/python3.13/site-packages/django/db/backends/utils.py", line 122, in execute
    return super().execute(sql, params)
           ~~~~~~~~~~~~~~~^^^^^^^^^^^^^
  File "/Users/user/Desktop/igi/353505_Chuiko_26/IGI/LR5/Agency/venv/lib/python3.13/site-packages/django/db/backends/utils.py", line 79, in execute
    return self._execute_with_wrappers(
           ~~~~~~~~~~~~~~~~~~~~~~~~~~~^
        sql, params, many=False, executor=self._execute
        ^^^^^^^^^^^^^^^^^^^^^^^^^^^^^^^^^^^^^^^^^^^^^^^
    )
    ^
  File "/Users/user/Desktop/igi/353505_Chuiko_26/IGI/LR5/Agency/venv/lib/python3.13/site-packages/django/db/backends/utils.py", line 92, in _execute_with_wrappers
    return executor(sql, params, many, context)
  File "/Users/user/Desktop/igi/353505_Chuiko_26/IGI/LR5/Agency/venv/lib/python3.13/site-packages/django/db/backends/utils.py", line 100, in _execute
    with self.db.wrap_database_errors:
         ^^^^^^^^^^^^^^^^^^^^^^^^^^^^
  File "/Users/user/Desktop/igi/353505_Chuiko_26/IGI/LR5/Agency/venv/lib/python3.13/site-packages/django/db/utils.py", line 91, in __exit__
    raise dj_exc_value.with_traceback(traceback) from exc_value
  File "/Users/user/Desktop/igi/353505_Chuiko_26/IGI/LR5/Agency/venv/lib/python3.13/site-packages/django/db/backends/utils.py", line 105, in _execute
    return self.cursor.execute(sql, params)
           ~~~~~~~~~~~~~~~~~~~^^^^^^^^^^^^^
  File "/Users/user/Desktop/igi/353505_Chuiko_26/IGI/LR5/Agency/venv/lib/python3.13/site-packages/django/db/backends/sqlite3/base.py", line 360, in execute
    return super().execute(query, params)
           ~~~~~~~~~~~~~~~^^^^^^^^^^^^^^^
django.db.utils.IntegrityError: NOT NULL constraint failed: estateAgency_employee.profile_id
ERROR 2025-05-29 14:55:34,509 basehttp "POST /admin/estateAgency/employee/add/ HTTP/1.1" 500 209032
INFO 2025-05-29 14:55:38,464 basehttp "GET /admin/estateAgency/employee/add/ HTTP/1.1" 200 21162
INFO 2025-05-29 14:56:16,068 autoreload /Users/user/Desktop/igi/353505_Chuiko_26/IGI/LR5/Agency/estateAgency/admin.py changed, reloading.
INFO 2025-05-29 14:56:16,458 autoreload Watching for file changes with StatReloader
INFO 2025-05-29 14:56:17,673 autoreload /Users/user/Desktop/igi/353505_Chuiko_26/IGI/LR5/Agency/estateAgency/admin.py changed, reloading.
INFO 2025-05-29 14:56:17,872 autoreload Watching for file changes with StatReloader
INFO 2025-05-29 14:56:21,281 autoreload /Users/user/Desktop/igi/353505_Chuiko_26/IGI/LR5/Agency/estateAgency/admin.py changed, reloading.
INFO 2025-05-29 14:56:21,498 autoreload Watching for file changes with StatReloader
INFO 2025-05-29 14:56:33,988 autoreload /Users/user/Desktop/igi/353505_Chuiko_26/IGI/LR5/Agency/estateAgency/models.py changed, reloading.
INFO 2025-05-29 14:56:34,307 autoreload Watching for file changes with StatReloader
INFO 2025-05-29 14:56:48,322 autoreload Watching for file changes with StatReloader
INFO 2025-05-29 14:56:50,755 basehttp "GET /admin/estateAgency/employee/add/ HTTP/1.1" 200 21145
INFO 2025-05-29 14:56:50,774 basehttp "GET /admin/jsi18n/ HTTP/1.1" 200 3342
INFO 2025-05-29 14:57:05,518 basehttp "POST /admin/estateAgency/employee/add/ HTTP/1.1" 200 21463
INFO 2025-05-29 14:57:05,532 basehttp "GET /admin/jsi18n/ HTTP/1.1" 200 3342
INFO 2025-05-29 14:57:18,462 basehttp "POST /admin/estateAgency/employee/add/ HTTP/1.1" 200 21463
INFO 2025-05-29 14:57:18,476 basehttp "GET /admin/jsi18n/ HTTP/1.1" 200 3342
ERROR 2025-05-29 14:57:30,857 log Internal Server Error: /admin/estateAgency/employee/add/
Traceback (most recent call last):
  File "/Users/user/Desktop/igi/353505_Chuiko_26/IGI/LR5/Agency/venv/lib/python3.13/site-packages/django/db/backends/utils.py", line 105, in _execute
    return self.cursor.execute(sql, params)
           ~~~~~~~~~~~~~~~~~~~^^^^^^^^^^^^^
  File "/Users/user/Desktop/igi/353505_Chuiko_26/IGI/LR5/Agency/venv/lib/python3.13/site-packages/django/db/backends/sqlite3/base.py", line 360, in execute
    return super().execute(query, params)
           ~~~~~~~~~~~~~~~^^^^^^^^^^^^^^^
sqlite3.IntegrityError: NOT NULL constraint failed: estateAgency_employee.profile_id

The above exception was the direct cause of the following exception:

Traceback (most recent call last):
  File "/Users/user/Desktop/igi/353505_Chuiko_26/IGI/LR5/Agency/venv/lib/python3.13/site-packages/django/core/handlers/exception.py", line 55, in inner
    response = get_response(request)
  File "/Users/user/Desktop/igi/353505_Chuiko_26/IGI/LR5/Agency/venv/lib/python3.13/site-packages/django/core/handlers/base.py", line 197, in _get_response
    response = wrapped_callback(request, *callback_args, **callback_kwargs)
  File "/Users/user/Desktop/igi/353505_Chuiko_26/IGI/LR5/Agency/venv/lib/python3.13/site-packages/django/contrib/admin/options.py", line 719, in wrapper
    return self.admin_site.admin_view(view)(*args, **kwargs)
           ~~~~~~~~~~~~~~~~~~~~~~~~~~~~~~~~^^^^^^^^^^^^^^^^^
  File "/Users/user/Desktop/igi/353505_Chuiko_26/IGI/LR5/Agency/venv/lib/python3.13/site-packages/django/utils/decorators.py", line 192, in _view_wrapper
    result = _process_exception(request, e)
  File "/Users/user/Desktop/igi/353505_Chuiko_26/IGI/LR5/Agency/venv/lib/python3.13/site-packages/django/utils/decorators.py", line 190, in _view_wrapper
    response = view_func(request, *args, **kwargs)
  File "/Users/user/Desktop/igi/353505_Chuiko_26/IGI/LR5/Agency/venv/lib/python3.13/site-packages/django/views/decorators/cache.py", line 80, in _view_wrapper
    response = view_func(request, *args, **kwargs)
  File "/Users/user/Desktop/igi/353505_Chuiko_26/IGI/LR5/Agency/venv/lib/python3.13/site-packages/django/contrib/admin/sites.py", line 246, in inner
    return view(request, *args, **kwargs)
  File "/Users/user/Desktop/igi/353505_Chuiko_26/IGI/LR5/Agency/venv/lib/python3.13/site-packages/django/contrib/admin/options.py", line 1984, in add_view
    return self.changeform_view(request, None, form_url, extra_context)
           ~~~~~~~~~~~~~~~~~~~~^^^^^^^^^^^^^^^^^^^^^^^^^^^^^^^^^^^^^^^^
  File "/Users/user/Desktop/igi/353505_Chuiko_26/IGI/LR5/Agency/venv/lib/python3.13/site-packages/django/utils/decorators.py", line 48, in _wrapper
    return bound_method(*args, **kwargs)
  File "/Users/user/Desktop/igi/353505_Chuiko_26/IGI/LR5/Agency/venv/lib/python3.13/site-packages/django/utils/decorators.py", line 192, in _view_wrapper
    result = _process_exception(request, e)
  File "/Users/user/Desktop/igi/353505_Chuiko_26/IGI/LR5/Agency/venv/lib/python3.13/site-packages/django/utils/decorators.py", line 190, in _view_wrapper
    response = view_func(request, *args, **kwargs)
  File "/Users/user/Desktop/igi/353505_Chuiko_26/IGI/LR5/Agency/venv/lib/python3.13/site-packages/django/contrib/admin/options.py", line 1843, in changeform_view
    return self._changeform_view(request, object_id, form_url, extra_context)
           ~~~~~~~~~~~~~~~~~~~~~^^^^^^^^^^^^^^^^^^^^^^^^^^^^^^^^^^^^^^^^^^^^^
  File "/Users/user/Desktop/igi/353505_Chuiko_26/IGI/LR5/Agency/venv/lib/python3.13/site-packages/django/contrib/admin/options.py", line 1894, in _changeform_view
    self.save_model(request, new_object, form, not add)
    ~~~~~~~~~~~~~~~^^^^^^^^^^^^^^^^^^^^^^^^^^^^^^^^^^^^
  File "/Users/user/Desktop/igi/353505_Chuiko_26/IGI/LR5/Agency/venv/lib/python3.13/site-packages/django/contrib/admin/options.py", line 1314, in save_model
    obj.save()
    ~~~~~~~~^^
  File "/Users/user/Desktop/igi/353505_Chuiko_26/IGI/LR5/Agency/venv/lib/python3.13/site-packages/django/db/models/base.py", line 902, in save
    self.save_base(
    ~~~~~~~~~~~~~~^
        using=using,
        ^^^^^^^^^^^^
    ...<2 lines>...
        update_fields=update_fields,
        ^^^^^^^^^^^^^^^^^^^^^^^^^^^^
    )
    ^
  File "/Users/user/Desktop/igi/353505_Chuiko_26/IGI/LR5/Agency/venv/lib/python3.13/site-packages/django/db/models/base.py", line 1008, in save_base
    updated = self._save_table(
        raw,
    ...<4 lines>...
        update_fields,
    )
  File "/Users/user/Desktop/igi/353505_Chuiko_26/IGI/LR5/Agency/venv/lib/python3.13/site-packages/django/db/models/base.py", line 1169, in _save_table
    results = self._do_insert(
        cls._base_manager, using, fields, returning_fields, raw
    )
  File "/Users/user/Desktop/igi/353505_Chuiko_26/IGI/LR5/Agency/venv/lib/python3.13/site-packages/django/db/models/base.py", line 1210, in _do_insert
    return manager._insert(
           ~~~~~~~~~~~~~~~^
        [self],
        ^^^^^^^
    ...<3 lines>...
        raw=raw,
        ^^^^^^^^
    )
    ^
  File "/Users/user/Desktop/igi/353505_Chuiko_26/IGI/LR5/Agency/venv/lib/python3.13/site-packages/django/db/models/manager.py", line 87, in manager_method
    return getattr(self.get_queryset(), name)(*args, **kwargs)
           ~~~~~~~~~~~~~~~~~~~~~~~~~~~~~~~~~~^^^^^^^^^^^^^^^^^
  File "/Users/user/Desktop/igi/353505_Chuiko_26/IGI/LR5/Agency/venv/lib/python3.13/site-packages/django/db/models/query.py", line 1864, in _insert
    return query.get_compiler(using=using).execute_sql(returning_fields)
           ~~~~~~~~~~~~~~~~~~~~~~~~~~~~~~~~~~~~~~~~~~~^^^^^^^^^^^^^^^^^^
  File "/Users/user/Desktop/igi/353505_Chuiko_26/IGI/LR5/Agency/venv/lib/python3.13/site-packages/django/db/models/sql/compiler.py", line 1882, in execute_sql
    cursor.execute(sql, params)
    ~~~~~~~~~~~~~~^^^^^^^^^^^^^
  File "/Users/user/Desktop/igi/353505_Chuiko_26/IGI/LR5/Agency/venv/lib/python3.13/site-packages/django/db/backends/utils.py", line 122, in execute
    return super().execute(sql, params)
           ~~~~~~~~~~~~~~~^^^^^^^^^^^^^
  File "/Users/user/Desktop/igi/353505_Chuiko_26/IGI/LR5/Agency/venv/lib/python3.13/site-packages/django/db/backends/utils.py", line 79, in execute
    return self._execute_with_wrappers(
           ~~~~~~~~~~~~~~~~~~~~~~~~~~~^
        sql, params, many=False, executor=self._execute
        ^^^^^^^^^^^^^^^^^^^^^^^^^^^^^^^^^^^^^^^^^^^^^^^
    )
    ^
  File "/Users/user/Desktop/igi/353505_Chuiko_26/IGI/LR5/Agency/venv/lib/python3.13/site-packages/django/db/backends/utils.py", line 92, in _execute_with_wrappers
    return executor(sql, params, many, context)
  File "/Users/user/Desktop/igi/353505_Chuiko_26/IGI/LR5/Agency/venv/lib/python3.13/site-packages/django/db/backends/utils.py", line 100, in _execute
    with self.db.wrap_database_errors:
         ^^^^^^^^^^^^^^^^^^^^^^^^^^^^
  File "/Users/user/Desktop/igi/353505_Chuiko_26/IGI/LR5/Agency/venv/lib/python3.13/site-packages/django/db/utils.py", line 91, in __exit__
    raise dj_exc_value.with_traceback(traceback) from exc_value
  File "/Users/user/Desktop/igi/353505_Chuiko_26/IGI/LR5/Agency/venv/lib/python3.13/site-packages/django/db/backends/utils.py", line 105, in _execute
    return self.cursor.execute(sql, params)
           ~~~~~~~~~~~~~~~~~~~^^^^^^^^^^^^^
  File "/Users/user/Desktop/igi/353505_Chuiko_26/IGI/LR5/Agency/venv/lib/python3.13/site-packages/django/db/backends/sqlite3/base.py", line 360, in execute
    return super().execute(query, params)
           ~~~~~~~~~~~~~~~^^^^^^^^^^^^^^^
django.db.utils.IntegrityError: NOT NULL constraint failed: estateAgency_employee.profile_id
ERROR 2025-05-29 14:57:30,861 basehttp "POST /admin/estateAgency/employee/add/ HTTP/1.1" 500 209140
INFO 2025-05-29 14:57:36,446 basehttp "GET /admin/estateAgency/employee/add/ HTTP/1.1" 200 21145
INFO 2025-05-29 14:57:37,562 basehttp "GET /admin/estateAgency/employee/add/ HTTP/1.1" 200 21145
INFO 2025-05-29 14:57:37,579 basehttp "GET /admin/jsi18n/ HTTP/1.1" 200 3342
INFO 2025-05-29 14:59:53,471 autoreload /Users/user/Desktop/igi/353505_Chuiko_26/IGI/LR5/Agency/estateAgency/models.py changed, reloading.
INFO 2025-05-29 14:59:53,844 autoreload Watching for file changes with StatReloader
INFO 2025-05-29 15:02:59,061 autoreload Watching for file changes with StatReloader
INFO 2025-05-29 15:03:02,043 basehttp "GET /admin/estateAgency/employee/add/ HTTP/1.1" 200 20536
INFO 2025-05-29 15:03:02,932 basehttp "GET /admin/estateAgency/employee/add/ HTTP/1.1" 200 20536
INFO 2025-05-29 15:03:02,947 basehttp "GET /admin/jsi18n/ HTTP/1.1" 200 3342
INFO 2025-05-29 15:03:24,319 basehttp "POST /admin/estateAgency/employee/add/ HTTP/1.1" 200 20858
INFO 2025-05-29 15:03:24,343 basehttp "GET /admin/jsi18n/ HTTP/1.1" 200 3342
ERROR 2025-05-29 15:03:32,071 log Internal Server Error: /admin/estateAgency/employee/add/
Traceback (most recent call last):
  File "/Users/user/Desktop/igi/353505_Chuiko_26/IGI/LR5/Agency/venv/lib/python3.13/site-packages/django/db/backends/utils.py", line 105, in _execute
    return self.cursor.execute(sql, params)
           ~~~~~~~~~~~~~~~~~~~^^^^^^^^^^^^^
  File "/Users/user/Desktop/igi/353505_Chuiko_26/IGI/LR5/Agency/venv/lib/python3.13/site-packages/django/db/backends/sqlite3/base.py", line 360, in execute
    return super().execute(query, params)
           ~~~~~~~~~~~~~~~^^^^^^^^^^^^^^^
sqlite3.IntegrityError: NOT NULL constraint failed: estateAgency_employee.profile_id

The above exception was the direct cause of the following exception:

Traceback (most recent call last):
  File "/Users/user/Desktop/igi/353505_Chuiko_26/IGI/LR5/Agency/venv/lib/python3.13/site-packages/django/core/handlers/exception.py", line 55, in inner
    response = get_response(request)
  File "/Users/user/Desktop/igi/353505_Chuiko_26/IGI/LR5/Agency/venv/lib/python3.13/site-packages/django/core/handlers/base.py", line 197, in _get_response
    response = wrapped_callback(request, *callback_args, **callback_kwargs)
  File "/Users/user/Desktop/igi/353505_Chuiko_26/IGI/LR5/Agency/venv/lib/python3.13/site-packages/django/contrib/admin/options.py", line 719, in wrapper
    return self.admin_site.admin_view(view)(*args, **kwargs)
           ~~~~~~~~~~~~~~~~~~~~~~~~~~~~~~~~^^^^^^^^^^^^^^^^^
  File "/Users/user/Desktop/igi/353505_Chuiko_26/IGI/LR5/Agency/venv/lib/python3.13/site-packages/django/utils/decorators.py", line 192, in _view_wrapper
    result = _process_exception(request, e)
  File "/Users/user/Desktop/igi/353505_Chuiko_26/IGI/LR5/Agency/venv/lib/python3.13/site-packages/django/utils/decorators.py", line 190, in _view_wrapper
    response = view_func(request, *args, **kwargs)
  File "/Users/user/Desktop/igi/353505_Chuiko_26/IGI/LR5/Agency/venv/lib/python3.13/site-packages/django/views/decorators/cache.py", line 80, in _view_wrapper
    response = view_func(request, *args, **kwargs)
  File "/Users/user/Desktop/igi/353505_Chuiko_26/IGI/LR5/Agency/venv/lib/python3.13/site-packages/django/contrib/admin/sites.py", line 246, in inner
    return view(request, *args, **kwargs)
  File "/Users/user/Desktop/igi/353505_Chuiko_26/IGI/LR5/Agency/venv/lib/python3.13/site-packages/django/contrib/admin/options.py", line 1984, in add_view
    return self.changeform_view(request, None, form_url, extra_context)
           ~~~~~~~~~~~~~~~~~~~~^^^^^^^^^^^^^^^^^^^^^^^^^^^^^^^^^^^^^^^^
  File "/Users/user/Desktop/igi/353505_Chuiko_26/IGI/LR5/Agency/venv/lib/python3.13/site-packages/django/utils/decorators.py", line 48, in _wrapper
    return bound_method(*args, **kwargs)
  File "/Users/user/Desktop/igi/353505_Chuiko_26/IGI/LR5/Agency/venv/lib/python3.13/site-packages/django/utils/decorators.py", line 192, in _view_wrapper
    result = _process_exception(request, e)
  File "/Users/user/Desktop/igi/353505_Chuiko_26/IGI/LR5/Agency/venv/lib/python3.13/site-packages/django/utils/decorators.py", line 190, in _view_wrapper
    response = view_func(request, *args, **kwargs)
  File "/Users/user/Desktop/igi/353505_Chuiko_26/IGI/LR5/Agency/venv/lib/python3.13/site-packages/django/contrib/admin/options.py", line 1843, in changeform_view
    return self._changeform_view(request, object_id, form_url, extra_context)
           ~~~~~~~~~~~~~~~~~~~~~^^^^^^^^^^^^^^^^^^^^^^^^^^^^^^^^^^^^^^^^^^^^^
  File "/Users/user/Desktop/igi/353505_Chuiko_26/IGI/LR5/Agency/venv/lib/python3.13/site-packages/django/contrib/admin/options.py", line 1894, in _changeform_view
    self.save_model(request, new_object, form, not add)
    ~~~~~~~~~~~~~~~^^^^^^^^^^^^^^^^^^^^^^^^^^^^^^^^^^^^
  File "/Users/user/Desktop/igi/353505_Chuiko_26/IGI/LR5/Agency/venv/lib/python3.13/site-packages/django/contrib/admin/options.py", line 1314, in save_model
    obj.save()
    ~~~~~~~~^^
  File "/Users/user/Desktop/igi/353505_Chuiko_26/IGI/LR5/Agency/venv/lib/python3.13/site-packages/django/db/models/base.py", line 902, in save
    self.save_base(
    ~~~~~~~~~~~~~~^
        using=using,
        ^^^^^^^^^^^^
    ...<2 lines>...
        update_fields=update_fields,
        ^^^^^^^^^^^^^^^^^^^^^^^^^^^^
    )
    ^
  File "/Users/user/Desktop/igi/353505_Chuiko_26/IGI/LR5/Agency/venv/lib/python3.13/site-packages/django/db/models/base.py", line 1008, in save_base
    updated = self._save_table(
        raw,
    ...<4 lines>...
        update_fields,
    )
  File "/Users/user/Desktop/igi/353505_Chuiko_26/IGI/LR5/Agency/venv/lib/python3.13/site-packages/django/db/models/base.py", line 1169, in _save_table
    results = self._do_insert(
        cls._base_manager, using, fields, returning_fields, raw
    )
  File "/Users/user/Desktop/igi/353505_Chuiko_26/IGI/LR5/Agency/venv/lib/python3.13/site-packages/django/db/models/base.py", line 1210, in _do_insert
    return manager._insert(
           ~~~~~~~~~~~~~~~^
        [self],
        ^^^^^^^
    ...<3 lines>...
        raw=raw,
        ^^^^^^^^
    )
    ^
  File "/Users/user/Desktop/igi/353505_Chuiko_26/IGI/LR5/Agency/venv/lib/python3.13/site-packages/django/db/models/manager.py", line 87, in manager_method
    return getattr(self.get_queryset(), name)(*args, **kwargs)
           ~~~~~~~~~~~~~~~~~~~~~~~~~~~~~~~~~~^^^^^^^^^^^^^^^^^
  File "/Users/user/Desktop/igi/353505_Chuiko_26/IGI/LR5/Agency/venv/lib/python3.13/site-packages/django/db/models/query.py", line 1864, in _insert
    return query.get_compiler(using=using).execute_sql(returning_fields)
           ~~~~~~~~~~~~~~~~~~~~~~~~~~~~~~~~~~~~~~~~~~~^^^^^^^^^^^^^^^^^^
  File "/Users/user/Desktop/igi/353505_Chuiko_26/IGI/LR5/Agency/venv/lib/python3.13/site-packages/django/db/models/sql/compiler.py", line 1882, in execute_sql
    cursor.execute(sql, params)
    ~~~~~~~~~~~~~~^^^^^^^^^^^^^
  File "/Users/user/Desktop/igi/353505_Chuiko_26/IGI/LR5/Agency/venv/lib/python3.13/site-packages/django/db/backends/utils.py", line 122, in execute
    return super().execute(sql, params)
           ~~~~~~~~~~~~~~~^^^^^^^^^^^^^
  File "/Users/user/Desktop/igi/353505_Chuiko_26/IGI/LR5/Agency/venv/lib/python3.13/site-packages/django/db/backends/utils.py", line 79, in execute
    return self._execute_with_wrappers(
           ~~~~~~~~~~~~~~~~~~~~~~~~~~~^
        sql, params, many=False, executor=self._execute
        ^^^^^^^^^^^^^^^^^^^^^^^^^^^^^^^^^^^^^^^^^^^^^^^
    )
    ^
  File "/Users/user/Desktop/igi/353505_Chuiko_26/IGI/LR5/Agency/venv/lib/python3.13/site-packages/django/db/backends/utils.py", line 92, in _execute_with_wrappers
    return executor(sql, params, many, context)
  File "/Users/user/Desktop/igi/353505_Chuiko_26/IGI/LR5/Agency/venv/lib/python3.13/site-packages/django/db/backends/utils.py", line 100, in _execute
    with self.db.wrap_database_errors:
         ^^^^^^^^^^^^^^^^^^^^^^^^^^^^
  File "/Users/user/Desktop/igi/353505_Chuiko_26/IGI/LR5/Agency/venv/lib/python3.13/site-packages/django/db/utils.py", line 91, in __exit__
    raise dj_exc_value.with_traceback(traceback) from exc_value
  File "/Users/user/Desktop/igi/353505_Chuiko_26/IGI/LR5/Agency/venv/lib/python3.13/site-packages/django/db/backends/utils.py", line 105, in _execute
    return self.cursor.execute(sql, params)
           ~~~~~~~~~~~~~~~~~~~^^^^^^^^^^^^^
  File "/Users/user/Desktop/igi/353505_Chuiko_26/IGI/LR5/Agency/venv/lib/python3.13/site-packages/django/db/backends/sqlite3/base.py", line 360, in execute
    return super().execute(query, params)
           ~~~~~~~~~~~~~~~^^^^^^^^^^^^^^^
django.db.utils.IntegrityError: NOT NULL constraint failed: estateAgency_employee.profile_id
ERROR 2025-05-29 15:03:32,074 basehttp "POST /admin/estateAgency/employee/add/ HTTP/1.1" 500 208146
INFO 2025-05-29 15:05:23,392 autoreload /Users/user/Desktop/igi/353505_Chuiko_26/IGI/LR5/Agency/estateAgency/forms.py changed, reloading.
INFO 2025-05-29 15:05:23,819 autoreload Watching for file changes with StatReloader
INFO 2025-05-29 15:05:27,449 basehttp "GET /admin/estateAgency/employee/add/ HTTP/1.1" 200 20536
INFO 2025-05-29 15:05:28,002 basehttp "GET /admin/estateAgency/employee/add/ HTTP/1.1" 200 20536
INFO 2025-05-29 15:05:28,017 basehttp "GET /admin/jsi18n/ HTTP/1.1" 200 3342
ERROR 2025-05-29 15:05:44,836 log Internal Server Error: /admin/estateAgency/employee/add/
Traceback (most recent call last):
  File "/Users/user/Desktop/igi/353505_Chuiko_26/IGI/LR5/Agency/venv/lib/python3.13/site-packages/django/db/backends/utils.py", line 105, in _execute
    return self.cursor.execute(sql, params)
           ~~~~~~~~~~~~~~~~~~~^^^^^^^^^^^^^
  File "/Users/user/Desktop/igi/353505_Chuiko_26/IGI/LR5/Agency/venv/lib/python3.13/site-packages/django/db/backends/sqlite3/base.py", line 360, in execute
    return super().execute(query, params)
           ~~~~~~~~~~~~~~~^^^^^^^^^^^^^^^
sqlite3.IntegrityError: NOT NULL constraint failed: estateAgency_employee.profile_id

The above exception was the direct cause of the following exception:

Traceback (most recent call last):
  File "/Users/user/Desktop/igi/353505_Chuiko_26/IGI/LR5/Agency/venv/lib/python3.13/site-packages/django/core/handlers/exception.py", line 55, in inner
    response = get_response(request)
  File "/Users/user/Desktop/igi/353505_Chuiko_26/IGI/LR5/Agency/venv/lib/python3.13/site-packages/django/core/handlers/base.py", line 197, in _get_response
    response = wrapped_callback(request, *callback_args, **callback_kwargs)
  File "/Users/user/Desktop/igi/353505_Chuiko_26/IGI/LR5/Agency/venv/lib/python3.13/site-packages/django/contrib/admin/options.py", line 719, in wrapper
    return self.admin_site.admin_view(view)(*args, **kwargs)
           ~~~~~~~~~~~~~~~~~~~~~~~~~~~~~~~~^^^^^^^^^^^^^^^^^
  File "/Users/user/Desktop/igi/353505_Chuiko_26/IGI/LR5/Agency/venv/lib/python3.13/site-packages/django/utils/decorators.py", line 192, in _view_wrapper
    result = _process_exception(request, e)
  File "/Users/user/Desktop/igi/353505_Chuiko_26/IGI/LR5/Agency/venv/lib/python3.13/site-packages/django/utils/decorators.py", line 190, in _view_wrapper
    response = view_func(request, *args, **kwargs)
  File "/Users/user/Desktop/igi/353505_Chuiko_26/IGI/LR5/Agency/venv/lib/python3.13/site-packages/django/views/decorators/cache.py", line 80, in _view_wrapper
    response = view_func(request, *args, **kwargs)
  File "/Users/user/Desktop/igi/353505_Chuiko_26/IGI/LR5/Agency/venv/lib/python3.13/site-packages/django/contrib/admin/sites.py", line 246, in inner
    return view(request, *args, **kwargs)
  File "/Users/user/Desktop/igi/353505_Chuiko_26/IGI/LR5/Agency/venv/lib/python3.13/site-packages/django/contrib/admin/options.py", line 1984, in add_view
    return self.changeform_view(request, None, form_url, extra_context)
           ~~~~~~~~~~~~~~~~~~~~^^^^^^^^^^^^^^^^^^^^^^^^^^^^^^^^^^^^^^^^
  File "/Users/user/Desktop/igi/353505_Chuiko_26/IGI/LR5/Agency/venv/lib/python3.13/site-packages/django/utils/decorators.py", line 48, in _wrapper
    return bound_method(*args, **kwargs)
  File "/Users/user/Desktop/igi/353505_Chuiko_26/IGI/LR5/Agency/venv/lib/python3.13/site-packages/django/utils/decorators.py", line 192, in _view_wrapper
    result = _process_exception(request, e)
  File "/Users/user/Desktop/igi/353505_Chuiko_26/IGI/LR5/Agency/venv/lib/python3.13/site-packages/django/utils/decorators.py", line 190, in _view_wrapper
    response = view_func(request, *args, **kwargs)
  File "/Users/user/Desktop/igi/353505_Chuiko_26/IGI/LR5/Agency/venv/lib/python3.13/site-packages/django/contrib/admin/options.py", line 1843, in changeform_view
    return self._changeform_view(request, object_id, form_url, extra_context)
           ~~~~~~~~~~~~~~~~~~~~~^^^^^^^^^^^^^^^^^^^^^^^^^^^^^^^^^^^^^^^^^^^^^
  File "/Users/user/Desktop/igi/353505_Chuiko_26/IGI/LR5/Agency/venv/lib/python3.13/site-packages/django/contrib/admin/options.py", line 1894, in _changeform_view
    self.save_model(request, new_object, form, not add)
    ~~~~~~~~~~~~~~~^^^^^^^^^^^^^^^^^^^^^^^^^^^^^^^^^^^^
  File "/Users/user/Desktop/igi/353505_Chuiko_26/IGI/LR5/Agency/venv/lib/python3.13/site-packages/django/contrib/admin/options.py", line 1314, in save_model
    obj.save()
    ~~~~~~~~^^
  File "/Users/user/Desktop/igi/353505_Chuiko_26/IGI/LR5/Agency/venv/lib/python3.13/site-packages/django/db/models/base.py", line 902, in save
    self.save_base(
    ~~~~~~~~~~~~~~^
        using=using,
        ^^^^^^^^^^^^
    ...<2 lines>...
        update_fields=update_fields,
        ^^^^^^^^^^^^^^^^^^^^^^^^^^^^
    )
    ^
  File "/Users/user/Desktop/igi/353505_Chuiko_26/IGI/LR5/Agency/venv/lib/python3.13/site-packages/django/db/models/base.py", line 1008, in save_base
    updated = self._save_table(
        raw,
    ...<4 lines>...
        update_fields,
    )
  File "/Users/user/Desktop/igi/353505_Chuiko_26/IGI/LR5/Agency/venv/lib/python3.13/site-packages/django/db/models/base.py", line 1169, in _save_table
    results = self._do_insert(
        cls._base_manager, using, fields, returning_fields, raw
    )
  File "/Users/user/Desktop/igi/353505_Chuiko_26/IGI/LR5/Agency/venv/lib/python3.13/site-packages/django/db/models/base.py", line 1210, in _do_insert
    return manager._insert(
           ~~~~~~~~~~~~~~~^
        [self],
        ^^^^^^^
    ...<3 lines>...
        raw=raw,
        ^^^^^^^^
    )
    ^
  File "/Users/user/Desktop/igi/353505_Chuiko_26/IGI/LR5/Agency/venv/lib/python3.13/site-packages/django/db/models/manager.py", line 87, in manager_method
    return getattr(self.get_queryset(), name)(*args, **kwargs)
           ~~~~~~~~~~~~~~~~~~~~~~~~~~~~~~~~~~^^^^^^^^^^^^^^^^^
  File "/Users/user/Desktop/igi/353505_Chuiko_26/IGI/LR5/Agency/venv/lib/python3.13/site-packages/django/db/models/query.py", line 1864, in _insert
    return query.get_compiler(using=using).execute_sql(returning_fields)
           ~~~~~~~~~~~~~~~~~~~~~~~~~~~~~~~~~~~~~~~~~~~^^^^^^^^^^^^^^^^^^
  File "/Users/user/Desktop/igi/353505_Chuiko_26/IGI/LR5/Agency/venv/lib/python3.13/site-packages/django/db/models/sql/compiler.py", line 1882, in execute_sql
    cursor.execute(sql, params)
    ~~~~~~~~~~~~~~^^^^^^^^^^^^^
  File "/Users/user/Desktop/igi/353505_Chuiko_26/IGI/LR5/Agency/venv/lib/python3.13/site-packages/django/db/backends/utils.py", line 122, in execute
    return super().execute(sql, params)
           ~~~~~~~~~~~~~~~^^^^^^^^^^^^^
  File "/Users/user/Desktop/igi/353505_Chuiko_26/IGI/LR5/Agency/venv/lib/python3.13/site-packages/django/db/backends/utils.py", line 79, in execute
    return self._execute_with_wrappers(
           ~~~~~~~~~~~~~~~~~~~~~~~~~~~^
        sql, params, many=False, executor=self._execute
        ^^^^^^^^^^^^^^^^^^^^^^^^^^^^^^^^^^^^^^^^^^^^^^^
    )
    ^
  File "/Users/user/Desktop/igi/353505_Chuiko_26/IGI/LR5/Agency/venv/lib/python3.13/site-packages/django/db/backends/utils.py", line 92, in _execute_with_wrappers
    return executor(sql, params, many, context)
  File "/Users/user/Desktop/igi/353505_Chuiko_26/IGI/LR5/Agency/venv/lib/python3.13/site-packages/django/db/backends/utils.py", line 100, in _execute
    with self.db.wrap_database_errors:
         ^^^^^^^^^^^^^^^^^^^^^^^^^^^^
  File "/Users/user/Desktop/igi/353505_Chuiko_26/IGI/LR5/Agency/venv/lib/python3.13/site-packages/django/db/utils.py", line 91, in __exit__
    raise dj_exc_value.with_traceback(traceback) from exc_value
  File "/Users/user/Desktop/igi/353505_Chuiko_26/IGI/LR5/Agency/venv/lib/python3.13/site-packages/django/db/backends/utils.py", line 105, in _execute
    return self.cursor.execute(sql, params)
           ~~~~~~~~~~~~~~~~~~~^^^^^^^^^^^^^
  File "/Users/user/Desktop/igi/353505_Chuiko_26/IGI/LR5/Agency/venv/lib/python3.13/site-packages/django/db/backends/sqlite3/base.py", line 360, in execute
    return super().execute(query, params)
           ~~~~~~~~~~~~~~~^^^^^^^^^^^^^^^
django.db.utils.IntegrityError: NOT NULL constraint failed: estateAgency_employee.profile_id
ERROR 2025-05-29 15:05:44,840 basehttp "POST /admin/estateAgency/employee/add/ HTTP/1.1" 500 208146
INFO 2025-05-29 15:06:14,366 autoreload /Users/user/Desktop/igi/353505_Chuiko_26/IGI/LR5/Agency/estateAgency/models.py changed, reloading.
INFO 2025-05-29 15:06:14,757 autoreload Watching for file changes with StatReloader
INFO 2025-05-29 15:06:57,866 autoreload Watching for file changes with StatReloader
INFO 2025-05-29 15:07:01,783 basehttp "GET /admin/estateAgency/employee/add/ HTTP/1.1" 200 20536
INFO 2025-05-29 15:07:04,204 basehttp "POST /admin/estateAgency/employee/add/ HTTP/1.1" 302 0
INFO 2025-05-29 15:07:04,231 basehttp "GET /admin/estateAgency/employee/ HTTP/1.1" 200 20040
INFO 2025-05-29 15:07:04,248 basehttp "GET /admin/jsi18n/ HTTP/1.1" 200 3342
INFO 2025-05-29 15:07:07,705 basehttp "GET /admin/estateAgency/client/ HTTP/1.1" 200 19539
INFO 2025-05-29 15:07:07,718 basehttp "GET /admin/jsi18n/ HTTP/1.1" 200 3342
INFO 2025-05-29 15:07:09,762 basehttp "GET /admin/estateAgency/client/add/ HTTP/1.1" 200 19818
INFO 2025-05-29 15:07:09,777 basehttp "GET /admin/jsi18n/ HTTP/1.1" 200 3342
INFO 2025-05-29 15:07:47,927 basehttp "POST /admin/estateAgency/client/add/ HTTP/1.1" 302 0
INFO 2025-05-29 15:07:47,939 basehttp "GET /admin/estateAgency/client/ HTTP/1.1" 200 20334
INFO 2025-05-29 15:07:47,950 basehttp "GET /admin/jsi18n/ HTTP/1.1" 200 3342
INFO 2025-05-29 15:07:50,500 basehttp "GET /admin/estateAgency/client/add/ HTTP/1.1" 200 19818
INFO 2025-05-29 15:07:50,517 basehttp "GET /admin/jsi18n/ HTTP/1.1" 200 3342
INFO 2025-05-29 15:07:52,882 basehttp "GET /admin/estateAgency/companyinfo/ HTTP/1.1" 200 15082
INFO 2025-05-29 15:07:52,896 basehttp "GET /admin/jsi18n/ HTTP/1.1" 200 3342
INFO 2025-05-29 15:07:53,495 basehttp "GET /admin/estateAgency/deal/ HTTP/1.1" 200 18859
INFO 2025-05-29 15:07:53,512 basehttp "GET /admin/jsi18n/ HTTP/1.1" 200 3342
INFO 2025-05-29 15:08:20,777 basehttp "GET /admin/estateAgency/deal/ HTTP/1.1" 200 18859
INFO 2025-05-29 15:08:20,793 basehttp "GET /admin/jsi18n/ HTTP/1.1" 200 3342
INFO 2025-05-29 15:08:22,793 basehttp "GET /admin/estateAgency/employee/ HTTP/1.1" 200 19815
INFO 2025-05-29 15:08:22,808 basehttp "GET /admin/jsi18n/ HTTP/1.1" 200 3342
INFO 2025-05-29 15:08:24,941 basehttp "GET /admin/estateAgency/glossaryentry/ HTTP/1.1" 200 16808
INFO 2025-05-29 15:08:24,958 basehttp "GET /admin/jsi18n/ HTTP/1.1" 200 3342
INFO 2025-05-29 15:08:29,731 basehttp "GET /admin/estateAgency/news/ HTTP/1.1" 200 19561
INFO 2025-05-29 15:08:29,748 basehttp "GET /admin/jsi18n/ HTTP/1.1" 200 3342
INFO 2025-05-29 15:08:32,257 basehttp "GET /admin/estateAgency/owner/ HTTP/1.1" 200 16740
INFO 2025-05-29 15:08:32,272 basehttp "GET /admin/jsi18n/ HTTP/1.1" 200 3342
INFO 2025-05-29 15:08:35,777 basehttp "GET /admin/estateAgency/news/ HTTP/1.1" 200 19561
INFO 2025-05-29 15:08:35,793 basehttp "GET /admin/jsi18n/ HTTP/1.1" 200 3342
INFO 2025-05-29 15:08:37,326 basehttp "GET /admin/estateAgency/news/add/ HTTP/1.1" 200 17285
INFO 2025-05-29 15:08:37,342 basehttp "GET /admin/jsi18n/ HTTP/1.1" 200 3342
INFO 2025-05-29 15:08:41,798 basehttp "POST /admin/estateAgency/news/add/ HTTP/1.1" 302 0
INFO 2025-05-29 15:08:41,812 basehttp "GET /admin/estateAgency/news/ HTTP/1.1" 200 20267
INFO 2025-05-29 15:08:41,824 basehttp "GET /admin/jsi18n/ HTTP/1.1" 200 3342
INFO 2025-05-29 15:08:43,638 basehttp "GET /admin/estateAgency/owner/ HTTP/1.1" 200 16740
INFO 2025-05-29 15:08:43,656 basehttp "GET /admin/jsi18n/ HTTP/1.1" 200 3342
INFO 2025-05-29 15:08:45,960 basehttp "GET /admin/estateAgency/owner/add/ HTTP/1.1" 200 20068
INFO 2025-05-29 15:08:45,978 basehttp "GET /admin/jsi18n/ HTTP/1.1" 200 3342
INFO 2025-05-29 15:08:58,469 basehttp "POST /admin/estateAgency/owner/add/ HTTP/1.1" 302 0
INFO 2025-05-29 15:08:58,483 basehttp "GET /admin/estateAgency/owner/ HTTP/1.1" 200 17325
INFO 2025-05-29 15:08:58,497 basehttp "GET /admin/jsi18n/ HTTP/1.1" 200 3342
INFO 2025-05-29 15:09:01,495 basehttp "GET /admin/estateAgency/profile/ HTTP/1.1" 200 20653
INFO 2025-05-29 15:09:01,511 basehttp "GET /admin/jsi18n/ HTTP/1.1" 200 3342
INFO 2025-05-29 15:09:06,946 basehttp "GET /admin/estateAgency/promocode/ HTTP/1.1" 200 19635
INFO 2025-05-29 15:09:06,962 basehttp "GET /admin/jsi18n/ HTTP/1.1" 200 3342
INFO 2025-05-29 15:09:15,457 basehttp "GET /admin/estateAgency/propertytype/ HTTP/1.1" 200 17116
INFO 2025-05-29 15:09:15,473 basehttp "GET /admin/jsi18n/ HTTP/1.1" 200 3342
INFO 2025-05-29 15:09:17,796 basehttp "GET /admin/estateAgency/property/ HTTP/1.1" 200 20673
INFO 2025-05-29 15:09:17,812 basehttp "GET /admin/jsi18n/ HTTP/1.1" 200 3342
INFO 2025-05-29 15:09:19,176 basehttp "GET /admin/estateAgency/review/ HTTP/1.1" 200 19016
INFO 2025-05-29 15:09:19,190 basehttp "GET /admin/jsi18n/ HTTP/1.1" 200 3342
INFO 2025-05-29 15:09:23,348 basehttp "GET /admin/estateAgency/review/1/change/ HTTP/1.1" 200 20246
INFO 2025-05-29 15:09:23,365 basehttp "GET /admin/jsi18n/ HTTP/1.1" 200 3342
INFO 2025-05-29 15:09:27,409 basehttp "GET /admin/estateAgency/review/ HTTP/1.1" 200 19016
INFO 2025-05-29 15:09:27,425 basehttp "GET /admin/jsi18n/ HTTP/1.1" 200 3342
INFO 2025-05-29 15:09:29,155 basehttp "GET /admin/estateAgency/vacancy/ HTTP/1.1" 200 16754
INFO 2025-05-29 15:09:29,171 basehttp "GET /admin/jsi18n/ HTTP/1.1" 200 3342
INFO 2025-05-29 15:09:37,465 basehttp "GET /admin/estateAgency/contact/ HTTP/1.1" 200 16948
INFO 2025-05-29 15:09:37,479 basehttp "GET /admin/jsi18n/ HTTP/1.1" 200 3342
INFO 2025-05-29 15:09:39,004 basehttp "GET /admin/estateAgency/contact/add/ HTTP/1.1" 200 18640
INFO 2025-05-29 15:09:39,020 basehttp "GET /admin/jsi18n/ HTTP/1.1" 200 3342
INFO 2025-05-29 15:09:41,268 basehttp "GET /admin/estateAgency/contact/ HTTP/1.1" 200 16948
INFO 2025-05-29 15:09:41,284 basehttp "GET /admin/jsi18n/ HTTP/1.1" 200 3342
INFO 2025-05-29 15:09:43,251 basehttp "GET /admin/estateAgency/contact/add/ HTTP/1.1" 200 18640
INFO 2025-05-29 15:09:43,267 basehttp "GET /admin/jsi18n/ HTTP/1.1" 200 3342
INFO 2025-05-29 15:10:03,065 basehttp "POST /admin/estateAgency/contact/add/ HTTP/1.1" 302 0
INFO 2025-05-29 15:10:03,077 basehttp "GET /admin/estateAgency/contact/ HTTP/1.1" 200 17572
INFO 2025-05-29 15:10:03,089 basehttp "GET /admin/jsi18n/ HTTP/1.1" 200 3342
INFO 2025-05-29 15:10:09,181 basehttp "GET /admin/estateAgency/vacancy/ HTTP/1.1" 200 16754
INFO 2025-05-29 15:10:09,197 basehttp "GET /admin/jsi18n/ HTTP/1.1" 200 3342
INFO 2025-05-29 15:10:12,137 basehttp "GET /admin/estateAgency/aboutcompany/ HTTP/1.1" 200 18127
INFO 2025-05-29 15:10:12,153 basehttp "GET /admin/jsi18n/ HTTP/1.1" 200 3342
INFO 2025-05-29 15:10:14,879 basehttp "GET /admin/estateAgency/client/ HTTP/1.1" 200 20113
INFO 2025-05-29 15:10:14,894 basehttp "GET /admin/jsi18n/ HTTP/1.1" 200 3342
INFO 2025-05-29 15:10:22,542 basehttp "GET /admin/estateAgency/deal/ HTTP/1.1" 200 18859
INFO 2025-05-29 15:10:22,558 basehttp "GET /admin/jsi18n/ HTTP/1.1" 200 3342
INFO 2025-05-29 15:10:44,856 basehttp "GET /admin/estateAgency/propertytype/ HTTP/1.1" 200 17116
INFO 2025-05-29 15:10:44,873 basehttp "GET /admin/jsi18n/ HTTP/1.1" 200 3342
INFO 2025-05-29 15:10:45,891 basehttp "GET /admin/estateAgency/propertytype/add/ HTTP/1.1" 200 16175
INFO 2025-05-29 15:10:45,903 basehttp "GET /admin/jsi18n/ HTTP/1.1" 200 3342
INFO 2025-05-29 15:10:52,444 basehttp "POST /admin/estateAgency/propertytype/add/ HTTP/1.1" 302 0
INFO 2025-05-29 15:10:52,460 basehttp "GET /admin/estateAgency/propertytype/ HTTP/1.1" 200 17759
INFO 2025-05-29 15:10:52,473 basehttp "GET /admin/jsi18n/ HTTP/1.1" 200 3342
INFO 2025-05-29 15:11:24,851 basehttp "GET /admin/estateAgency/propertytype/add/ HTTP/1.1" 200 16175
INFO 2025-05-29 15:11:24,867 basehttp "GET /admin/jsi18n/ HTTP/1.1" 200 3342
INFO 2025-05-29 15:11:36,510 basehttp "POST /admin/estateAgency/propertytype/add/ HTTP/1.1" 302 0
INFO 2025-05-29 15:11:36,524 basehttp "GET /admin/estateAgency/propertytype/ HTTP/1.1" 200 18105
INFO 2025-05-29 15:11:36,536 basehttp "GET /admin/jsi18n/ HTTP/1.1" 200 3342
INFO 2025-05-29 15:11:47,603 basehttp "GET /admin/estateAgency/propertytype/add/ HTTP/1.1" 200 16175
INFO 2025-05-29 15:11:47,620 basehttp "GET /admin/jsi18n/ HTTP/1.1" 200 3342
INFO 2025-05-29 15:11:54,662 basehttp "POST /admin/estateAgency/propertytype/add/ HTTP/1.1" 302 0
INFO 2025-05-29 15:11:54,677 basehttp "GET /admin/estateAgency/propertytype/ HTTP/1.1" 200 18435
INFO 2025-05-29 15:11:54,697 basehttp "GET /admin/jsi18n/ HTTP/1.1" 200 3342
INFO 2025-05-29 15:11:58,117 basehttp "GET /admin/estateAgency/propertytype/add/ HTTP/1.1" 200 16175
INFO 2025-05-29 15:11:58,133 basehttp "GET /admin/jsi18n/ HTTP/1.1" 200 3342
INFO 2025-05-29 15:12:10,375 basehttp "POST /admin/estateAgency/propertytype/add/ HTTP/1.1" 302 0
INFO 2025-05-29 15:12:10,391 basehttp "GET /admin/estateAgency/propertytype/ HTTP/1.1" 200 18784
INFO 2025-05-29 15:12:10,405 basehttp "GET /admin/jsi18n/ HTTP/1.1" 200 3342
INFO 2025-05-29 15:12:24,151 basehttp "GET /statistics/ HTTP/1.1" 200 184980
INFO 2025-05-29 15:12:52,234 basehttp "GET /admin/estateAgency/propertytype/add/ HTTP/1.1" 200 16175
INFO 2025-05-29 15:12:52,251 basehttp "GET /admin/jsi18n/ HTTP/1.1" 200 3342
INFO 2025-05-29 15:12:56,080 basehttp "POST /admin/estateAgency/propertytype/add/ HTTP/1.1" 302 0
INFO 2025-05-29 15:12:56,096 basehttp "GET /admin/estateAgency/propertytype/ HTTP/1.1" 200 19128
INFO 2025-05-29 15:12:56,110 basehttp "GET /admin/jsi18n/ HTTP/1.1" 200 3342
INFO 2025-05-29 15:13:14,015 basehttp "GET /admin/estateAgency/propertytype/add/ HTTP/1.1" 200 16175
INFO 2025-05-29 15:13:14,031 basehttp "GET /admin/jsi18n/ HTTP/1.1" 200 3342
INFO 2025-05-29 15:13:16,309 basehttp "POST /admin/estateAgency/propertytype/add/ HTTP/1.1" 302 0
INFO 2025-05-29 15:13:16,331 basehttp "GET /admin/estateAgency/propertytype/ HTTP/1.1" 200 19466
INFO 2025-05-29 15:13:16,344 basehttp "GET /admin/jsi18n/ HTTP/1.1" 200 3342
INFO 2025-05-29 15:13:25,617 basehttp "GET /admin/estateAgency/propertytype/add/ HTTP/1.1" 200 16175
INFO 2025-05-29 15:13:25,632 basehttp "GET /admin/jsi18n/ HTTP/1.1" 200 3342
INFO 2025-05-29 15:13:28,439 basehttp "POST /admin/estateAgency/propertytype/add/ HTTP/1.1" 302 0
INFO 2025-05-29 15:13:28,456 basehttp "GET /admin/estateAgency/propertytype/ HTTP/1.1" 200 19824
INFO 2025-05-29 15:13:28,469 basehttp "GET /admin/jsi18n/ HTTP/1.1" 200 3342
INFO 2025-05-29 15:14:07,222 basehttp "GET /admin/estateAgency/propertytype/add/ HTTP/1.1" 200 16175
INFO 2025-05-29 15:14:07,233 basehttp "GET /admin/jsi18n/ HTTP/1.1" 200 3342
INFO 2025-05-29 15:14:09,974 basehttp "POST /admin/estateAgency/propertytype/add/ HTTP/1.1" 302 0
INFO 2025-05-29 15:14:09,993 basehttp "GET /admin/estateAgency/propertytype/ HTTP/1.1" 200 20155
INFO 2025-05-29 15:14:10,006 basehttp "GET /admin/jsi18n/ HTTP/1.1" 200 3342
INFO 2025-05-29 15:14:41,265 basehttp "GET /admin/estateAgency/property/ HTTP/1.1" 200 21260
INFO 2025-05-29 15:14:41,279 basehttp "GET /admin/jsi18n/ HTTP/1.1" 200 3342
INFO 2025-05-29 15:14:44,397 basehttp "POST /admin/estateAgency/property/ HTTP/1.1" 302 0
INFO 2025-05-29 15:14:44,417 basehttp "GET /admin/estateAgency/property/ HTTP/1.1" 200 21260
INFO 2025-05-29 15:14:44,431 basehttp "GET /admin/jsi18n/ HTTP/1.1" 200 3342
INFO 2025-05-29 15:14:46,807 basehttp "GET /admin/estateAgency/property/add/ HTTP/1.1" 200 24267
INFO 2025-05-29 15:14:46,823 basehttp "GET /admin/jsi18n/ HTTP/1.1" 200 3342
INFO 2025-05-29 15:15:09,217 basehttp "GET /admin/estateAgency/owner/?_to_field=id&_popup=1 HTTP/1.1" 200 5319
INFO 2025-05-29 15:15:13,364 basehttp "GET /admin/estateAgency/employee/?_to_field=id&_popup=1 HTTP/1.1" 200 8591
INFO 2025-05-29 15:15:16,400 basehttp "POST /admin/estateAgency/property/add/ HTTP/1.1" 302 0
INFO 2025-05-29 15:15:16,421 basehttp "GET /admin/estateAgency/property/ HTTP/1.1" 200 22347
INFO 2025-05-29 15:15:16,436 basehttp "GET /admin/jsi18n/ HTTP/1.1" 200 3342
INFO 2025-05-29 15:15:24,885 basehttp "GET /admin/estateAgency/employee/ HTTP/1.1" 200 19815
INFO 2025-05-29 15:15:24,902 basehttp "GET /admin/jsi18n/ HTTP/1.1" 200 3342
INFO 2025-05-29 15:15:37,851 basehttp "GET /admin/estateAgency/employee/add/ HTTP/1.1" 200 20590
INFO 2025-05-29 15:15:37,869 basehttp "GET /admin/jsi18n/ HTTP/1.1" 200 3342
INFO 2025-05-29 15:16:39,668 basehttp "GET /admin/estateAgency/property/add/?_to_field=id&_popup=1 HTTP/1.1" 200 13160
INFO 2025-05-29 15:16:39,687 basehttp "GET /admin/jsi18n/ HTTP/1.1" 200 3342
INFO 2025-05-29 15:16:42,736 basehttp "POST /admin/estateAgency/employee/add/ HTTP/1.1" 200 20863
INFO 2025-05-29 15:16:42,752 basehttp "GET /admin/jsi18n/ HTTP/1.1" 200 3342
INFO 2025-05-29 15:16:49,855 basehttp "POST /admin/estateAgency/employee/add/ HTTP/1.1" 302 0
INFO 2025-05-29 15:16:49,869 basehttp "GET /admin/estateAgency/employee/ HTTP/1.1" 200 20571
INFO 2025-05-29 15:16:49,883 basehttp "GET /admin/jsi18n/ HTTP/1.1" 200 3342
INFO 2025-05-29 15:16:54,822 basehttp "GET /admin/estateAgency/client/ HTTP/1.1" 200 20113
INFO 2025-05-29 15:16:54,836 basehttp "GET /admin/jsi18n/ HTTP/1.1" 200 3342
INFO 2025-05-29 15:17:00,435 basehttp "GET /admin/estateAgency/client/add/ HTTP/1.1" 200 19818
INFO 2025-05-29 15:17:00,452 basehttp "GET /admin/jsi18n/ HTTP/1.1" 200 3342
INFO 2025-05-29 15:17:07,592 basehttp "GET /admin/estateAgency/client/ HTTP/1.1" 200 20113
INFO 2025-05-29 15:17:07,606 basehttp "GET /admin/jsi18n/ HTTP/1.1" 200 3342
INFO 2025-05-29 15:17:09,631 basehttp "GET /admin/estateAgency/client/add/ HTTP/1.1" 200 19818
INFO 2025-05-29 15:17:09,645 basehttp "GET /admin/jsi18n/ HTTP/1.1" 200 3342
INFO 2025-05-29 15:17:33,297 basehttp "POST /admin/estateAgency/client/add/ HTTP/1.1" 302 0
INFO 2025-05-29 15:17:33,309 basehttp "GET /admin/estateAgency/client/ HTTP/1.1" 200 20853
INFO 2025-05-29 15:17:33,323 basehttp "GET /admin/jsi18n/ HTTP/1.1" 200 3342
INFO 2025-05-29 15:17:36,557 basehttp "GET /admin/estateAgency/promocode/ HTTP/1.1" 200 20190
INFO 2025-05-29 15:17:36,572 basehttp "GET /admin/jsi18n/ HTTP/1.1" 200 3342
INFO 2025-05-29 15:17:38,389 basehttp "GET /admin/estateAgency/promocode/add/ HTTP/1.1" 200 19554
INFO 2025-05-29 15:17:38,405 basehttp "GET /admin/jsi18n/ HTTP/1.1" 200 3342
INFO 2025-05-29 15:17:50,009 basehttp "POST /admin/estateAgency/promocode/add/ HTTP/1.1" 302 0
INFO 2025-05-29 15:17:50,024 basehttp "GET /admin/estateAgency/promocode/ HTTP/1.1" 200 21000
INFO 2025-05-29 15:17:50,039 basehttp "GET /admin/jsi18n/ HTTP/1.1" 200 3342
INFO 2025-05-29 15:17:52,184 basehttp "GET /admin/estateAgency/propertytype/ HTTP/1.1" 200 19937
INFO 2025-05-29 15:17:52,200 basehttp "GET /admin/jsi18n/ HTTP/1.1" 200 3342
INFO 2025-05-29 15:17:52,989 basehttp "GET /admin/estateAgency/property/ HTTP/1.1" 200 22122
INFO 2025-05-29 15:17:53,005 basehttp "GET /admin/jsi18n/ HTTP/1.1" 200 3342
INFO 2025-05-29 15:17:54,719 basehttp "GET /admin/estateAgency/review/ HTTP/1.1" 200 19016
INFO 2025-05-29 15:17:54,736 basehttp "GET /admin/jsi18n/ HTTP/1.1" 200 3342
INFO 2025-05-29 15:17:56,126 basehttp "GET /admin/estateAgency/property/ HTTP/1.1" 200 22122
INFO 2025-05-29 15:17:56,142 basehttp "GET /admin/jsi18n/ HTTP/1.1" 200 3342
INFO 2025-05-29 15:17:58,437 basehttp "GET /admin/estateAgency/property/add/ HTTP/1.1" 200 24267
INFO 2025-05-29 15:17:58,462 basehttp "GET /admin/jsi18n/ HTTP/1.1" 200 3342
INFO 2025-05-29 15:18:37,719 basehttp "GET /admin/estateAgency/owner/?_to_field=id&_popup=1 HTTP/1.1" 200 5319
INFO 2025-05-29 15:18:40,265 basehttp "GET /admin/estateAgency/employee/?_to_field=id&_popup=1 HTTP/1.1" 200 9030
INFO 2025-05-29 15:18:42,501 basehttp "POST /admin/estateAgency/property/add/ HTTP/1.1" 302 0
INFO 2025-05-29 15:18:42,524 basehttp "GET /admin/estateAgency/property/ HTTP/1.1" 200 23249
INFO 2025-05-29 15:18:42,541 basehttp "GET /admin/jsi18n/ HTTP/1.1" 200 3342
INFO 2025-05-29 15:18:55,685 basehttp "GET /admin/estateAgency/review/ HTTP/1.1" 200 19016
INFO 2025-05-29 15:18:55,701 basehttp "GET /admin/jsi18n/ HTTP/1.1" 200 3342
INFO 2025-05-29 15:18:56,316 basehttp "GET /admin/estateAgency/vacancy/ HTTP/1.1" 200 16754
INFO 2025-05-29 15:18:56,331 basehttp "GET /admin/jsi18n/ HTTP/1.1" 200 3342
INFO 2025-05-29 15:18:57,315 basehttp "GET /admin/estateAgency/contact/ HTTP/1.1" 200 17347
INFO 2025-05-29 15:18:57,331 basehttp "GET /admin/jsi18n/ HTTP/1.1" 200 3342
INFO 2025-05-29 15:18:59,314 basehttp "GET /admin/estateAgency/vacancy/ HTTP/1.1" 200 16754
INFO 2025-05-29 15:18:59,330 basehttp "GET /admin/jsi18n/ HTTP/1.1" 200 3342
INFO 2025-05-29 15:19:07,380 basehttp "GET /admin/estateAgency/glossaryentry/ HTTP/1.1" 200 16808
INFO 2025-05-29 15:19:07,398 basehttp "GET /admin/jsi18n/ HTTP/1.1" 200 3342
INFO 2025-05-29 15:19:09,051 basehttp "GET /admin/estateAgency/employee/ HTTP/1.1" 200 20342
INFO 2025-05-29 15:19:09,068 basehttp "GET /admin/jsi18n/ HTTP/1.1" 200 3342
INFO 2025-05-29 15:19:11,501 basehttp "GET /admin/estateAgency/client/ HTTP/1.1" 200 20632
INFO 2025-05-29 15:19:11,514 basehttp "GET /admin/jsi18n/ HTTP/1.1" 200 3342
INFO 2025-05-29 15:19:12,763 basehttp "GET /admin/estateAgency/companyinfo/ HTTP/1.1" 200 15082
INFO 2025-05-29 15:19:12,779 basehttp "GET /admin/jsi18n/ HTTP/1.1" 200 3342
INFO 2025-05-29 15:19:14,146 basehttp "GET /admin/estateAgency/aboutcompany/ HTTP/1.1" 200 18127
INFO 2025-05-29 15:19:14,163 basehttp "GET /admin/jsi18n/ HTTP/1.1" 200 3342
INFO 2025-05-29 15:19:15,740 basehttp "GET /admin/estateAgency/client/ HTTP/1.1" 200 20632
INFO 2025-05-29 15:19:15,757 basehttp "GET /admin/jsi18n/ HTTP/1.1" 200 3342
INFO 2025-05-29 15:19:16,543 basehttp "GET /admin/estateAgency/companyinfo/ HTTP/1.1" 200 15082
INFO 2025-05-29 15:19:16,559 basehttp "GET /admin/jsi18n/ HTTP/1.1" 200 3342
INFO 2025-05-29 15:19:17,567 basehttp "GET /admin/estateAgency/deal/ HTTP/1.1" 200 18859
INFO 2025-05-29 15:19:17,582 basehttp "GET /admin/jsi18n/ HTTP/1.1" 200 3342
INFO 2025-05-29 15:19:18,487 basehttp "GET /admin/estateAgency/news/ HTTP/1.1" 200 20070
INFO 2025-05-29 15:19:18,502 basehttp "GET /admin/jsi18n/ HTTP/1.1" 200 3342
INFO 2025-05-29 15:19:23,621 basehttp "GET /news/ HTTP/1.1" 200 4241
INFO 2025-05-29 15:19:23,640 basehttp "GET /media/news/4a1a92e830c4ee3cd97b36570f3e21e4.png HTTP/1.1" 304 0
INFO 2025-05-29 15:19:23,640 basehttp "GET /media/news/4a1a92e830c4ee3cd97b36570f3e21e4_f0tRm73.png HTTP/1.1" 304 0
WARNING 2025-05-29 15:19:23,648 log Not Found: /media/placeholder.png
WARNING 2025-05-29 15:19:23,649 basehttp "GET /media/placeholder.png HTTP/1.1" 404 17704
INFO 2025-05-29 15:19:26,642 basehttp "GET /news/1/ HTTP/1.1" 200 2492
INFO 2025-05-29 15:19:40,391 basehttp "GET /about/ HTTP/1.1" 200 5009
WARNING 2025-05-29 15:19:40,407 log Not Found: /media/placeholder.png
WARNING 2025-05-29 15:19:40,407 basehttp "GET /media/placeholder.png HTTP/1.1" 404 17704
INFO 2025-05-29 15:19:47,922 basehttp "GET / HTTP/1.1" 200 6718
WARNING 2025-05-29 15:19:47,940 log Not Found: /media/placeholder.png
WARNING 2025-05-29 15:19:47,940 basehttp "GET /media/placeholder.png HTTP/1.1" 404 17704
INFO 2025-05-29 15:19:50,511 basehttp "GET /admin/estateAgency/client/ HTTP/1.1" 200 20632
INFO 2025-05-29 15:19:50,525 basehttp "GET /admin/jsi18n/ HTTP/1.1" 200 3342
INFO 2025-05-29 15:19:56,597 basehttp "GET /admin/estateAgency/client/add/ HTTP/1.1" 200 19818
INFO 2025-05-29 15:19:56,612 basehttp "GET /admin/jsi18n/ HTTP/1.1" 200 3342
INFO 2025-05-29 15:20:03,539 basehttp "GET /admin/estateAgency/client/ HTTP/1.1" 200 20632
INFO 2025-05-29 15:20:03,557 basehttp "GET /admin/jsi18n/ HTTP/1.1" 200 3342
INFO 2025-05-29 15:20:07,472 basehttp "GET /admin/auth/user/ HTTP/1.1" 200 21851
INFO 2025-05-29 15:20:07,490 basehttp "GET /admin/jsi18n/ HTTP/1.1" 200 3342
INFO 2025-05-29 15:20:13,617 basehttp "GET /admin/auth/user/8/change/ HTTP/1.1" 200 33510
INFO 2025-05-29 15:20:13,634 basehttp "GET /admin/jsi18n/ HTTP/1.1" 200 3342
INFO 2025-05-29 15:20:19,967 basehttp "POST /admin/auth/user/8/change/ HTTP/1.1" 302 0
INFO 2025-05-29 15:20:19,984 basehttp "GET /admin/auth/user/ HTTP/1.1" 200 22050
INFO 2025-05-29 15:20:20,000 basehttp "GET /admin/jsi18n/ HTTP/1.1" 200 3342
INFO 2025-05-29 15:20:21,775 basehttp "GET /admin/auth/user/6/change/ HTTP/1.1" 200 33603
INFO 2025-05-29 15:20:21,791 basehttp "GET /admin/jsi18n/ HTTP/1.1" 200 3342
INFO 2025-05-29 15:20:42,501 basehttp "GET /admin/auth/user/ HTTP/1.1" 200 21851
INFO 2025-05-29 15:20:42,535 basehttp "GET /admin/jsi18n/ HTTP/1.1" 200 3342
INFO 2025-05-29 15:21:23,529 basehttp "POST /admin/logout/ HTTP/1.1" 200 3568
INFO 2025-05-29 15:21:26,031 basehttp "GET / HTTP/1.1" 200 4834
WARNING 2025-05-29 15:21:26,055 log Not Found: /media/placeholder.png
WARNING 2025-05-29 15:21:26,056 basehttp "GET /media/placeholder.png HTTP/1.1" 404 17704
INFO 2025-05-29 15:21:27,874 basehttp "GET /login/ HTTP/1.1" 200 1394
INFO 2025-05-29 15:21:36,668 basehttp "GET /admin/ HTTP/1.1" 302 0
INFO 2025-05-29 15:21:36,686 basehttp "GET /admin/login/?next=/admin/ HTTP/1.1" 200 4173
INFO 2025-05-29 15:21:41,428 basehttp "POST /admin/login/?next=/admin/ HTTP/1.1" 302 0
INFO 2025-05-29 15:21:41,438 basehttp "GET /admin/ HTTP/1.1" 200 19911
INFO 2025-05-29 15:21:42,974 basehttp "GET /admin/auth/user/ HTTP/1.1" 200 21851
INFO 2025-05-29 15:21:42,992 basehttp "GET /admin/jsi18n/ HTTP/1.1" 200 3342
INFO 2025-05-29 15:21:53,698 basehttp "POST /admin/logout/ HTTP/1.1" 200 3568
INFO 2025-05-29 15:21:57,575 basehttp "GET /login/ HTTP/1.1" 200 1394
INFO 2025-05-29 15:22:13,630 basehttp "POST /login/ HTTP/1.1" 302 0
INFO 2025-05-29 15:22:19,192 basehttp "GET / HTTP/1.1" 200 6672
WARNING 2025-05-29 15:22:19,229 log Not Found: /media/placeholder.png
WARNING 2025-05-29 15:22:19,230 basehttp "GET /media/placeholder.png HTTP/1.1" 404 17704
INFO 2025-05-29 15:22:22,688 basehttp "GET /logout/ HTTP/1.1" 200 1711
INFO 2025-05-29 15:22:41,033 basehttp "POST /logout/ HTTP/1.1" 302 0
INFO 2025-05-29 15:22:49,807 basehttp "GET / HTTP/1.1" 200 6640
WARNING 2025-05-29 15:22:49,845 log Not Found: /media/placeholder.png
WARNING 2025-05-29 15:22:49,846 basehttp "GET /media/placeholder.png HTTP/1.1" 404 17704
INFO 2025-05-29 15:23:00,808 basehttp "GET / HTTP/1.1" 200 6704
WARNING 2025-05-29 15:23:00,831 log Not Found: /media/placeholder.png
WARNING 2025-05-29 15:23:00,831 basehttp "GET /media/placeholder.png HTTP/1.1" 404 17704
INFO 2025-05-29 15:23:04,570 basehttp "GET /admin/ HTTP/1.1" 200 7052
INFO 2025-05-29 15:23:11,936 basehttp "GET /logout/ HTTP/1.1" 200 1711
INFO 2025-05-29 15:23:14,477 basehttp "POST /admin/logout/ HTTP/1.1" 200 3568
INFO 2025-05-29 15:23:32,288 basehttp "GET /logout/ HTTP/1.1" 200 1394
INFO 2025-05-29 15:23:33,606 basehttp "GET /logout/ HTTP/1.1" 200 1394
INFO 2025-05-29 15:23:42,642 basehttp "POST /logout/ HTTP/1.1" 302 0
INFO 2025-05-29 15:23:42,651 basehttp "GET / HTTP/1.1" 200 4834
WARNING 2025-05-29 15:23:42,678 log Not Found: /media/placeholder.png
WARNING 2025-05-29 15:23:42,678 basehttp "GET /media/placeholder.png HTTP/1.1" 404 17704
INFO 2025-05-29 15:23:45,650 basehttp "GET /login/ HTTP/1.1" 200 1394
INFO 2025-05-29 15:23:49,343 basehttp "GET /admin/ HTTP/1.1" 302 0
INFO 2025-05-29 15:23:49,352 basehttp "GET /admin/login/?next=/admin/ HTTP/1.1" 200 4173
INFO 2025-05-29 15:23:58,456 basehttp "POST /admin/login/?next=/admin/ HTTP/1.1" 302 0
INFO 2025-05-29 15:23:58,464 basehttp "GET /admin/ HTTP/1.1" 200 6710
INFO 2025-05-29 15:24:00,027 basehttp "POST /admin/logout/ HTTP/1.1" 200 3568
INFO 2025-05-29 15:24:01,861 basehttp "GET /login/ HTTP/1.1" 200 1394
INFO 2025-05-29 15:24:03,521 basehttp "GET / HTTP/1.1" 200 4834
WARNING 2025-05-29 15:24:03,538 log Not Found: /media/placeholder.png
WARNING 2025-05-29 15:24:03,538 basehttp "GET /media/placeholder.png HTTP/1.1" 404 17704
INFO 2025-05-29 15:24:07,710 basehttp "POST /admin/logout/ HTTP/1.1" 302 0
INFO 2025-05-29 15:24:07,713 basehttp "GET /admin/ HTTP/1.1" 302 0
INFO 2025-05-29 15:24:07,720 basehttp "GET /admin/login/?next=/admin/ HTTP/1.1" 200 4173
INFO 2025-05-29 15:24:11,297 basehttp "GET /login/ HTTP/1.1" 200 1394
INFO 2025-05-29 15:24:20,397 basehttp "POST /login/ HTTP/1.1" 302 0
INFO 2025-05-29 15:24:20,406 basehttp "GET / HTTP/1.1" 200 4834
WARNING 2025-05-29 15:24:20,425 log Not Found: /media/placeholder.png
WARNING 2025-05-29 15:24:20,426 basehttp "GET /media/placeholder.png HTTP/1.1" 404 17704
INFO 2025-05-29 15:24:22,581 basehttp "GET /login/ HTTP/1.1" 200 1394
INFO 2025-05-29 15:24:28,430 basehttp "POST /login/ HTTP/1.1" 302 0
INFO 2025-05-29 15:24:28,439 basehttp "GET / HTTP/1.1" 200 4834
WARNING 2025-05-29 15:24:28,461 log Not Found: /media/placeholder.png
WARNING 2025-05-29 15:24:28,461 basehttp "GET /media/placeholder.png HTTP/1.1" 404 17704
INFO 2025-05-29 15:24:30,023 basehttp "GET /promo-codes/ HTTP/1.1" 200 1129
INFO 2025-05-29 15:24:30,563 basehttp "GET /properties/types/ HTTP/1.1" 200 7591
INFO 2025-05-29 15:24:31,017 basehttp "GET /properties/ HTTP/1.1" 200 1468
INFO 2025-05-29 15:24:31,558 basehttp "GET / HTTP/1.1" 200 4834
WARNING 2025-05-29 15:24:31,577 log Not Found: /media/placeholder.png
WARNING 2025-05-29 15:24:31,578 basehttp "GET /media/placeholder.png HTTP/1.1" 404 17704
INFO 2025-05-29 15:24:32,684 basehttp "GET /properties/ HTTP/1.1" 200 1468
INFO 2025-05-29 15:24:34,145 basehttp "GET / HTTP/1.1" 200 4834
WARNING 2025-05-29 15:24:34,166 log Not Found: /media/placeholder.png
WARNING 2025-05-29 15:24:34,168 basehttp "GET /media/placeholder.png HTTP/1.1" 404 17704
INFO 2025-05-29 15:25:01,704 basehttp "GET /admin/login/?next=/admin/ HTTP/1.1" 200 4173
INFO 2025-05-29 15:25:02,472 basehttp "GET /admin/login/?next=/admin/ HTTP/1.1" 200 4173
INFO 2025-05-29 15:25:03,023 basehttp "GET /admin/ HTTP/1.1" 302 0
INFO 2025-05-29 15:25:03,029 basehttp "GET /admin/login/?next=/admin/ HTTP/1.1" 200 4173
INFO 2025-05-29 15:25:03,554 basehttp "GET /admin/login/?next=/admin/ HTTP/1.1" 200 4173
INFO 2025-05-29 15:25:24,555 basehttp "POST /admin/login/?next=/admin/ HTTP/1.1" 302 0
INFO 2025-05-29 15:25:24,566 basehttp "GET /admin/ HTTP/1.1" 200 6710
INFO 2025-05-29 15:25:33,109 basehttp "GET / HTTP/1.1" 200 6691
WARNING 2025-05-29 15:25:33,146 log Not Found: /media/placeholder.png
WARNING 2025-05-29 15:25:33,147 basehttp "GET /media/placeholder.png HTTP/1.1" 404 17704
INFO 2025-05-29 15:27:10,580 basehttp "GET /logout/ HTTP/1.1" 200 1710
INFO 2025-05-29 15:27:12,752 basehttp "GET /logout/ HTTP/1.1" 200 1710
INFO 2025-05-29 15:27:15,892 basehttp "POST /admin/logout/ HTTP/1.1" 200 3568
INFO 2025-05-29 15:27:21,461 basehttp "GET /admin/ HTTP/1.1" 302 0
INFO 2025-05-29 15:27:21,469 basehttp "GET /admin/login/?next=/admin/ HTTP/1.1" 200 4173
INFO 2025-05-29 15:27:30,142 basehttp "POST /admin/login/?next=/admin/ HTTP/1.1" 302 0
INFO 2025-05-29 15:27:30,152 basehttp "GET /admin/ HTTP/1.1" 200 19911
INFO 2025-05-29 15:27:35,638 basehttp "GET /crud/properties/ HTTP/1.1" 200 5534
INFO 2025-05-29 15:28:02,403 basehttp "GET / HTTP/1.1" 200 6741
WARNING 2025-05-29 15:28:02,440 log Not Found: /media/placeholder.png
WARNING 2025-05-29 15:28:02,441 basehttp "GET /media/placeholder.png HTTP/1.1" 404 17704
INFO 2025-05-29 15:28:51,760 basehttp "GET /news/ HTTP/1.1" 200 4241
INFO 2025-05-29 15:28:51,776 basehttp "GET /media/news/4a1a92e830c4ee3cd97b36570f3e21e4.png HTTP/1.1" 304 0
INFO 2025-05-29 15:28:51,783 basehttp "GET /media/news/4a1a92e830c4ee3cd97b36570f3e21e4_f0tRm73.png HTTP/1.1" 304 0
WARNING 2025-05-29 15:28:51,787 log Not Found: /media/placeholder.png
WARNING 2025-05-29 15:28:51,788 basehttp "GET /media/placeholder.png HTTP/1.1" 404 17704
INFO 2025-05-29 15:29:05,685 basehttp "GET / HTTP/1.1" 200 6535
INFO 2025-05-29 15:29:05,686 basehttp - Broken pipe from ('127.0.0.1', 65165)
INFO 2025-05-29 15:29:07,131 basehttp "GET / HTTP/1.1" 200 6753
WARNING 2025-05-29 15:29:07,167 log Not Found: /media/placeholder.png
WARNING 2025-05-29 15:29:07,167 basehttp "GET /media/placeholder.png HTTP/1.1" 404 17704
INFO 2025-05-29 15:29:11,591 basehttp "GET /crud/reviews/ HTTP/1.1" 200 1732
ERROR 2025-05-29 15:29:16,734 log Internal Server Error: /crud/reviews/1/delete/
Traceback (most recent call last):
  File "/Users/user/Desktop/igi/353505_Chuiko_26/IGI/LR5/Agency/venv/lib/python3.13/site-packages/django/core/handlers/exception.py", line 55, in inner
    response = get_response(request)
  File "/Users/user/Desktop/igi/353505_Chuiko_26/IGI/LR5/Agency/venv/lib/python3.13/site-packages/django/core/handlers/base.py", line 220, in _get_response
    response = response.render()
  File "/Users/user/Desktop/igi/353505_Chuiko_26/IGI/LR5/Agency/venv/lib/python3.13/site-packages/django/template/response.py", line 114, in render
    self.content = self.rendered_content
                   ^^^^^^^^^^^^^^^^^^^^^
  File "/Users/user/Desktop/igi/353505_Chuiko_26/IGI/LR5/Agency/venv/lib/python3.13/site-packages/django/template/response.py", line 92, in rendered_content
    return template.render(context, self._request)
           ~~~~~~~~~~~~~~~^^^^^^^^^^^^^^^^^^^^^^^^
  File "/Users/user/Desktop/igi/353505_Chuiko_26/IGI/LR5/Agency/venv/lib/python3.13/site-packages/django/template/backends/django.py", line 107, in render
    return self.template.render(context)
           ~~~~~~~~~~~~~~~~~~~~^^^^^^^^^
  File "/Users/user/Desktop/igi/353505_Chuiko_26/IGI/LR5/Agency/venv/lib/python3.13/site-packages/django/template/base.py", line 171, in render
    return self._render(context)
           ~~~~~~~~~~~~^^^^^^^^^
  File "/Users/user/Desktop/igi/353505_Chuiko_26/IGI/LR5/Agency/venv/lib/python3.13/site-packages/django/template/base.py", line 163, in _render
    return self.nodelist.render(context)
           ~~~~~~~~~~~~~~~~~~~~^^^^^^^^^
  File "/Users/user/Desktop/igi/353505_Chuiko_26/IGI/LR5/Agency/venv/lib/python3.13/site-packages/django/template/base.py", line 1016, in render
    return SafeString("".join([node.render_annotated(context) for node in self]))
                               ~~~~~~~~~~~~~~~~~~~~~^^^^^^^^^
  File "/Users/user/Desktop/igi/353505_Chuiko_26/IGI/LR5/Agency/venv/lib/python3.13/site-packages/django/template/base.py", line 977, in render_annotated
    return self.render(context)
           ~~~~~~~~~~~^^^^^^^^^
  File "/Users/user/Desktop/igi/353505_Chuiko_26/IGI/LR5/Agency/venv/lib/python3.13/site-packages/django/template/loader_tags.py", line 159, in render
    return compiled_parent._render(context)
           ~~~~~~~~~~~~~~~~~~~~~~~^^^^^^^^^
  File "/Users/user/Desktop/igi/353505_Chuiko_26/IGI/LR5/Agency/venv/lib/python3.13/site-packages/django/template/base.py", line 163, in _render
    return self.nodelist.render(context)
           ~~~~~~~~~~~~~~~~~~~~^^^^^^^^^
  File "/Users/user/Desktop/igi/353505_Chuiko_26/IGI/LR5/Agency/venv/lib/python3.13/site-packages/django/template/base.py", line 1016, in render
    return SafeString("".join([node.render_annotated(context) for node in self]))
                               ~~~~~~~~~~~~~~~~~~~~~^^^^^^^^^
  File "/Users/user/Desktop/igi/353505_Chuiko_26/IGI/LR5/Agency/venv/lib/python3.13/site-packages/django/template/base.py", line 977, in render_annotated
    return self.render(context)
           ~~~~~~~~~~~^^^^^^^^^
  File "/Users/user/Desktop/igi/353505_Chuiko_26/IGI/LR5/Agency/venv/lib/python3.13/site-packages/django/template/loader_tags.py", line 65, in render
    result = block.nodelist.render(context)
  File "/Users/user/Desktop/igi/353505_Chuiko_26/IGI/LR5/Agency/venv/lib/python3.13/site-packages/django/template/base.py", line 1016, in render
    return SafeString("".join([node.render_annotated(context) for node in self]))
                               ~~~~~~~~~~~~~~~~~~~~~^^^^^^^^^
  File "/Users/user/Desktop/igi/353505_Chuiko_26/IGI/LR5/Agency/venv/lib/python3.13/site-packages/django/template/base.py", line 977, in render_annotated
    return self.render(context)
           ~~~~~~~~~~~^^^^^^^^^
  File "/Users/user/Desktop/igi/353505_Chuiko_26/IGI/LR5/Agency/venv/lib/python3.13/site-packages/django/template/defaulttags.py", line 480, in render
    url = reverse(view_name, args=args, kwargs=kwargs, current_app=current_app)
  File "/Users/user/Desktop/igi/353505_Chuiko_26/IGI/LR5/Agency/venv/lib/python3.13/site-packages/django/urls/base.py", line 98, in reverse
    resolved_url = resolver._reverse_with_prefix(view, prefix, *args, **kwargs)
  File "/Users/user/Desktop/igi/353505_Chuiko_26/IGI/LR5/Agency/venv/lib/python3.13/site-packages/django/urls/resolvers.py", line 831, in _reverse_with_prefix
    raise NoReverseMatch(msg)
django.urls.exceptions.NoReverseMatch: Reverse for 'review_list' not found. 'review_list' is not a valid view function or pattern name.
ERROR 2025-05-29 15:29:16,736 basehttp "GET /crud/reviews/1/delete/ HTTP/1.1" 500 146413
INFO 2025-05-29 15:30:29,690 autoreload /Users/user/Desktop/igi/353505_Chuiko_26/IGI/LR5/Agency/estateAgency/crud_views.py changed, reloading.
INFO 2025-05-29 15:30:30,218 autoreload Watching for file changes with StatReloader
INFO 2025-05-29 15:30:32,699 autoreload /Users/user/Desktop/igi/353505_Chuiko_26/IGI/LR5/Agency/estateAgency/crud_views.py changed, reloading.
INFO 2025-05-29 15:30:32,943 autoreload Watching for file changes with StatReloader
INFO 2025-05-29 15:30:53,672 autoreload /Users/user/Desktop/igi/353505_Chuiko_26/IGI/LR5/Agency/estateAgency/crud_views.py changed, reloading.
INFO 2025-05-29 15:30:54,033 autoreload Watching for file changes with StatReloader
ERROR 2025-05-29 15:31:16,305 log Internal Server Error: /crud/reviews/1/delete/
Traceback (most recent call last):
  File "/Users/user/Desktop/igi/353505_Chuiko_26/IGI/LR5/Agency/venv/lib/python3.13/site-packages/django/core/handlers/exception.py", line 55, in inner
    response = get_response(request)
  File "/Users/user/Desktop/igi/353505_Chuiko_26/IGI/LR5/Agency/venv/lib/python3.13/site-packages/django/core/handlers/base.py", line 220, in _get_response
    response = response.render()
  File "/Users/user/Desktop/igi/353505_Chuiko_26/IGI/LR5/Agency/venv/lib/python3.13/site-packages/django/template/response.py", line 114, in render
    self.content = self.rendered_content
                   ^^^^^^^^^^^^^^^^^^^^^
  File "/Users/user/Desktop/igi/353505_Chuiko_26/IGI/LR5/Agency/venv/lib/python3.13/site-packages/django/template/response.py", line 92, in rendered_content
    return template.render(context, self._request)
           ~~~~~~~~~~~~~~~^^^^^^^^^^^^^^^^^^^^^^^^
  File "/Users/user/Desktop/igi/353505_Chuiko_26/IGI/LR5/Agency/venv/lib/python3.13/site-packages/django/template/backends/django.py", line 107, in render
    return self.template.render(context)
           ~~~~~~~~~~~~~~~~~~~~^^^^^^^^^
  File "/Users/user/Desktop/igi/353505_Chuiko_26/IGI/LR5/Agency/venv/lib/python3.13/site-packages/django/template/base.py", line 171, in render
    return self._render(context)
           ~~~~~~~~~~~~^^^^^^^^^
  File "/Users/user/Desktop/igi/353505_Chuiko_26/IGI/LR5/Agency/venv/lib/python3.13/site-packages/django/template/base.py", line 163, in _render
    return self.nodelist.render(context)
           ~~~~~~~~~~~~~~~~~~~~^^^^^^^^^
  File "/Users/user/Desktop/igi/353505_Chuiko_26/IGI/LR5/Agency/venv/lib/python3.13/site-packages/django/template/base.py", line 1016, in render
    return SafeString("".join([node.render_annotated(context) for node in self]))
                               ~~~~~~~~~~~~~~~~~~~~~^^^^^^^^^
  File "/Users/user/Desktop/igi/353505_Chuiko_26/IGI/LR5/Agency/venv/lib/python3.13/site-packages/django/template/base.py", line 977, in render_annotated
    return self.render(context)
           ~~~~~~~~~~~^^^^^^^^^
  File "/Users/user/Desktop/igi/353505_Chuiko_26/IGI/LR5/Agency/venv/lib/python3.13/site-packages/django/template/loader_tags.py", line 159, in render
    return compiled_parent._render(context)
           ~~~~~~~~~~~~~~~~~~~~~~~^^^^^^^^^
  File "/Users/user/Desktop/igi/353505_Chuiko_26/IGI/LR5/Agency/venv/lib/python3.13/site-packages/django/template/base.py", line 163, in _render
    return self.nodelist.render(context)
           ~~~~~~~~~~~~~~~~~~~~^^^^^^^^^
  File "/Users/user/Desktop/igi/353505_Chuiko_26/IGI/LR5/Agency/venv/lib/python3.13/site-packages/django/template/base.py", line 1016, in render
    return SafeString("".join([node.render_annotated(context) for node in self]))
                               ~~~~~~~~~~~~~~~~~~~~~^^^^^^^^^
  File "/Users/user/Desktop/igi/353505_Chuiko_26/IGI/LR5/Agency/venv/lib/python3.13/site-packages/django/template/base.py", line 977, in render_annotated
    return self.render(context)
           ~~~~~~~~~~~^^^^^^^^^
  File "/Users/user/Desktop/igi/353505_Chuiko_26/IGI/LR5/Agency/venv/lib/python3.13/site-packages/django/template/loader_tags.py", line 65, in render
    result = block.nodelist.render(context)
  File "/Users/user/Desktop/igi/353505_Chuiko_26/IGI/LR5/Agency/venv/lib/python3.13/site-packages/django/template/base.py", line 1016, in render
    return SafeString("".join([node.render_annotated(context) for node in self]))
                               ~~~~~~~~~~~~~~~~~~~~~^^^^^^^^^
  File "/Users/user/Desktop/igi/353505_Chuiko_26/IGI/LR5/Agency/venv/lib/python3.13/site-packages/django/template/base.py", line 977, in render_annotated
    return self.render(context)
           ~~~~~~~~~~~^^^^^^^^^
  File "/Users/user/Desktop/igi/353505_Chuiko_26/IGI/LR5/Agency/venv/lib/python3.13/site-packages/django/template/defaulttags.py", line 480, in render
    url = reverse(view_name, args=args, kwargs=kwargs, current_app=current_app)
  File "/Users/user/Desktop/igi/353505_Chuiko_26/IGI/LR5/Agency/venv/lib/python3.13/site-packages/django/urls/base.py", line 98, in reverse
    resolved_url = resolver._reverse_with_prefix(view, prefix, *args, **kwargs)
  File "/Users/user/Desktop/igi/353505_Chuiko_26/IGI/LR5/Agency/venv/lib/python3.13/site-packages/django/urls/resolvers.py", line 831, in _reverse_with_prefix
    raise NoReverseMatch(msg)
django.urls.exceptions.NoReverseMatch: Reverse for 'review_list' not found. 'review_list' is not a valid view function or pattern name.
ERROR 2025-05-29 15:31:16,306 basehttp "GET /crud/reviews/1/delete/ HTTP/1.1" 500 146550
INFO 2025-05-29 15:31:17,735 basehttp "GET /crud/reviews/ HTTP/1.1" 200 1732
ERROR 2025-05-29 15:31:19,102 log Internal Server Error: /crud/reviews/1/delete/
Traceback (most recent call last):
  File "/Users/user/Desktop/igi/353505_Chuiko_26/IGI/LR5/Agency/venv/lib/python3.13/site-packages/django/core/handlers/exception.py", line 55, in inner
    response = get_response(request)
  File "/Users/user/Desktop/igi/353505_Chuiko_26/IGI/LR5/Agency/venv/lib/python3.13/site-packages/django/core/handlers/base.py", line 220, in _get_response
    response = response.render()
  File "/Users/user/Desktop/igi/353505_Chuiko_26/IGI/LR5/Agency/venv/lib/python3.13/site-packages/django/template/response.py", line 114, in render
    self.content = self.rendered_content
                   ^^^^^^^^^^^^^^^^^^^^^
  File "/Users/user/Desktop/igi/353505_Chuiko_26/IGI/LR5/Agency/venv/lib/python3.13/site-packages/django/template/response.py", line 92, in rendered_content
    return template.render(context, self._request)
           ~~~~~~~~~~~~~~~^^^^^^^^^^^^^^^^^^^^^^^^
  File "/Users/user/Desktop/igi/353505_Chuiko_26/IGI/LR5/Agency/venv/lib/python3.13/site-packages/django/template/backends/django.py", line 107, in render
    return self.template.render(context)
           ~~~~~~~~~~~~~~~~~~~~^^^^^^^^^
  File "/Users/user/Desktop/igi/353505_Chuiko_26/IGI/LR5/Agency/venv/lib/python3.13/site-packages/django/template/base.py", line 171, in render
    return self._render(context)
           ~~~~~~~~~~~~^^^^^^^^^
  File "/Users/user/Desktop/igi/353505_Chuiko_26/IGI/LR5/Agency/venv/lib/python3.13/site-packages/django/template/base.py", line 163, in _render
    return self.nodelist.render(context)
           ~~~~~~~~~~~~~~~~~~~~^^^^^^^^^
  File "/Users/user/Desktop/igi/353505_Chuiko_26/IGI/LR5/Agency/venv/lib/python3.13/site-packages/django/template/base.py", line 1016, in render
    return SafeString("".join([node.render_annotated(context) for node in self]))
                               ~~~~~~~~~~~~~~~~~~~~~^^^^^^^^^
  File "/Users/user/Desktop/igi/353505_Chuiko_26/IGI/LR5/Agency/venv/lib/python3.13/site-packages/django/template/base.py", line 977, in render_annotated
    return self.render(context)
           ~~~~~~~~~~~^^^^^^^^^
  File "/Users/user/Desktop/igi/353505_Chuiko_26/IGI/LR5/Agency/venv/lib/python3.13/site-packages/django/template/loader_tags.py", line 159, in render
    return compiled_parent._render(context)
           ~~~~~~~~~~~~~~~~~~~~~~~^^^^^^^^^
  File "/Users/user/Desktop/igi/353505_Chuiko_26/IGI/LR5/Agency/venv/lib/python3.13/site-packages/django/template/base.py", line 163, in _render
    return self.nodelist.render(context)
           ~~~~~~~~~~~~~~~~~~~~^^^^^^^^^
  File "/Users/user/Desktop/igi/353505_Chuiko_26/IGI/LR5/Agency/venv/lib/python3.13/site-packages/django/template/base.py", line 1016, in render
    return SafeString("".join([node.render_annotated(context) for node in self]))
                               ~~~~~~~~~~~~~~~~~~~~~^^^^^^^^^
  File "/Users/user/Desktop/igi/353505_Chuiko_26/IGI/LR5/Agency/venv/lib/python3.13/site-packages/django/template/base.py", line 977, in render_annotated
    return self.render(context)
           ~~~~~~~~~~~^^^^^^^^^
  File "/Users/user/Desktop/igi/353505_Chuiko_26/IGI/LR5/Agency/venv/lib/python3.13/site-packages/django/template/loader_tags.py", line 65, in render
    result = block.nodelist.render(context)
  File "/Users/user/Desktop/igi/353505_Chuiko_26/IGI/LR5/Agency/venv/lib/python3.13/site-packages/django/template/base.py", line 1016, in render
    return SafeString("".join([node.render_annotated(context) for node in self]))
                               ~~~~~~~~~~~~~~~~~~~~~^^^^^^^^^
  File "/Users/user/Desktop/igi/353505_Chuiko_26/IGI/LR5/Agency/venv/lib/python3.13/site-packages/django/template/base.py", line 977, in render_annotated
    return self.render(context)
           ~~~~~~~~~~~^^^^^^^^^
  File "/Users/user/Desktop/igi/353505_Chuiko_26/IGI/LR5/Agency/venv/lib/python3.13/site-packages/django/template/defaulttags.py", line 480, in render
    url = reverse(view_name, args=args, kwargs=kwargs, current_app=current_app)
  File "/Users/user/Desktop/igi/353505_Chuiko_26/IGI/LR5/Agency/venv/lib/python3.13/site-packages/django/urls/base.py", line 98, in reverse
    resolved_url = resolver._reverse_with_prefix(view, prefix, *args, **kwargs)
  File "/Users/user/Desktop/igi/353505_Chuiko_26/IGI/LR5/Agency/venv/lib/python3.13/site-packages/django/urls/resolvers.py", line 831, in _reverse_with_prefix
    raise NoReverseMatch(msg)
django.urls.exceptions.NoReverseMatch: Reverse for 'review_list' not found. 'review_list' is not a valid view function or pattern name.
ERROR 2025-05-29 15:31:19,104 basehttp "GET /crud/reviews/1/delete/ HTTP/1.1" 500 146413
INFO 2025-05-29 15:32:12,879 basehttp "GET /crud/reviews/ HTTP/1.1" 200 1732
ERROR 2025-05-29 15:32:13,977 log Internal Server Error: /crud/reviews/1/delete/
Traceback (most recent call last):
  File "/Users/user/Desktop/igi/353505_Chuiko_26/IGI/LR5/Agency/venv/lib/python3.13/site-packages/django/core/handlers/exception.py", line 55, in inner
    response = get_response(request)
  File "/Users/user/Desktop/igi/353505_Chuiko_26/IGI/LR5/Agency/venv/lib/python3.13/site-packages/django/core/handlers/base.py", line 220, in _get_response
    response = response.render()
  File "/Users/user/Desktop/igi/353505_Chuiko_26/IGI/LR5/Agency/venv/lib/python3.13/site-packages/django/template/response.py", line 114, in render
    self.content = self.rendered_content
                   ^^^^^^^^^^^^^^^^^^^^^
  File "/Users/user/Desktop/igi/353505_Chuiko_26/IGI/LR5/Agency/venv/lib/python3.13/site-packages/django/template/response.py", line 92, in rendered_content
    return template.render(context, self._request)
           ~~~~~~~~~~~~~~~^^^^^^^^^^^^^^^^^^^^^^^^
  File "/Users/user/Desktop/igi/353505_Chuiko_26/IGI/LR5/Agency/venv/lib/python3.13/site-packages/django/template/backends/django.py", line 107, in render
    return self.template.render(context)
           ~~~~~~~~~~~~~~~~~~~~^^^^^^^^^
  File "/Users/user/Desktop/igi/353505_Chuiko_26/IGI/LR5/Agency/venv/lib/python3.13/site-packages/django/template/base.py", line 171, in render
    return self._render(context)
           ~~~~~~~~~~~~^^^^^^^^^
  File "/Users/user/Desktop/igi/353505_Chuiko_26/IGI/LR5/Agency/venv/lib/python3.13/site-packages/django/template/base.py", line 163, in _render
    return self.nodelist.render(context)
           ~~~~~~~~~~~~~~~~~~~~^^^^^^^^^
  File "/Users/user/Desktop/igi/353505_Chuiko_26/IGI/LR5/Agency/venv/lib/python3.13/site-packages/django/template/base.py", line 1016, in render
    return SafeString("".join([node.render_annotated(context) for node in self]))
                               ~~~~~~~~~~~~~~~~~~~~~^^^^^^^^^
  File "/Users/user/Desktop/igi/353505_Chuiko_26/IGI/LR5/Agency/venv/lib/python3.13/site-packages/django/template/base.py", line 977, in render_annotated
    return self.render(context)
           ~~~~~~~~~~~^^^^^^^^^
  File "/Users/user/Desktop/igi/353505_Chuiko_26/IGI/LR5/Agency/venv/lib/python3.13/site-packages/django/template/loader_tags.py", line 159, in render
    return compiled_parent._render(context)
           ~~~~~~~~~~~~~~~~~~~~~~~^^^^^^^^^
  File "/Users/user/Desktop/igi/353505_Chuiko_26/IGI/LR5/Agency/venv/lib/python3.13/site-packages/django/template/base.py", line 163, in _render
    return self.nodelist.render(context)
           ~~~~~~~~~~~~~~~~~~~~^^^^^^^^^
  File "/Users/user/Desktop/igi/353505_Chuiko_26/IGI/LR5/Agency/venv/lib/python3.13/site-packages/django/template/base.py", line 1016, in render
    return SafeString("".join([node.render_annotated(context) for node in self]))
                               ~~~~~~~~~~~~~~~~~~~~~^^^^^^^^^
  File "/Users/user/Desktop/igi/353505_Chuiko_26/IGI/LR5/Agency/venv/lib/python3.13/site-packages/django/template/base.py", line 977, in render_annotated
    return self.render(context)
           ~~~~~~~~~~~^^^^^^^^^
  File "/Users/user/Desktop/igi/353505_Chuiko_26/IGI/LR5/Agency/venv/lib/python3.13/site-packages/django/template/loader_tags.py", line 65, in render
    result = block.nodelist.render(context)
  File "/Users/user/Desktop/igi/353505_Chuiko_26/IGI/LR5/Agency/venv/lib/python3.13/site-packages/django/template/base.py", line 1016, in render
    return SafeString("".join([node.render_annotated(context) for node in self]))
                               ~~~~~~~~~~~~~~~~~~~~~^^^^^^^^^
  File "/Users/user/Desktop/igi/353505_Chuiko_26/IGI/LR5/Agency/venv/lib/python3.13/site-packages/django/template/base.py", line 977, in render_annotated
    return self.render(context)
           ~~~~~~~~~~~^^^^^^^^^
  File "/Users/user/Desktop/igi/353505_Chuiko_26/IGI/LR5/Agency/venv/lib/python3.13/site-packages/django/template/defaulttags.py", line 480, in render
    url = reverse(view_name, args=args, kwargs=kwargs, current_app=current_app)
  File "/Users/user/Desktop/igi/353505_Chuiko_26/IGI/LR5/Agency/venv/lib/python3.13/site-packages/django/urls/base.py", line 98, in reverse
    resolved_url = resolver._reverse_with_prefix(view, prefix, *args, **kwargs)
  File "/Users/user/Desktop/igi/353505_Chuiko_26/IGI/LR5/Agency/venv/lib/python3.13/site-packages/django/urls/resolvers.py", line 831, in _reverse_with_prefix
    raise NoReverseMatch(msg)
django.urls.exceptions.NoReverseMatch: Reverse for 'review_list' not found. 'review_list' is not a valid view function or pattern name.
ERROR 2025-05-29 15:32:13,978 basehttp "GET /crud/reviews/1/delete/ HTTP/1.1" 500 146413
INFO 2025-05-29 15:32:33,276 autoreload /Users/user/Desktop/igi/353505_Chuiko_26/IGI/LR5/Agency/estateAgency/crud_views.py changed, reloading.
INFO 2025-05-29 15:32:33,632 autoreload Watching for file changes with StatReloader
INFO 2025-05-29 15:32:42,805 basehttp "GET /crud/reviews/ HTTP/1.1" 200 1732
INFO 2025-05-29 15:32:43,769 basehttp "GET /crud/reviews/1/delete/ HTTP/1.1" 200 1427
INFO 2025-05-29 15:32:45,672 basehttp "GET /crud/reviews/ HTTP/1.1" 200 1732
INFO 2025-05-29 15:33:34,965 basehttp "GET /crud/reviews/ HTTP/1.1" 200 1732
INFO 2025-05-29 15:33:39,068 basehttp "GET /crud/reviews/1/delete/ HTTP/1.1" 200 1427
INFO 2025-05-29 15:33:40,736 basehttp "GET /crud/reviews/ HTTP/1.1" 200 1732
INFO 2025-05-29 15:33:44,964 basehttp "GET /crud/reviews/1/delete/ HTTP/1.1" 200 1427
INFO 2025-05-29 15:33:45,914 basehttp "POST /crud/reviews/1/delete/ HTTP/1.1" 302 0
INFO 2025-05-29 15:33:45,924 basehttp "GET /crud/reviews/ HTTP/1.1" 200 1442
INFO 2025-05-29 15:33:59,832 basehttp "GET /crud/properties/ HTTP/1.1" 200 5534
INFO 2025-05-29 15:34:02,432 basehttp "GET /crud/properties/add/ HTTP/1.1" 200 4763
INFO 2025-05-29 15:34:24,175 basehttp "POST /crud/properties/add/ HTTP/1.1" 302 0
INFO 2025-05-29 15:34:24,186 basehttp "GET /crud/properties/ HTTP/1.1" 200 6516
INFO 2025-05-29 15:34:31,560 basehttp "GET /crud/properties/7/edit/ HTTP/1.1" 200 4822
INFO 2025-05-29 15:34:37,078 basehttp "POST /crud/properties/7/edit/ HTTP/1.1" 302 0
INFO 2025-05-29 15:34:37,090 basehttp "GET /crud/properties/ HTTP/1.1" 200 6527
INFO 2025-05-29 15:34:43,100 basehttp "GET /crud/properties/7/delete/ HTTP/1.1" 200 1457
INFO 2025-05-29 15:34:45,217 basehttp "POST /crud/properties/7/delete/ HTTP/1.1" 302 0
INFO 2025-05-29 15:34:45,226 basehttp "GET /crud/properties/ HTTP/1.1" 200 5730
INFO 2025-05-29 15:34:54,110 basehttp "GET /statistics/ HTTP/1.1" 200 226960
INFO 2025-05-29 15:35:07,954 basehttp "GET /contacts/ HTTP/1.1" 200 1325
INFO 2025-05-29 15:35:15,704 basehttp "GET /admin/estateAgency/contact/ HTTP/1.1" 200 17347
INFO 2025-05-29 15:35:15,729 basehttp "GET /admin/jsi18n/ HTTP/1.1" 200 3342
INFO 2025-05-29 15:35:17,217 basehttp "GET /admin/estateAgency/contact/add/ HTTP/1.1" 200 18640
INFO 2025-05-29 15:35:17,233 basehttp "GET /admin/jsi18n/ HTTP/1.1" 200 3342
INFO 2025-05-29 15:35:34,033 basehttp "POST /admin/estateAgency/contact/add/ HTTP/1.1" 302 0
INFO 2025-05-29 15:35:34,043 basehttp "GET /admin/estateAgency/contact/ HTTP/1.1" 200 17963
INFO 2025-05-29 15:35:34,060 basehttp "GET /admin/jsi18n/ HTTP/1.1" 200 3342
INFO 2025-05-29 15:35:38,028 basehttp "GET /contacts/ HTTP/1.1" 200 1325
INFO 2025-05-29 15:35:39,177 basehttp "GET /contacts/ HTTP/1.1" 200 1325
INFO 2025-05-29 15:35:41,070 basehttp "GET /news/ HTTP/1.1" 200 4241
INFO 2025-05-29 15:35:41,090 basehttp "GET /media/news/4a1a92e830c4ee3cd97b36570f3e21e4_f0tRm73.png HTTP/1.1" 304 0
INFO 2025-05-29 15:35:41,090 basehttp "GET /media/news/4a1a92e830c4ee3cd97b36570f3e21e4.png HTTP/1.1" 304 0
WARNING 2025-05-29 15:35:41,097 log Not Found: /media/placeholder.png
WARNING 2025-05-29 15:35:41,097 basehttp "GET /media/placeholder.png HTTP/1.1" 404 17704
INFO 2025-05-29 15:35:41,648 basehttp "GET /contacts/ HTTP/1.1" 200 1325
INFO 2025-05-29 15:35:43,292 basehttp "GET /contacts/ HTTP/1.1" 200 1325
INFO 2025-05-29 15:35:54,080 basehttp "GET /contacts/ HTTP/1.1" 200 1325
INFO 2025-05-29 15:35:57,170 basehttp "GET /contacts/ HTTP/1.1" 200 1325
INFO 2025-05-29 15:36:02,860 basehttp "GET /contacts/ HTTP/1.1" 200 1325
INFO 2025-05-29 15:36:03,430 basehttp "GET /contacts/ HTTP/1.1" 200 1325
INFO 2025-05-29 15:36:10,100 basehttp "GET /news/ HTTP/1.1" 200 4241
WARNING 2025-05-29 15:36:10,117 log Not Found: /media/placeholder.png
WARNING 2025-05-29 15:36:10,118 basehttp "GET /media/placeholder.png HTTP/1.1" 404 17704
INFO 2025-05-29 15:36:33,444 basehttp "GET /crud/properties/ HTTP/1.1" 200 5534
INFO 2025-05-29 15:42:47,854 basehttp "GET /crud/properties/ HTTP/1.1" 200 5534
INFO 2025-05-29 15:43:02,492 basehttp "GET /properties/types/ HTTP/1.1" 200 7896
INFO 2025-05-29 15:43:05,273 basehttp "GET /about/ HTTP/1.1" 200 5009
WARNING 2025-05-29 15:43:05,290 log Not Found: /media/placeholder.png
WARNING 2025-05-29 15:43:05,291 basehttp "GET /media/placeholder.png HTTP/1.1" 404 17704
INFO 2025-05-29 15:43:13,727 basehttp "GET /logout/ HTTP/1.1" 200 1699
INFO 2025-05-29 15:43:18,448 basehttp "POST /admin/logout/ HTTP/1.1" 200 3568
INFO 2025-05-29 15:43:34,523 basehttp "GET /admin/ HTTP/1.1" 302 0
INFO 2025-05-29 15:43:34,536 basehttp "GET /admin/login/?next=/admin/ HTTP/1.1" 200 4173
INFO 2025-05-29 15:43:43,076 basehttp "POST /admin/login/?next=/admin/ HTTP/1.1" 302 0
INFO 2025-05-29 15:43:43,084 basehttp "GET /admin/ HTTP/1.1" 200 6710
INFO 2025-05-29 15:43:50,290 basehttp "GET / HTTP/1.1" 200 6757
WARNING 2025-05-29 15:43:50,322 log Not Found: /media/placeholder.png
WARNING 2025-05-29 15:43:50,323 basehttp "GET /media/placeholder.png HTTP/1.1" 404 17704
INFO 2025-05-29 15:44:15,124 basehttp "GET /properties/6/ HTTP/1.1" 200 2934
WARNING 2025-05-29 15:44:15,141 log Not Found: /media/placeholder.png
WARNING 2025-05-29 15:44:15,142 basehttp "GET /media/placeholder.png HTTP/1.1" 404 17704
INFO 2025-05-29 15:44:23,772 basehttp "GET /crud/deals/ HTTP/1.1" 200 1849
INFO 2025-05-29 15:44:25,053 basehttp "GET /crud/deals/add/ HTTP/1.1" 200 2902
INFO 2025-05-29 15:45:19,554 basehttp "POST /admin/logout/ HTTP/1.1" 200 3568
INFO 2025-05-29 15:45:20,737 basehttp "GET /admin/ HTTP/1.1" 302 0
INFO 2025-05-29 15:45:20,745 basehttp "GET /admin/login/?next=/admin/ HTTP/1.1" 200 4173
INFO 2025-05-29 15:45:26,160 basehttp "POST /admin/login/?next=/admin/ HTTP/1.1" 302 0
INFO 2025-05-29 15:45:26,169 basehttp "GET /admin/ HTTP/1.1" 200 19914
INFO 2025-05-29 15:45:29,611 basehttp "GET /admin/auth/user/ HTTP/1.1" 200 21851
INFO 2025-05-29 15:45:29,634 basehttp "GET /admin/jsi18n/ HTTP/1.1" 200 3342
INFO 2025-05-29 15:45:31,584 basehttp "GET /admin/auth/user/6/change/ HTTP/1.1" 200 33603
INFO 2025-05-29 15:45:31,602 basehttp "GET /admin/jsi18n/ HTTP/1.1" 200 3342
INFO 2025-05-29 15:45:47,717 basehttp "POST /admin/auth/user/6/change/ HTTP/1.1" 302 0
INFO 2025-05-29 15:45:47,733 basehttp "GET /admin/auth/user/ HTTP/1.1" 200 22049
INFO 2025-05-29 15:45:47,749 basehttp "GET /admin/jsi18n/ HTTP/1.1" 200 3342
INFO 2025-05-29 15:45:51,578 basehttp "GET /admin/estateAgency/employee/ HTTP/1.1" 200 20342
INFO 2025-05-29 15:45:51,595 basehttp "GET /admin/jsi18n/ HTTP/1.1" 200 3342
INFO 2025-05-29 15:45:55,216 basehttp "POST /admin/logout/ HTTP/1.1" 200 3568
INFO 2025-05-29 15:45:57,954 basehttp "GET /admin/ HTTP/1.1" 302 0
INFO 2025-05-29 15:45:57,962 basehttp "GET /admin/login/?next=/admin/ HTTP/1.1" 200 4173
INFO 2025-05-29 15:46:10,956 basehttp "POST /admin/login/?next=/admin/ HTTP/1.1" 302 0
INFO 2025-05-29 15:46:10,964 basehttp "GET /admin/ HTTP/1.1" 200 7239
INFO 2025-05-29 15:46:13,337 basehttp "GET /crud/deals/add/ HTTP/1.1" 200 2902
INFO 2025-05-29 15:46:17,182 basehttp "GET /crud/deals/ HTTP/1.1" 200 1849
INFO 2025-05-29 15:46:19,740 basehttp "GET /crud/deals/1/edit/ HTTP/1.1" 200 3101
INFO 2025-05-29 15:46:33,049 basehttp "POST /crud/deals/1/edit/ HTTP/1.1" 302 0
INFO 2025-05-29 15:46:33,059 basehttp "GET /crud/deals/ HTTP/1.1" 200 1849
INFO 2025-05-29 15:46:35,506 basehttp "GET /crud/deals/1/edit/ HTTP/1.1" 200 3101
INFO 2025-05-29 15:46:40,367 basehttp "POST /crud/deals/1/edit/ HTTP/1.1" 302 0
INFO 2025-05-29 15:46:40,379 basehttp "GET /crud/deals/ HTTP/1.1" 200 1849
INFO 2025-05-29 15:46:54,578 basehttp "GET / HTTP/1.1" 200 6704
WARNING 2025-05-29 15:46:54,613 log Not Found: /media/placeholder.png
WARNING 2025-05-29 15:46:54,614 basehttp "GET /media/placeholder.png HTTP/1.1" 404 17704
INFO 2025-05-29 15:52:12,250 autoreload /Users/user/Desktop/igi/353505_Chuiko_26/IGI/LR5/Agency/Agency/settings.py changed, reloading.
INFO 2025-05-29 15:54:18,332 autoreload Watching for file changes with StatReloader
INFO 2025-05-29 15:54:27,054 basehttp "GET / HTTP/1.1" 200 6615
WARNING 2025-05-29 15:54:27,103 log Not Found: /media/placeholder.png
WARNING 2025-05-29 15:54:27,104 basehttp "GET /media/placeholder.png HTTP/1.1" 404 17794
INFO 2025-05-29 15:54:30,647 basehttp "GET /promo-codes/ HTTP/1.1" 200 1445
INFO 2025-05-29 15:54:31,156 basehttp "GET /properties/types/ HTTP/1.1" 200 7907
INFO 2025-05-29 15:54:31,715 basehttp "GET /crud/properties/ HTTP/1.1" 200 5545
INFO 2025-05-29 15:54:33,028 basehttp "GET /news/ HTTP/1.1" 200 4252
INFO 2025-05-29 15:54:33,042 basehttp "GET /media/news/4a1a92e830c4ee3cd97b36570f3e21e4_f0tRm73.png HTTP/1.1" 304 0
INFO 2025-05-29 15:54:33,043 basehttp "GET /media/news/4a1a92e830c4ee3cd97b36570f3e21e4.png HTTP/1.1" 304 0
WARNING 2025-05-29 15:54:33,051 log Not Found: /media/placeholder.png
WARNING 2025-05-29 15:54:33,051 basehttp "GET /media/placeholder.png HTTP/1.1" 404 17794
INFO 2025-05-29 15:55:24,666 basehttp "GET / HTTP/1.1" 200 6714
WARNING 2025-05-29 15:55:24,703 log Not Found: /media/placeholder.png
WARNING 2025-05-29 15:55:24,703 basehttp "GET /media/placeholder.png HTTP/1.1" 404 17794
INFO 2025-05-29 15:55:37,465 basehttp "POST /admin/logout/ HTTP/1.1" 200 3568
INFO 2025-05-29 15:55:38,556 basehttp "GET /admin/ HTTP/1.1" 302 0
INFO 2025-05-29 15:55:38,573 basehttp "GET /admin/login/?next=/admin/ HTTP/1.1" 200 4173
INFO 2025-05-29 15:55:43,328 basehttp "POST /admin/login/?next=/admin/ HTTP/1.1" 302 0
INFO 2025-05-29 15:55:43,339 basehttp "GET /admin/ HTTP/1.1" 200 19895
INFO 2025-05-29 15:55:43,353 basehttp "GET /static/admin/css/dashboard.css HTTP/1.1" 304 0
INFO 2025-05-29 15:55:43,356 basehttp "GET /static/admin/img/icon-addlink.svg HTTP/1.1" 304 0
INFO 2025-05-29 15:55:43,357 basehttp "GET /static/admin/img/icon-changelink.svg HTTP/1.1" 304 0
INFO 2025-05-29 15:55:54,675 basehttp "GET /admin/estateAgency/property/ HTTP/1.1" 200 23012
INFO 2025-05-29 15:55:54,749 basehttp "GET /admin/jsi18n/ HTTP/1.1" 200 3342
INFO 2025-05-29 15:55:56,978 basehttp "GET /admin/estateAgency/property/add/ HTTP/1.1" 200 24267
INFO 2025-05-29 15:55:56,997 basehttp "GET /static/admin/img/icon-deletelink.svg HTTP/1.1" 304 0
INFO 2025-05-29 15:55:56,999 basehttp "GET /admin/jsi18n/ HTTP/1.1" 200 3342
INFO 2025-05-29 15:56:15,720 basehttp "GET / HTTP/1.1" 200 6463
WARNING 2025-05-29 15:56:15,755 log Not Found: /media/placeholder.png
WARNING 2025-05-29 15:56:15,755 basehttp "GET /media/placeholder.png HTTP/1.1" 404 17794
INFO 2025-05-29 15:57:03,391 basehttp "GET /news/ HTTP/1.1" 200 4241
WARNING 2025-05-29 15:57:03,412 log Not Found: /media/placeholder.png
WARNING 2025-05-29 15:57:03,413 basehttp "GET /media/placeholder.png HTTP/1.1" 404 17794
INFO 2025-05-29 15:57:12,214 basehttp "GET / HTTP/1.1" 200 6391
WARNING 2025-05-29 15:57:12,272 log Not Found: /media/placeholder.png
WARNING 2025-05-29 15:57:12,274 basehttp "GET /media/placeholder.png HTTP/1.1" 404 17794
INFO 2025-05-29 15:57:22,379 basehttp "GET /news/ HTTP/1.1" 200 4241
WARNING 2025-05-29 15:57:22,393 log Not Found: /media/placeholder.png
WARNING 2025-05-29 15:57:22,393 basehttp "GET /media/placeholder.png HTTP/1.1" 404 17794
INFO 2025-05-29 15:58:13,889 basehttp "GET / HTTP/1.1" 200 6465
INFO 2025-05-29 15:58:52,694 basehttp "GET / HTTP/1.1" 200 6495
WARNING 2025-05-29 15:58:52,730 log Not Found: /media/placeholder.png
WARNING 2025-05-29 15:58:52,731 basehttp "GET /media/placeholder.png HTTP/1.1" 404 17794
INFO 2025-05-29 16:00:32,008 basehttp "GET /news/ HTTP/1.1" 200 4241
WARNING 2025-05-29 16:00:32,029 log Not Found: /media/placeholder.png
WARNING 2025-05-29 16:00:32,030 basehttp "GET /media/placeholder.png HTTP/1.1" 404 17794
INFO 2025-05-29 16:02:25,439 basehttp "GET /news/3/ HTTP/1.1" 200 2458
WARNING 2025-05-29 16:02:25,460 log Not Found: /media/placeholder.png
WARNING 2025-05-29 16:02:25,461 basehttp "GET /media/placeholder.png HTTP/1.1" 404 17794
INFO 2025-05-29 16:02:28,359 basehttp "GET /news/ HTTP/1.1" 200 4241
WARNING 2025-05-29 16:02:28,380 log Not Found: /media/placeholder.png
WARNING 2025-05-29 16:02:28,381 basehttp "GET /media/placeholder.png HTTP/1.1" 404 17794
INFO 2025-05-29 16:02:59,114 basehttp "GET /news/ HTTP/1.1" 200 3812
INFO 2025-05-29 16:03:30,849 basehttp "GET /news/ HTTP/1.1" 200 4241
WARNING 2025-05-29 16:03:30,872 log Not Found: /media/placeholder.png
WARNING 2025-05-29 16:03:30,872 basehttp "GET /media/placeholder.png HTTP/1.1" 404 17794
INFO 2025-05-29 16:03:37,563 basehttp "GET / HTTP/1.1" 200 6556
WARNING 2025-05-29 16:03:37,603 log Not Found: /media/placeholder.png
WARNING 2025-05-29 16:03:37,603 basehttp "GET /media/placeholder.png HTTP/1.1" 404 17794
INFO 2025-05-29 16:04:48,656 basehttp "GET /admin/estateAgency/news/ HTTP/1.1" 200 20070
INFO 2025-05-29 16:04:48,680 basehttp "GET /admin/jsi18n/ HTTP/1.1" 200 3342
INFO 2025-05-29 16:04:50,153 basehttp "GET /admin/estateAgency/news/3/change/ HTTP/1.1" 200 17611
INFO 2025-05-29 16:04:50,170 basehttp "GET /admin/jsi18n/ HTTP/1.1" 200 3342
INFO 2025-05-29 16:04:54,597 basehttp "POST /admin/estateAgency/news/3/change/ HTTP/1.1" 302 0
INFO 2025-05-29 16:04:54,609 basehttp "GET /admin/estateAgency/news/ HTTP/1.1" 200 20269
INFO 2025-05-29 16:04:54,623 basehttp "GET /admin/jsi18n/ HTTP/1.1" 200 3342
INFO 2025-05-29 16:04:58,724 basehttp "GET /news/ HTTP/1.1" 200 4241
INFO 2025-05-29 16:04:58,740 basehttp "GET /media/news/4a1a92e830c4ee3cd97b36570f3e21e4_f0tRm73.png HTTP/1.1" 304 0
INFO 2025-05-29 16:04:58,741 basehttp "GET /media/news/4a1a92e830c4ee3cd97b36570f3e21e4.png HTTP/1.1" 304 0
INFO 2025-05-29 16:04:58,750 basehttp "GET /media/news/wall2.jpeg HTTP/1.1" 200 2459224
INFO 2025-05-29 16:05:10,727 basehttp "GET / HTTP/1.1" 200 6423
INFO 2025-05-29 16:05:10,769 basehttp "GET /media/news/wall2.jpeg HTTP/1.1" 304 0
INFO 2025-05-29 16:05:25,623 basehttp "GET /contacts/ HTTP/1.1" 200 1325
INFO 2025-05-29 16:08:12,956 basehttp "GET / HTTP/1.1" 200 6387
INFO 2025-05-29 16:08:12,993 basehttp "GET /media/news/wall2.jpeg HTTP/1.1" 304 0
INFO 2025-05-29 16:09:02,775 autoreload /Users/user/Desktop/igi/353505_Chuiko_26/IGI/LR5/Agency/estateAgency/views.py changed, reloading.
INFO 2025-05-29 16:09:03,206 autoreload Watching for file changes with StatReloader
INFO 2025-05-29 16:09:05,636 autoreload /Users/user/Desktop/igi/353505_Chuiko_26/IGI/LR5/Agency/estateAgency/views.py changed, reloading.
INFO 2025-05-29 16:09:05,840 autoreload Watching for file changes with StatReloader
INFO 2025-05-29 16:09:14,236 autoreload /Users/user/Desktop/igi/353505_Chuiko_26/IGI/LR5/Agency/estateAgency/views.py changed, reloading.
INFO 2025-05-29 16:09:14,467 autoreload Watching for file changes with StatReloader
INFO 2025-05-29 16:09:18,002 autoreload /Users/user/Desktop/igi/353505_Chuiko_26/IGI/LR5/Agency/estateAgency/views.py changed, reloading.
INFO 2025-05-29 16:09:18,237 autoreload Watching for file changes with StatReloader
INFO 2025-05-29 16:10:16,593 autoreload /Users/user/Desktop/igi/353505_Chuiko_26/IGI/LR5/Agency/estateAgency/views.py changed, reloading.
INFO 2025-05-29 16:10:16,955 autoreload Watching for file changes with StatReloader
ERROR 2025-05-29 16:10:26,267 log Internal Server Error: /contacts/
Traceback (most recent call last):
  File "/Users/user/Desktop/igi/353505_Chuiko_26/IGI/LR5/Agency/venv/lib/python3.13/site-packages/django/core/handlers/exception.py", line 55, in inner
    response = get_response(request)
  File "/Users/user/Desktop/igi/353505_Chuiko_26/IGI/LR5/Agency/venv/lib/python3.13/site-packages/django/core/handlers/base.py", line 197, in _get_response
    response = wrapped_callback(request, *callback_args, **callback_kwargs)
  File "/Users/user/Desktop/igi/353505_Chuiko_26/IGI/LR5/Agency/estateAgency/views.py", line 143, in contact_agents
    return render(request, 'contacts/contact_list.html', context)
  File "/Users/user/Desktop/igi/353505_Chuiko_26/IGI/LR5/Agency/venv/lib/python3.13/site-packages/django/shortcuts.py", line 25, in render
    content = loader.render_to_string(template_name, context, request, using=using)
  File "/Users/user/Desktop/igi/353505_Chuiko_26/IGI/LR5/Agency/venv/lib/python3.13/site-packages/django/template/loader.py", line 61, in render_to_string
    template = get_template(template_name, using=using)
  File "/Users/user/Desktop/igi/353505_Chuiko_26/IGI/LR5/Agency/venv/lib/python3.13/site-packages/django/template/loader.py", line 19, in get_template
    raise TemplateDoesNotExist(template_name, chain=chain)
django.template.exceptions.TemplateDoesNotExist: contacts/contact_list.html
ERROR 2025-05-29 16:10:26,269 basehttp "GET /contacts/ HTTP/1.1" 500 81796
INFO 2025-05-29 16:10:53,529 basehttp "GET /contacts/ HTTP/1.1" 200 1160
INFO 2025-05-29 16:10:57,579 basehttp "GET /admin/estateAgency/news/ HTTP/1.1" 200 20070
INFO 2025-05-29 16:10:57,605 basehttp "GET /admin/jsi18n/ HTTP/1.1" 200 3342
INFO 2025-05-29 16:11:00,382 basehttp "GET /admin/estateAgency/contact/ HTTP/1.1" 200 17738
INFO 2025-05-29 16:11:00,398 basehttp "GET /admin/jsi18n/ HTTP/1.1" 200 3342
INFO 2025-05-29 16:11:06,401 autoreload /Users/user/Desktop/igi/353505_Chuiko_26/IGI/LR5/Agency/estateAgency/views.py changed, reloading.
INFO 2025-05-29 16:11:06,766 autoreload Watching for file changes with StatReloader
INFO 2025-05-29 16:11:08,335 autoreload /Users/user/Desktop/igi/353505_Chuiko_26/IGI/LR5/Agency/estateAgency/views.py changed, reloading.
INFO 2025-05-29 16:11:08,557 autoreload Watching for file changes with StatReloader
INFO 2025-05-29 16:11:11,982 autoreload /Users/user/Desktop/igi/353505_Chuiko_26/IGI/LR5/Agency/estateAgency/views.py changed, reloading.
INFO 2025-05-29 16:11:12,285 autoreload Watching for file changes with StatReloader
INFO 2025-05-29 16:11:14,665 autoreload /Users/user/Desktop/igi/353505_Chuiko_26/IGI/LR5/Agency/estateAgency/views.py changed, reloading.
INFO 2025-05-29 16:11:14,888 autoreload Watching for file changes with StatReloader
INFO 2025-05-29 16:11:20,344 autoreload /Users/user/Desktop/igi/353505_Chuiko_26/IGI/LR5/Agency/estateAgency/views.py changed, reloading.
INFO 2025-05-29 16:11:20,592 autoreload Watching for file changes with StatReloader
ERROR 2025-05-29 16:11:58,509 log Internal Server Error: /contacts/
Traceback (most recent call last):
  File "/Users/user/Desktop/igi/353505_Chuiko_26/IGI/LR5/Agency/venv/lib/python3.13/site-packages/django/core/handlers/exception.py", line 55, in inner
    response = get_response(request)
  File "/Users/user/Desktop/igi/353505_Chuiko_26/IGI/LR5/Agency/venv/lib/python3.13/site-packages/django/core/handlers/base.py", line 197, in _get_response
    response = wrapped_callback(request, *callback_args, **callback_kwargs)
  File "/Users/user/Desktop/igi/353505_Chuiko_26/IGI/LR5/Agency/estateAgency/views.py", line 133, in contact_agents
    agents = Contact.objects.filter(position='agent').select_related('profile')
             ~~~~~~~~~~~~~~~~~~~~~~^^^^^^^^^^^^^^^^^^
  File "/Users/user/Desktop/igi/353505_Chuiko_26/IGI/LR5/Agency/venv/lib/python3.13/site-packages/django/db/models/manager.py", line 87, in manager_method
    return getattr(self.get_queryset(), name)(*args, **kwargs)
           ~~~~~~~~~~~~~~~~~~~~~~~~~~~~~~~~~~^^^^^^^^^^^^^^^^^
  File "/Users/user/Desktop/igi/353505_Chuiko_26/IGI/LR5/Agency/venv/lib/python3.13/site-packages/django/db/models/query.py", line 1491, in filter
    return self._filter_or_exclude(False, args, kwargs)
           ~~~~~~~~~~~~~~~~~~~~~~~^^^^^^^^^^^^^^^^^^^^^
  File "/Users/user/Desktop/igi/353505_Chuiko_26/IGI/LR5/Agency/venv/lib/python3.13/site-packages/django/db/models/query.py", line 1509, in _filter_or_exclude
    clone._filter_or_exclude_inplace(negate, args, kwargs)
    ~~~~~~~~~~~~~~~~~~~~~~~~~~~~~~~~^^^^^^^^^^^^^^^^^^^^^^
  File "/Users/user/Desktop/igi/353505_Chuiko_26/IGI/LR5/Agency/venv/lib/python3.13/site-packages/django/db/models/query.py", line 1516, in _filter_or_exclude_inplace
    self._query.add_q(Q(*args, **kwargs))
    ~~~~~~~~~~~~~~~~~^^^^^^^^^^^^^^^^^^^^
  File "/Users/user/Desktop/igi/353505_Chuiko_26/IGI/LR5/Agency/venv/lib/python3.13/site-packages/django/db/models/sql/query.py", line 1643, in add_q
    clause, _ = self._add_q(q_object, can_reuse)
                ~~~~~~~~~~~^^^^^^^^^^^^^^^^^^^^^
  File "/Users/user/Desktop/igi/353505_Chuiko_26/IGI/LR5/Agency/venv/lib/python3.13/site-packages/django/db/models/sql/query.py", line 1675, in _add_q
    child_clause, needed_inner = self.build_filter(
                                 ~~~~~~~~~~~~~~~~~^
        child,
        ^^^^^^
    ...<7 lines>...
        update_join_types=update_join_types,
        ^^^^^^^^^^^^^^^^^^^^^^^^^^^^^^^^^^^^
    )
    ^
  File "/Users/user/Desktop/igi/353505_Chuiko_26/IGI/LR5/Agency/venv/lib/python3.13/site-packages/django/db/models/sql/query.py", line 1523, in build_filter
    lookups, parts, reffed_expression = self.solve_lookup_type(arg, summarize)
                                        ~~~~~~~~~~~~~~~~~~~~~~^^^^^^^^^^^^^^^^
  File "/Users/user/Desktop/igi/353505_Chuiko_26/IGI/LR5/Agency/venv/lib/python3.13/site-packages/django/db/models/sql/query.py", line 1330, in solve_lookup_type
    _, field, _, lookup_parts = self.names_to_path(lookup_splitted, self.get_meta())
                                ~~~~~~~~~~~~~~~~~~^^^^^^^^^^^^^^^^^^^^^^^^^^^^^^^^^^
  File "/Users/user/Desktop/igi/353505_Chuiko_26/IGI/LR5/Agency/venv/lib/python3.13/site-packages/django/db/models/sql/query.py", line 1802, in names_to_path
    raise FieldError(
    ...<2 lines>...
    )
django.core.exceptions.FieldError: Cannot resolve keyword 'position' into field. Choices are: description, email, id, name, phone, photo, role
ERROR 2025-05-29 16:11:58,512 basehttp "GET /contacts/ HTTP/1.1" 500 110035
INFO 2025-05-29 16:12:29,055 autoreload /Users/user/Desktop/igi/353505_Chuiko_26/IGI/LR5/Agency/estateAgency/views.py changed, reloading.
INFO 2025-05-29 16:12:29,504 autoreload Watching for file changes with StatReloader
INFO 2025-05-29 16:12:37,132 autoreload /Users/user/Desktop/igi/353505_Chuiko_26/IGI/LR5/Agency/estateAgency/views.py changed, reloading.
INFO 2025-05-29 16:12:37,438 autoreload Watching for file changes with StatReloader
INFO 2025-05-29 16:12:38,543 basehttp "GET /contacts/ HTTP/1.1" 200 2270
ERROR 2025-05-29 16:12:55,001 log Internal Server Error: /contacts/
Traceback (most recent call last):
  File "/Users/user/Desktop/igi/353505_Chuiko_26/IGI/LR5/Agency/venv/lib/python3.13/site-packages/django/core/handlers/exception.py", line 55, in inner
    response = get_response(request)
  File "/Users/user/Desktop/igi/353505_Chuiko_26/IGI/LR5/Agency/venv/lib/python3.13/site-packages/django/core/handlers/base.py", line 197, in _get_response
    response = wrapped_callback(request, *callback_args, **callback_kwargs)
  File "/Users/user/Desktop/igi/353505_Chuiko_26/IGI/LR5/Agency/estateAgency/views.py", line 146, in contact_agents
    return render(request, 'contacts/contact_list.html', context)
  File "/Users/user/Desktop/igi/353505_Chuiko_26/IGI/LR5/Agency/venv/lib/python3.13/site-packages/django/shortcuts.py", line 25, in render
    content = loader.render_to_string(template_name, context, request, using=using)
  File "/Users/user/Desktop/igi/353505_Chuiko_26/IGI/LR5/Agency/venv/lib/python3.13/site-packages/django/template/loader.py", line 62, in render_to_string
    return template.render(context, request)
           ~~~~~~~~~~~~~~~^^^^^^^^^^^^^^^^^^
  File "/Users/user/Desktop/igi/353505_Chuiko_26/IGI/LR5/Agency/venv/lib/python3.13/site-packages/django/template/backends/django.py", line 107, in render
    return self.template.render(context)
           ~~~~~~~~~~~~~~~~~~~~^^^^^^^^^
  File "/Users/user/Desktop/igi/353505_Chuiko_26/IGI/LR5/Agency/venv/lib/python3.13/site-packages/django/template/base.py", line 171, in render
    return self._render(context)
           ~~~~~~~~~~~~^^^^^^^^^
  File "/Users/user/Desktop/igi/353505_Chuiko_26/IGI/LR5/Agency/venv/lib/python3.13/site-packages/django/template/base.py", line 163, in _render
    return self.nodelist.render(context)
           ~~~~~~~~~~~~~~~~~~~~^^^^^^^^^
  File "/Users/user/Desktop/igi/353505_Chuiko_26/IGI/LR5/Agency/venv/lib/python3.13/site-packages/django/template/base.py", line 1016, in render
    return SafeString("".join([node.render_annotated(context) for node in self]))
                               ~~~~~~~~~~~~~~~~~~~~~^^^^^^^^^
  File "/Users/user/Desktop/igi/353505_Chuiko_26/IGI/LR5/Agency/venv/lib/python3.13/site-packages/django/template/base.py", line 977, in render_annotated
    return self.render(context)
           ~~~~~~~~~~~^^^^^^^^^
  File "/Users/user/Desktop/igi/353505_Chuiko_26/IGI/LR5/Agency/venv/lib/python3.13/site-packages/django/template/loader_tags.py", line 159, in render
    return compiled_parent._render(context)
           ~~~~~~~~~~~~~~~~~~~~~~~^^^^^^^^^
  File "/Users/user/Desktop/igi/353505_Chuiko_26/IGI/LR5/Agency/venv/lib/python3.13/site-packages/django/template/base.py", line 163, in _render
    return self.nodelist.render(context)
           ~~~~~~~~~~~~~~~~~~~~^^^^^^^^^
  File "/Users/user/Desktop/igi/353505_Chuiko_26/IGI/LR5/Agency/venv/lib/python3.13/site-packages/django/template/base.py", line 1016, in render
    return SafeString("".join([node.render_annotated(context) for node in self]))
                               ~~~~~~~~~~~~~~~~~~~~~^^^^^^^^^
  File "/Users/user/Desktop/igi/353505_Chuiko_26/IGI/LR5/Agency/venv/lib/python3.13/site-packages/django/template/base.py", line 977, in render_annotated
    return self.render(context)
           ~~~~~~~~~~~^^^^^^^^^
  File "/Users/user/Desktop/igi/353505_Chuiko_26/IGI/LR5/Agency/venv/lib/python3.13/site-packages/django/template/loader_tags.py", line 65, in render
    result = block.nodelist.render(context)
  File "/Users/user/Desktop/igi/353505_Chuiko_26/IGI/LR5/Agency/venv/lib/python3.13/site-packages/django/template/base.py", line 1016, in render
    return SafeString("".join([node.render_annotated(context) for node in self]))
                               ~~~~~~~~~~~~~~~~~~~~~^^^^^^^^^
  File "/Users/user/Desktop/igi/353505_Chuiko_26/IGI/LR5/Agency/venv/lib/python3.13/site-packages/django/template/base.py", line 977, in render_annotated
    return self.render(context)
           ~~~~~~~~~~~^^^^^^^^^
  File "/Users/user/Desktop/igi/353505_Chuiko_26/IGI/LR5/Agency/venv/lib/python3.13/site-packages/django/template/defaulttags.py", line 199, in render
    len_values = len(values)
  File "/Users/user/Desktop/igi/353505_Chuiko_26/IGI/LR5/Agency/venv/lib/python3.13/site-packages/django/db/models/query.py", line 366, in __len__
    self._fetch_all()
    ~~~~~~~~~~~~~~~^^
  File "/Users/user/Desktop/igi/353505_Chuiko_26/IGI/LR5/Agency/venv/lib/python3.13/site-packages/django/db/models/query.py", line 1945, in _fetch_all
    self._result_cache = list(self._iterable_class(self))
                         ~~~~^^^^^^^^^^^^^^^^^^^^^^^^^^^^
  File "/Users/user/Desktop/igi/353505_Chuiko_26/IGI/LR5/Agency/venv/lib/python3.13/site-packages/django/db/models/query.py", line 91, in __iter__
    results = compiler.execute_sql(
        chunked_fetch=self.chunked_fetch, chunk_size=self.chunk_size
    )
  File "/Users/user/Desktop/igi/353505_Chuiko_26/IGI/LR5/Agency/venv/lib/python3.13/site-packages/django/db/models/sql/compiler.py", line 1610, in execute_sql
    sql, params = self.as_sql()
                  ~~~~~~~~~~~^^
  File "/Users/user/Desktop/igi/353505_Chuiko_26/IGI/LR5/Agency/venv/lib/python3.13/site-packages/django/db/models/sql/compiler.py", line 766, in as_sql
    extra_select, order_by, group_by = self.pre_sql_setup(
                                       ~~~~~~~~~~~~~~~~~~^
        with_col_aliases=with_col_aliases or bool(combinator),
        ^^^^^^^^^^^^^^^^^^^^^^^^^^^^^^^^^^^^^^^^^^^^^^^^^^^^^^
    )
    ^
  File "/Users/user/Desktop/igi/353505_Chuiko_26/IGI/LR5/Agency/venv/lib/python3.13/site-packages/django/db/models/sql/compiler.py", line 85, in pre_sql_setup
    self.setup_query(with_col_aliases=with_col_aliases)
    ~~~~~~~~~~~~~~~~^^^^^^^^^^^^^^^^^^^^^^^^^^^^^^^^^^^
  File "/Users/user/Desktop/igi/353505_Chuiko_26/IGI/LR5/Agency/venv/lib/python3.13/site-packages/django/db/models/sql/compiler.py", line 74, in setup_query
    self.select, self.klass_info, self.annotation_col_map = self.get_select(
                                                            ~~~~~~~~~~~~~~~^
        with_col_aliases=with_col_aliases,
        ^^^^^^^^^^^^^^^^^^^^^^^^^^^^^^^^^^
    )
    ^
  File "/Users/user/Desktop/igi/353505_Chuiko_26/IGI/LR5/Agency/venv/lib/python3.13/site-packages/django/db/models/sql/compiler.py", line 299, in get_select
    related_klass_infos = self.get_related_selections(select, select_mask)
  File "/Users/user/Desktop/igi/353505_Chuiko_26/IGI/LR5/Agency/venv/lib/python3.13/site-packages/django/db/models/sql/compiler.py", line 1396, in get_related_selections
    raise FieldError(
    ...<6 lines>...
    )
django.core.exceptions.FieldError: Invalid field name(s) given in select_related: 'user'. Choices are: (none)
ERROR 2025-05-29 16:12:55,007 basehttp "GET /contacts/ HTTP/1.1" 500 184196
ERROR 2025-05-29 16:14:25,405 log Internal Server Error: /contacts/
Traceback (most recent call last):
  File "/Users/user/Desktop/igi/353505_Chuiko_26/IGI/LR5/Agency/venv/lib/python3.13/site-packages/django/core/handlers/exception.py", line 55, in inner
    response = get_response(request)
  File "/Users/user/Desktop/igi/353505_Chuiko_26/IGI/LR5/Agency/venv/lib/python3.13/site-packages/django/core/handlers/base.py", line 197, in _get_response
    response = wrapped_callback(request, *callback_args, **callback_kwargs)
  File "/Users/user/Desktop/igi/353505_Chuiko_26/IGI/LR5/Agency/estateAgency/views.py", line 146, in contact_agents
    return render(request, 'contacts/contact_list.html', context)
  File "/Users/user/Desktop/igi/353505_Chuiko_26/IGI/LR5/Agency/venv/lib/python3.13/site-packages/django/shortcuts.py", line 25, in render
    content = loader.render_to_string(template_name, context, request, using=using)
  File "/Users/user/Desktop/igi/353505_Chuiko_26/IGI/LR5/Agency/venv/lib/python3.13/site-packages/django/template/loader.py", line 62, in render_to_string
    return template.render(context, request)
           ~~~~~~~~~~~~~~~^^^^^^^^^^^^^^^^^^
  File "/Users/user/Desktop/igi/353505_Chuiko_26/IGI/LR5/Agency/venv/lib/python3.13/site-packages/django/template/backends/django.py", line 107, in render
    return self.template.render(context)
           ~~~~~~~~~~~~~~~~~~~~^^^^^^^^^
  File "/Users/user/Desktop/igi/353505_Chuiko_26/IGI/LR5/Agency/venv/lib/python3.13/site-packages/django/template/base.py", line 171, in render
    return self._render(context)
           ~~~~~~~~~~~~^^^^^^^^^
  File "/Users/user/Desktop/igi/353505_Chuiko_26/IGI/LR5/Agency/venv/lib/python3.13/site-packages/django/template/base.py", line 163, in _render
    return self.nodelist.render(context)
           ~~~~~~~~~~~~~~~~~~~~^^^^^^^^^
  File "/Users/user/Desktop/igi/353505_Chuiko_26/IGI/LR5/Agency/venv/lib/python3.13/site-packages/django/template/base.py", line 1016, in render
    return SafeString("".join([node.render_annotated(context) for node in self]))
                               ~~~~~~~~~~~~~~~~~~~~~^^^^^^^^^
  File "/Users/user/Desktop/igi/353505_Chuiko_26/IGI/LR5/Agency/venv/lib/python3.13/site-packages/django/template/base.py", line 977, in render_annotated
    return self.render(context)
           ~~~~~~~~~~~^^^^^^^^^
  File "/Users/user/Desktop/igi/353505_Chuiko_26/IGI/LR5/Agency/venv/lib/python3.13/site-packages/django/template/loader_tags.py", line 159, in render
    return compiled_parent._render(context)
           ~~~~~~~~~~~~~~~~~~~~~~~^^^^^^^^^
  File "/Users/user/Desktop/igi/353505_Chuiko_26/IGI/LR5/Agency/venv/lib/python3.13/site-packages/django/template/base.py", line 163, in _render
    return self.nodelist.render(context)
           ~~~~~~~~~~~~~~~~~~~~^^^^^^^^^
  File "/Users/user/Desktop/igi/353505_Chuiko_26/IGI/LR5/Agency/venv/lib/python3.13/site-packages/django/template/base.py", line 1016, in render
    return SafeString("".join([node.render_annotated(context) for node in self]))
                               ~~~~~~~~~~~~~~~~~~~~~^^^^^^^^^
  File "/Users/user/Desktop/igi/353505_Chuiko_26/IGI/LR5/Agency/venv/lib/python3.13/site-packages/django/template/base.py", line 977, in render_annotated
    return self.render(context)
           ~~~~~~~~~~~^^^^^^^^^
  File "/Users/user/Desktop/igi/353505_Chuiko_26/IGI/LR5/Agency/venv/lib/python3.13/site-packages/django/template/loader_tags.py", line 65, in render
    result = block.nodelist.render(context)
  File "/Users/user/Desktop/igi/353505_Chuiko_26/IGI/LR5/Agency/venv/lib/python3.13/site-packages/django/template/base.py", line 1016, in render
    return SafeString("".join([node.render_annotated(context) for node in self]))
                               ~~~~~~~~~~~~~~~~~~~~~^^^^^^^^^
  File "/Users/user/Desktop/igi/353505_Chuiko_26/IGI/LR5/Agency/venv/lib/python3.13/site-packages/django/template/base.py", line 977, in render_annotated
    return self.render(context)
           ~~~~~~~~~~~^^^^^^^^^
  File "/Users/user/Desktop/igi/353505_Chuiko_26/IGI/LR5/Agency/venv/lib/python3.13/site-packages/django/template/defaulttags.py", line 199, in render
    len_values = len(values)
  File "/Users/user/Desktop/igi/353505_Chuiko_26/IGI/LR5/Agency/venv/lib/python3.13/site-packages/django/db/models/query.py", line 366, in __len__
    self._fetch_all()
    ~~~~~~~~~~~~~~~^^
  File "/Users/user/Desktop/igi/353505_Chuiko_26/IGI/LR5/Agency/venv/lib/python3.13/site-packages/django/db/models/query.py", line 1945, in _fetch_all
    self._result_cache = list(self._iterable_class(self))
                         ~~~~^^^^^^^^^^^^^^^^^^^^^^^^^^^^
  File "/Users/user/Desktop/igi/353505_Chuiko_26/IGI/LR5/Agency/venv/lib/python3.13/site-packages/django/db/models/query.py", line 91, in __iter__
    results = compiler.execute_sql(
        chunked_fetch=self.chunked_fetch, chunk_size=self.chunk_size
    )
  File "/Users/user/Desktop/igi/353505_Chuiko_26/IGI/LR5/Agency/venv/lib/python3.13/site-packages/django/db/models/sql/compiler.py", line 1610, in execute_sql
    sql, params = self.as_sql()
                  ~~~~~~~~~~~^^
  File "/Users/user/Desktop/igi/353505_Chuiko_26/IGI/LR5/Agency/venv/lib/python3.13/site-packages/django/db/models/sql/compiler.py", line 766, in as_sql
    extra_select, order_by, group_by = self.pre_sql_setup(
                                       ~~~~~~~~~~~~~~~~~~^
        with_col_aliases=with_col_aliases or bool(combinator),
        ^^^^^^^^^^^^^^^^^^^^^^^^^^^^^^^^^^^^^^^^^^^^^^^^^^^^^^
    )
    ^
  File "/Users/user/Desktop/igi/353505_Chuiko_26/IGI/LR5/Agency/venv/lib/python3.13/site-packages/django/db/models/sql/compiler.py", line 85, in pre_sql_setup
    self.setup_query(with_col_aliases=with_col_aliases)
    ~~~~~~~~~~~~~~~~^^^^^^^^^^^^^^^^^^^^^^^^^^^^^^^^^^^
  File "/Users/user/Desktop/igi/353505_Chuiko_26/IGI/LR5/Agency/venv/lib/python3.13/site-packages/django/db/models/sql/compiler.py", line 74, in setup_query
    self.select, self.klass_info, self.annotation_col_map = self.get_select(
                                                            ~~~~~~~~~~~~~~~^
        with_col_aliases=with_col_aliases,
        ^^^^^^^^^^^^^^^^^^^^^^^^^^^^^^^^^^
    )
    ^
  File "/Users/user/Desktop/igi/353505_Chuiko_26/IGI/LR5/Agency/venv/lib/python3.13/site-packages/django/db/models/sql/compiler.py", line 299, in get_select
    related_klass_infos = self.get_related_selections(select, select_mask)
  File "/Users/user/Desktop/igi/353505_Chuiko_26/IGI/LR5/Agency/venv/lib/python3.13/site-packages/django/db/models/sql/compiler.py", line 1396, in get_related_selections
    raise FieldError(
    ...<6 lines>...
    )
django.core.exceptions.FieldError: Invalid field name(s) given in select_related: 'user'. Choices are: (none)
ERROR 2025-05-29 16:14:25,410 basehttp "GET /contacts/ HTTP/1.1" 500 184196
INFO 2025-05-29 16:14:26,014 autoreload /Users/user/Desktop/igi/353505_Chuiko_26/IGI/LR5/Agency/estateAgency/views.py changed, reloading.
INFO 2025-05-29 16:14:26,404 autoreload Watching for file changes with StatReloader
INFO 2025-05-29 16:14:32,029 basehttp "GET /contacts/ HTTP/1.1" 200 4378
WARNING 2025-05-29 16:14:32,046 basehttp "GET /static/images/default-contact.jpg HTTP/1.1" 404 1892
INFO 2025-05-29 16:14:32,064 basehttp "GET /media/contacts/wall2.jpeg HTTP/1.1" 200 2459224
INFO 2025-05-29 16:14:34,168 basehttp "GET / HTTP/1.1" 200 6434
INFO 2025-05-29 16:14:34,168 basehttp - Broken pipe from ('127.0.0.1', 49663)
INFO 2025-05-29 16:14:37,326 basehttp "GET /admin/estateAgency/contact/2/change/ HTTP/1.1" 200 18965
INFO 2025-05-29 16:14:37,340 basehttp "GET /admin/jsi18n/ HTTP/1.1" 200 3342
INFO 2025-05-29 16:14:41,614 basehttp "POST /admin/estateAgency/contact/2/change/ HTTP/1.1" 302 0
INFO 2025-05-29 16:14:41,627 basehttp "GET /admin/estateAgency/contact/ HTTP/1.1" 200 17965
INFO 2025-05-29 16:14:41,642 basehttp "GET /admin/jsi18n/ HTTP/1.1" 200 3342
INFO 2025-05-29 16:14:43,128 basehttp "GET /admin/estateAgency/contact/1/change/ HTTP/1.1" 200 18967
INFO 2025-05-29 16:14:43,147 basehttp "GET /admin/jsi18n/ HTTP/1.1" 200 3342
INFO 2025-05-29 16:14:53,455 basehttp "POST /admin/estateAgency/contact/1/change/ HTTP/1.1" 302 0
INFO 2025-05-29 16:14:53,464 basehttp "GET /admin/estateAgency/contact/ HTTP/1.1" 200 17965
INFO 2025-05-29 16:14:53,475 basehttp "GET /admin/jsi18n/ HTTP/1.1" 200 3342
INFO 2025-05-29 16:14:57,043 basehttp "GET /contacts/ HTTP/1.1" 200 4344
INFO 2025-05-29 16:14:57,075 basehttp "GET /media/contacts/wall3_8XaXJAV.jpeg HTTP/1.1" 200 2375991
INFO 2025-05-29 16:14:57,095 basehttp "GET /media/contacts/wall3.jpeg HTTP/1.1" 200 2375991
INFO 2025-05-29 16:15:12,886 basehttp "GET / HTTP/1.1" 200 6207
INFO 2025-05-29 16:15:12,915 basehttp "GET /media/news/wall2.jpeg HTTP/1.1" 304 0
INFO 2025-05-29 16:15:19,487 basehttp "GET /contacts/ HTTP/1.1" 200 4344
INFO 2025-05-29 16:15:19,501 basehttp "GET /media/contacts/wall3.jpeg HTTP/1.1" 304 0
INFO 2025-05-29 16:15:19,501 basehttp "GET /media/contacts/wall3_8XaXJAV.jpeg HTTP/1.1" 304 0
INFO 2025-05-29 16:16:25,767 basehttp "GET / HTTP/1.1" 200 6006
INFO 2025-05-29 16:16:25,795 basehttp "GET /media/news/wall2.jpeg HTTP/1.1" 304 0
INFO 2025-05-29 16:17:25,312 basehttp "GET /contacts/ HTTP/1.1" 200 4344
INFO 2025-05-29 16:17:25,324 basehttp "GET /media/contacts/wall3_8XaXJAV.jpeg HTTP/1.1" 304 0
INFO 2025-05-29 16:17:25,325 basehttp "GET /media/contacts/wall3.jpeg HTTP/1.1" 304 0
INFO 2025-05-29 16:17:26,783 basehttp "GET /news/ HTTP/1.1" 200 4241
INFO 2025-05-29 16:17:26,798 basehttp "GET /media/news/4a1a92e830c4ee3cd97b36570f3e21e4.png HTTP/1.1" 304 0
INFO 2025-05-29 16:17:26,802 basehttp "GET /media/news/4a1a92e830c4ee3cd97b36570f3e21e4_f0tRm73.png HTTP/1.1" 304 0
INFO 2025-05-29 16:17:30,887 basehttp "GET /contacts/ HTTP/1.1" 200 4344
INFO 2025-05-29 16:17:38,500 basehttp "GET / HTTP/1.1" 200 6474
INFO 2025-05-29 16:17:38,531 basehttp "GET /media/news/wall2.jpeg HTTP/1.1" 304 0
INFO 2025-05-29 16:17:43,406 basehttp "GET /statistics/ HTTP/1.1" 200 226960
INFO 2025-05-29 16:17:44,730 basehttp "GET /logout/ HTTP/1.1" 200 1699
INFO 2025-09-15 19:41:22,737 autoreload Watching for file changes with StatReloader
INFO 2025-09-15 19:42:09,040 basehttp "GET / HTTP/1.1" 200 21077
INFO 2025-09-15 19:42:09,177 basehttp "GET /static/css/styles.css HTTP/1.1" 200 2176
INFO 2025-09-15 19:42:09,187 basehttp "GET /media/news/wall2.jpeg HTTP/1.1" 200 2459224
INFO 2025-09-15 19:42:11,349 basehttp "GET /static/img/favicon.svg HTTP/1.1" 200 390
INFO 2025-09-15 19:52:01,716 basehttp "GET / HTTP/1.1" 200 21077
INFO 2025-09-15 19:52:03,203 basehttp "GET /about/ HTTP/1.1" 200 7435
WARNING 2025-09-15 19:52:03,238 log Not Found: /media/placeholder.png
WARNING 2025-09-15 19:52:03,239 basehttp "GET /media/placeholder.png HTTP/1.1" 404 17797
INFO 2025-09-15 19:52:12,284 basehttp "GET /properties/ HTTP/1.1" 200 4209
INFO 2025-09-15 19:52:13,221 basehttp "GET /properties/types/ HTTP/1.1" 200 10344
INFO 2025-09-15 19:52:14,342 basehttp "GET /promo-codes/ HTTP/1.1" 200 3872
INFO 2025-09-15 19:52:15,131 basehttp "GET /register/client/ HTTP/1.1" 200 5061
INFO 2025-09-15 19:52:17,120 basehttp "GET /login/ HTTP/1.1" 200 4125
INFO 2025-09-15 19:52:26,444 basehttp "POST /login/ HTTP/1.1" 302 0
INFO 2025-09-15 19:52:26,456 basehttp "GET /admin/ HTTP/1.1" 302 0
INFO 2025-09-15 19:52:26,463 basehttp "GET /admin/login/?next=/admin/ HTTP/1.1" 200 4173
INFO 2025-09-15 19:52:26,494 basehttp "GET /static/admin/css/base.css HTTP/1.1" 200 22120
INFO 2025-09-15 19:52:26,498 basehttp "GET /static/admin/css/login.css HTTP/1.1" 200 951
INFO 2025-09-15 19:52:26,499 basehttp "GET /static/admin/js/theme.js HTTP/1.1" 200 1653
INFO 2025-09-15 19:52:26,499 basehttp "GET /static/admin/css/dark_mode.css HTTP/1.1" 200 2808
INFO 2025-09-15 19:52:26,500 basehttp "GET /static/admin/css/nav_sidebar.css HTTP/1.1" 200 2810
INFO 2025-09-15 19:52:26,500 basehttp "GET /static/admin/css/responsive.css HTTP/1.1" 200 16565
INFO 2025-09-15 19:52:26,504 basehttp "GET /static/admin/js/nav_sidebar.js HTTP/1.1" 200 3063
WARNING 2025-09-15 19:52:26,543 log Not Found: /favicon.ico
WARNING 2025-09-15 19:52:26,543 basehttp "GET /favicon.ico HTTP/1.1" 404 17694
INFO 2025-09-15 19:52:35,759 basehttp "POST /admin/login/?next=/admin/ HTTP/1.1" 302 0
INFO 2025-09-15 19:52:35,771 basehttp "GET /admin/ HTTP/1.1" 200 19888
INFO 2025-09-15 19:52:35,804 basehttp "GET /static/admin/css/dashboard.css HTTP/1.1" 200 441
INFO 2025-09-15 19:52:35,808 basehttp "GET /static/admin/img/icon-addlink.svg HTTP/1.1" 200 331
INFO 2025-09-15 19:52:35,808 basehttp "GET /static/admin/img/icon-changelink.svg HTTP/1.1" 200 380
INFO 2025-09-15 19:52:47,998 basehttp "GET / HTTP/1.1" 200 22950
INFO 2025-09-15 19:52:52,694 basehttp "GET /statistics/ HTTP/1.1" 200 229709
INFO 2025-09-15 19:52:59,202 basehttp "GET / HTTP/1.1" 200 22988
INFO 2025-09-15 19:53:35,068 basehttp "GET /news/3/ HTTP/1.1" 200 5199
INFO 2025-09-15 19:53:41,517 basehttp "GET / HTTP/1.1" 200 22972
INFO 2025-09-15 19:54:20,301 basehttp "GET /properties/6/ HTTP/1.1" 200 5676
WARNING 2025-09-15 19:54:20,348 log Not Found: /media/placeholder.png
WARNING 2025-09-15 19:54:20,348 basehttp "GET /media/placeholder.png HTTP/1.1" 404 17797
INFO 2025-09-15 19:54:26,747 basehttp "GET /crud/properties/ HTTP/1.1" 200 8293
INFO 2025-09-15 19:54:34,016 basehttp "GET / HTTP/1.1" 200 22959
INFO 2025-09-15 19:54:53,574 basehttp "GET /admin/ HTTP/1.1" 200 19888
INFO 2025-09-15 20:02:02,781 basehttp "GET / HTTP/1.1" 200 23625
INFO 2025-09-15 20:02:04,726 basehttp "GET /static/img/favicon.svg HTTP/1.1" 304 0
INFO 2025-09-15 20:04:33,758 basehttp "GET /static/docs/sample.txt HTTP/1.1" 200 144
INFO 2025-09-15 20:16:06,495 basehttp "GET / HTTP/1.1" 200 23656
INFO 2025-09-15 20:16:06,834 basehttp "GET /static/img/favicon.svg HTTP/1.1" 304 0
INFO 2025-09-15 20:16:33,020 basehttp "GET / HTTP/1.1" 200 23662
INFO 2025-09-15 20:26:25,250 basehttp "GET /admin/estateAgency/aboutcompany/ HTTP/1.1" 200 18127
INFO 2025-09-15 20:26:25,293 basehttp "GET /static/admin/css/changelists.css HTTP/1.1" 200 6878
INFO 2025-09-15 20:26:25,295 basehttp "GET /static/admin/css/dark_mode.css HTTP/1.1" 304 0
INFO 2025-09-15 20:26:25,296 basehttp "GET /static/admin/css/base.css HTTP/1.1" 304 0
INFO 2025-09-15 20:26:25,297 basehttp "GET /static/admin/css/nav_sidebar.css HTTP/1.1" 304 0
INFO 2025-09-15 20:26:25,298 basehttp "GET /static/admin/css/responsive.css HTTP/1.1" 304 0
INFO 2025-09-15 20:26:25,300 basehttp "GET /static/admin/js/actions.js HTTP/1.1" 200 8076
INFO 2025-09-15 20:26:25,301 basehttp "GET /static/admin/js/jquery.init.js HTTP/1.1" 200 347
INFO 2025-09-15 20:26:25,302 basehttp "GET /static/admin/js/admin/RelatedObjectLookups.js HTTP/1.1" 200 9777
INFO 2025-09-15 20:26:25,305 basehttp "GET /static/admin/js/core.js HTTP/1.1" 200 6208
INFO 2025-09-15 20:26:25,307 basehttp "GET /static/admin/js/urlify.js HTTP/1.1" 200 7887
INFO 2025-09-15 20:26:25,308 basehttp "GET /static/admin/js/prepopulate.js HTTP/1.1" 200 1531
INFO 2025-09-15 20:26:25,308 basehttp "GET /static/admin/js/theme.js HTTP/1.1" 304 0
INFO 2025-09-15 20:26:25,310 basehttp "GET /admin/jsi18n/ HTTP/1.1" 200 3342
INFO 2025-09-15 20:26:25,315 basehttp "GET /static/admin/js/vendor/jquery/jquery.js HTTP/1.1" 200 285314
INFO 2025-09-15 20:26:25,319 basehttp "GET /static/admin/js/vendor/xregexp/xregexp.js HTTP/1.1" 200 325171
INFO 2025-09-15 20:26:25,323 basehttp "GET /static/admin/js/nav_sidebar.js HTTP/1.1" 304 0
INFO 2025-09-15 20:26:25,327 basehttp "GET /static/admin/js/filters.js HTTP/1.1" 200 978
INFO 2025-09-15 20:26:25,335 basehttp "GET /static/admin/img/icon-addlink.svg HTTP/1.1" 304 0
INFO 2025-09-15 20:26:25,335 basehttp "GET /static/admin/img/tooltag-add.svg HTTP/1.1" 200 331
INFO 2025-09-15 20:26:29,312 basehttp "GET /admin/estateAgency/aboutcompany/add/ HTTP/1.1" 200 17434
INFO 2025-09-15 20:26:29,344 basehttp "GET /static/admin/css/forms.css HTTP/1.1" 200 8525
INFO 2025-09-15 20:26:29,344 basehttp "GET /static/admin/js/prepopulate_init.js HTTP/1.1" 200 586
INFO 2025-09-15 20:26:29,347 basehttp "GET /admin/jsi18n/ HTTP/1.1" 200 3342
INFO 2025-09-15 20:26:29,348 basehttp "GET /static/admin/css/widgets.css HTTP/1.1" 200 11991
INFO 2025-09-15 20:26:29,359 basehttp "GET /static/admin/js/change_form.js HTTP/1.1" 200 606
INFO 2025-09-15 20:26:39,348 basehttp "GET /admin/estateAgency/aboutcompany/ HTTP/1.1" 200 18127
INFO 2025-09-15 20:29:00,546 basehttp "GET /admin/estateAgency/property/ HTTP/1.1" 200 23012
INFO 2025-09-15 20:29:00,580 basehttp "GET /static/admin/img/search.svg HTTP/1.1" 200 458
INFO 2025-09-15 20:29:00,581 basehttp "GET /admin/jsi18n/ HTTP/1.1" 200 3342
INFO 2025-09-15 20:29:00,592 basehttp "GET /static/admin/img/icon-viewlink.svg HTTP/1.1" 200 581
INFO 2025-09-15 20:30:30,739 autoreload /Users/user/Desktop/igi/353505_Chuiko_26/STRWEB/LR1/Agency/estateAgency/estate_views.py changed, reloading.
INFO 2025-09-15 20:30:31,188 autoreload Watching for file changes with StatReloader
INFO 2025-09-15 20:30:48,900 autoreload /Users/user/Desktop/igi/353505_Chuiko_26/STRWEB/LR1/Agency/estateAgency/urls.py changed, reloading.
INFO 2025-09-15 20:30:49,203 autoreload Watching for file changes with StatReloader
INFO 2025-09-15 20:31:51,407 autoreload /Users/user/Desktop/igi/353505_Chuiko_26/STRWEB/LR1/Agency/estateAgency/estate_views.py changed, reloading.
INFO 2025-09-15 20:31:51,776 autoreload Watching for file changes with StatReloader
INFO 2025-09-15 20:52:44,029 basehttp "GET /admin/estateAgency/property/ HTTP/1.1" 200 23012
INFO 2025-09-15 20:52:44,067 basehttp "GET /static/admin/css/base.css HTTP/1.1" 304 0
INFO 2025-09-15 20:52:44,076 basehttp "GET /static/admin/css/changelists.css HTTP/1.1" 304 0
INFO 2025-09-15 20:52:44,078 basehttp "GET /static/admin/css/dark_mode.css HTTP/1.1" 304 0
INFO 2025-09-15 20:52:44,079 basehttp "GET /static/admin/css/responsive.css HTTP/1.1" 304 0
INFO 2025-09-15 20:52:44,080 basehttp "GET /static/admin/css/nav_sidebar.css HTTP/1.1" 304 0
INFO 2025-09-15 20:52:44,081 basehttp "GET /static/admin/js/vendor/jquery/jquery.js HTTP/1.1" 304 0
INFO 2025-09-15 20:52:44,082 basehttp "GET /static/admin/js/theme.js HTTP/1.1" 304 0
INFO 2025-09-15 20:52:44,083 basehttp "GET /static/admin/css/forms.css HTTP/1.1" 304 0
INFO 2025-09-15 20:52:44,085 basehttp "GET /static/admin/js/admin/RelatedObjectLookups.js HTTP/1.1" 304 0
INFO 2025-09-15 20:52:44,085 basehttp "GET /static/admin/js/jquery.init.js HTTP/1.1" 304 0
INFO 2025-09-15 20:52:44,085 basehttp "GET /static/admin/js/core.js HTTP/1.1" 304 0
INFO 2025-09-15 20:52:44,088 basehttp "GET /static/admin/js/actions.js HTTP/1.1" 304 0
INFO 2025-09-15 20:52:44,090 basehttp "GET /static/admin/js/urlify.js HTTP/1.1" 304 0
INFO 2025-09-15 20:52:44,090 basehttp "GET /static/admin/js/prepopulate.js HTTP/1.1" 304 0
INFO 2025-09-15 20:52:44,089 basehttp "GET /static/admin/img/search.svg HTTP/1.1" 304 0
INFO 2025-09-15 20:52:44,090 basehttp "GET /static/admin/js/vendor/xregexp/xregexp.js HTTP/1.1" 304 0
INFO 2025-09-15 20:52:44,093 basehttp "GET /admin/jsi18n/ HTTP/1.1" 200 3342
INFO 2025-09-15 20:52:44,102 basehttp "GET /static/admin/css/widgets.css HTTP/1.1" 304 0
INFO 2025-09-15 20:52:44,102 basehttp "GET /static/admin/js/filters.js HTTP/1.1" 304 0
INFO 2025-09-15 20:52:44,103 basehttp "GET /static/admin/js/nav_sidebar.js HTTP/1.1" 304 0
INFO 2025-09-15 20:52:44,136 basehttp "GET /static/admin/img/icon-addlink.svg HTTP/1.1" 304 0
INFO 2025-09-15 20:52:44,136 basehttp "GET /static/admin/img/tooltag-add.svg HTTP/1.1" 304 0
INFO 2025-09-15 20:52:44,136 basehttp "GET /static/admin/img/icon-viewlink.svg HTTP/1.1" 304 0
INFO 2025-09-15 20:52:51,792 basehttp "GET / HTTP/1.1" 200 23784
INFO 2025-09-15 20:52:53,723 basehttp "GET /static/img/favicon.svg HTTP/1.1" 304 0
INFO 2025-09-15 20:52:59,675 basehttp "GET /cart/ HTTP/1.1" 200 3967
INFO 2025-09-15 20:53:02,962 basehttp "GET /crud/properties/ HTTP/1.1" 200 8348
INFO 2025-09-15 20:53:19,383 basehttp "GET /crud/properties/1/edit/ HTTP/1.1" 200 7656
WARNING 2025-09-15 20:53:32,789 log Not Found: /crud/properties/1/
WARNING 2025-09-15 20:53:32,790 basehttp "GET /crud/properties/1/ HTTP/1.1" 404 19064
WARNING 2025-09-15 20:53:37,946 log Not Found: /crud/properties/1
WARNING 2025-09-15 20:53:37,946 basehttp "GET /crud/properties/1 HTTP/1.1" 404 19061
INFO 2025-09-15 20:54:58,071 basehttp "GET /crud/properties/add/ HTTP/1.1" 200 7585
INFO 2025-09-15 20:55:14,717 basehttp "GET /admin/estateAgency/property/6/change/ HTTP/1.1" 200 24844
INFO 2025-09-15 20:55:14,753 basehttp "GET /static/admin/img/icon-changelink.svg HTTP/1.1" 304 0
INFO 2025-09-15 20:55:14,754 basehttp "GET /static/admin/js/prepopulate_init.js HTTP/1.1" 304 0
INFO 2025-09-15 20:55:14,756 basehttp "GET /admin/jsi18n/ HTTP/1.1" 200 3342
INFO 2025-09-15 20:55:14,762 basehttp "GET /static/admin/js/change_form.js HTTP/1.1" 304 0
INFO 2025-09-15 20:55:14,762 basehttp "GET /static/admin/img/icon-deletelink.svg HTTP/1.1" 200 392
WARNING 2025-09-15 20:55:28,538 log Not Found: /crud/properties/6
WARNING 2025-09-15 20:55:28,538 basehttp "GET /crud/properties/6 HTTP/1.1" 404 19061
INFO 2025-09-15 20:55:59,810 basehttp "GET /admin/estateAgency/property/ HTTP/1.1" 200 23012
INFO 2025-09-15 20:55:59,849 basehttp "GET /admin/jsi18n/ HTTP/1.1" 200 3342
INFO 2025-09-15 20:56:01,170 basehttp "GET /admin/estateAgency/property/6/change/ HTTP/1.1" 200 24844
INFO 2025-09-15 20:56:01,202 basehttp "GET /admin/jsi18n/ HTTP/1.1" 200 3342
INFO 2025-09-15 20:56:03,524 basehttp "GET /admin/estateAgency/property/ HTTP/1.1" 200 23012
INFO 2025-09-15 20:56:05,740 basehttp "GET /admin/estateAgency/property/1/change/ HTTP/1.1" 200 24823
INFO 2025-09-15 20:56:05,775 basehttp "GET /admin/jsi18n/ HTTP/1.1" 200 3342
INFO 2025-09-15 20:59:57,994 basehttp "GET /crud/properties/ HTTP/1.1" 200 8348
INFO 2025-09-15 21:00:01,451 basehttp "GET /crud/properties/1/edit/ HTTP/1.1" 200 7656
WARNING 2025-09-15 21:00:06,498 log Not Found: /crud/properties/1
WARNING 2025-09-15 21:00:06,499 basehttp "GET /crud/properties/1 HTTP/1.1" 404 19061
INFO 2025-09-15 21:00:45,735 basehttp "GET /crud/properties/ HTTP/1.1" 200 8348
INFO 2025-09-15 21:00:48,419 basehttp "GET /crud/properties/add/ HTTP/1.1" 200 7585
INFO 2025-09-15 21:00:51,852 basehttp "GET /cart/ HTTP/1.1" 200 3967
INFO 2025-09-15 21:00:54,546 basehttp "GET /news/ HTTP/1.1" 200 7033
INFO 2025-09-15 21:00:54,588 basehttp "GET /media/news/4a1a92e830c4ee3cd97b36570f3e21e4.png HTTP/1.1" 200 986185
INFO 2025-09-15 21:00:54,589 basehttp "GET /media/news/4a1a92e830c4ee3cd97b36570f3e21e4_f0tRm73.png HTTP/1.1" 200 986185
INFO 2025-09-15 21:00:55,282 basehttp "GET /cart/ HTTP/1.1" 200 3967
INFO 2025-09-15 21:00:56,271 basehttp "GET /cart/ HTTP/1.1" 200 3967
INFO 2025-09-15 21:00:58,764 basehttp "GET /crud/properties/ HTTP/1.1" 200 8348
INFO 2025-09-15 21:03:26,755 basehttp "GET /crud/properties/ HTTP/1.1" 200 8348
INFO 2025-09-15 21:03:32,116 basehttp "GET /crud/properties/ HTTP/1.1" 200 8348
INFO 2025-09-15 21:03:32,822 basehttp "GET /crud/properties/ HTTP/1.1" 200 8348
INFO 2025-09-15 21:04:06,879 autoreload Watching for file changes with StatReloader
INFO 2025-09-15 21:04:09,558 basehttp "GET /crud/properties/ HTTP/1.1" 200 8348
INFO 2025-09-15 21:04:13,886 basehttp "GET / HTTP/1.1" 200 23749
INFO 2025-09-15 21:04:18,318 basehttp "GET /crud/properties/ HTTP/1.1" 200 8348
INFO 2025-09-15 21:04:23,497 basehttp "GET / HTTP/1.1" 200 23563
INFO 2025-09-15 21:04:25,154 basehttp "GET /properties/5/ HTTP/1.1" 200 6171
INFO 2025-09-15 21:04:28,195 basehttp "POST /cart/add/5/ HTTP/1.1" 302 0
INFO 2025-09-15 21:04:28,209 basehttp "GET /cart/ HTTP/1.1" 200 6146
INFO 2025-09-15 21:04:32,154 basehttp "POST /cart/update/5/?action=inc HTTP/1.1" 302 0
INFO 2025-09-15 21:04:32,173 basehttp "GET /cart/ HTTP/1.1" 200 6146
INFO 2025-09-15 21:04:32,330 basehttp "POST /cart/update/5/?action=inc HTTP/1.1" 302 0
INFO 2025-09-15 21:04:32,338 basehttp "GET /cart/ HTTP/1.1" 200 6146
INFO 2025-09-15 21:04:33,004 basehttp "POST /cart/update/5/ HTTP/1.1" 302 0
INFO 2025-09-15 21:04:33,019 basehttp "GET /cart/ HTTP/1.1" 200 6146
INFO 2025-09-15 21:04:34,953 basehttp "POST /cart/update/5/?action=inc HTTP/1.1" 302 0
INFO 2025-09-15 21:04:34,967 basehttp "GET /cart/ HTTP/1.1" 200 6146
INFO 2025-09-15 21:04:35,808 basehttp "POST /cart/update/5/ HTTP/1.1" 302 0
INFO 2025-09-15 21:04:35,824 basehttp "GET /cart/ HTTP/1.1" 200 6146
INFO 2025-09-15 21:04:36,062 basehttp "POST /cart/update/5/ HTTP/1.1" 302 0
INFO 2025-09-15 21:04:36,071 basehttp "GET /cart/ HTTP/1.1" 200 6146
INFO 2025-09-15 21:04:36,230 basehttp "POST /cart/update/5/ HTTP/1.1" 302 0
INFO 2025-09-15 21:04:36,242 basehttp "GET /cart/ HTTP/1.1" 200 6146
INFO 2025-09-15 21:04:40,303 basehttp "GET /checkout/ HTTP/1.1" 200 5135
INFO 2025-09-15 21:04:55,469 basehttp "POST /checkout/ HTTP/1.1" 200 4122
INFO 2025-09-16 15:05:53,753 autoreload Watching for file changes with StatReloader
INFO 2025-09-16 15:06:13,296 basehttp "GET / HTTP/1.1" 200 23742
INFO 2025-09-16 15:06:13,459 basehttp "GET /media/news/wall2.jpeg HTTP/1.1" 200 2459224
INFO 2025-09-16 15:06:52,445 basehttp "GET /properties/5/ HTTP/1.1" 200 6171
INFO 2025-09-16 15:06:54,974 basehttp "POST /cart/add/5/ HTTP/1.1" 302 0
INFO 2025-09-16 15:06:54,986 basehttp "GET /cart/ HTTP/1.1" 200 6146
INFO 2025-09-16 15:06:59,553 basehttp "POST /cart/update/5/ HTTP/1.1" 302 0
INFO 2025-09-16 15:06:59,566 basehttp "GET /cart/ HTTP/1.1" 200 6146
INFO 2025-09-16 15:06:59,815 basehttp "POST /cart/update/5/ HTTP/1.1" 302 0
INFO 2025-09-16 15:06:59,823 basehttp "GET /cart/ HTTP/1.1" 200 6146
INFO 2025-09-16 15:07:00,471 basehttp "POST /cart/update/5/?action=inc HTTP/1.1" 302 0
INFO 2025-09-16 15:07:00,484 basehttp "GET /cart/ HTTP/1.1" 200 6146
INFO 2025-09-16 15:07:00,647 basehttp "POST /cart/update/5/?action=inc HTTP/1.1" 302 0
INFO 2025-09-16 15:07:00,656 basehttp "GET /cart/ HTTP/1.1" 200 6146
INFO 2025-09-16 15:07:00,799 basehttp "POST /cart/update/5/?action=inc HTTP/1.1" 302 0
INFO 2025-09-16 15:07:00,807 basehttp "GET /cart/ HTTP/1.1" 200 6146
INFO 2025-09-16 15:07:01,422 basehttp "POST /cart/update/5/ HTTP/1.1" 302 0
INFO 2025-09-16 15:07:01,435 basehttp "GET /cart/ HTTP/1.1" 200 6146
INFO 2025-09-16 15:07:01,595 basehttp "POST /cart/update/5/ HTTP/1.1" 302 0
INFO 2025-09-16 15:07:01,604 basehttp "GET /cart/ HTTP/1.1" 200 6146
INFO 2025-09-16 15:07:01,747 basehttp "POST /cart/update/5/ HTTP/1.1" 302 0
INFO 2025-09-16 15:07:01,755 basehttp "GET /cart/ HTTP/1.1" 200 6146
INFO 2025-09-16 15:07:09,600 basehttp "GET /properties/ HTTP/1.1" 200 5607
INFO 2025-09-16 15:07:11,439 basehttp "GET /properties/5/ HTTP/1.1" 200 6171
INFO 2025-09-16 15:07:13,052 basehttp "POST /cart/add/5/ HTTP/1.1" 302 0
INFO 2025-09-16 15:07:13,063 basehttp "GET /cart/ HTTP/1.1" 200 6148
INFO 2025-09-16 15:07:15,069 basehttp "POST /cart/update/5/ HTTP/1.1" 302 0
INFO 2025-09-16 15:07:15,082 basehttp "GET /cart/ HTTP/1.1" 200 6148
INFO 2025-09-16 15:07:34,562 basehttp "GET /checkout/ HTTP/1.1" 200 5137
INFO 2025-09-16 15:07:49,095 basehttp "POST /checkout/ HTTP/1.1" 200 4122
INFO 2025-09-29 10:40:22,819 autoreload Watching for file changes with StatReloader
INFO 2025-09-29 10:40:39,978 basehttp "GET / HTTP/1.1" 200 22052
INFO 2025-09-29 10:40:40,189 basehttp "GET /static/css/styles.css HTTP/1.1" 200 2176
INFO 2025-09-29 10:40:40,199 basehttp "GET /media/news/wall2.jpeg HTTP/1.1" 200 2459224
WARNING 2025-09-29 10:40:50,720 log Not Found: /favicon.ico
WARNING 2025-09-29 10:40:50,720 basehttp "GET /favicon.ico HTTP/1.1" 404 19043
INFO 2025-09-29 10:40:57,776 basehttp "GET /properties/5/ HTTP/1.1" 200 6016
INFO 2025-09-29 10:40:57,816 basehttp "GET /static/img/favicon.svg HTTP/1.1" 200 390
INFO 2025-09-29 10:40:59,762 basehttp "GET /cart/ HTTP/1.1" 200 3812
INFO 2025-09-29 10:41:02,115 basehttp "GET / HTTP/1.1" 200 22052
INFO 2025-09-29 10:41:05,324 basehttp "GET /properties/5/ HTTP/1.1" 200 6016
INFO 2025-09-29 10:41:06,919 basehttp "POST /cart/add/5/ HTTP/1.1" 302 0
INFO 2025-09-29 10:41:06,931 basehttp "GET /cart/ HTTP/1.1" 200 5991
INFO 2025-09-29 10:41:09,388 basehttp "GET /checkout/ HTTP/1.1" 200 4980
INFO 2025-09-29 10:41:13,209 basehttp "GET / HTTP/1.1" 200 22052
INFO 2025-09-29 10:41:47,381 autoreload Watching for file changes with StatReloader
INFO 2025-09-29 10:54:13,439 basehttp "GET /properties/5/ HTTP/1.1" 200 6016
INFO 2025-09-29 10:54:31,245 basehttp "POST /cart/add/5/ HTTP/1.1" 302 0
INFO 2025-09-29 10:54:31,252 basehttp "GET /cart/ HTTP/1.1" 200 5991
INFO 2025-09-29 10:54:39,704 basehttp "GET /checkout/ HTTP/1.1" 200 4980
INFO 2025-09-29 10:55:03,174 basehttp "POST /checkout/ HTTP/1.1" 200 3967
INFO 2025-09-29 10:55:04,873 basehttp "GET /properties/ HTTP/1.1" 200 5452
INFO 2025-09-29 10:55:08,705 basehttp "GET /cart/ HTTP/1.1" 200 3812
INFO 2025-09-29 10:55:11,347 basehttp "GET / HTTP/1.1" 200 22052
INFO 2025-09-29 10:55:56,867 basehttp "GET / HTTP/1.1" 200 22052
INFO 2025-09-29 10:55:56,913 basehttp "GET /static/css/styles.css HTTP/1.1" 200 2176
INFO 2025-09-29 10:55:56,923 basehttp "GET /media/news/wall2.jpeg HTTP/1.1" 200 2459224
WARNING 2025-09-29 10:56:14,065 log Not Found: /favicon.ico
WARNING 2025-09-29 10:56:14,065 basehttp "GET /favicon.ico HTTP/1.1" 404 19043
INFO 2025-09-29 11:07:51,100 basehttp "GET /news/3/ HTTP/1.1" 200 5099
INFO 2025-09-29 11:07:53,103 basehttp "GET / HTTP/1.1" 200 22052
INFO 2025-09-29 11:08:10,436 basehttp "GET /about/ HTTP/1.1" 200 7648
WARNING 2025-09-29 11:08:10,481 log Not Found: /media/placeholder.png
WARNING 2025-09-29 11:08:10,481 basehttp "GET /media/placeholder.png HTTP/1.1" 404 19146
INFO 2025-09-29 11:11:05,208 basehttp "GET / HTTP/1.1" 200 22052
INFO 2025-09-29 11:22:23,632 basehttp "GET / HTTP/1.1" 200 22388
INFO 2025-09-29 11:22:32,071 autoreload Watching for file changes with StatReloader
INFO 2025-09-29 11:23:38,397 basehttp "GET / HTTP/1.1" 200 24256
INFO 2025-09-29 11:23:38,533 basehttp "GET /static/css/styles.css HTTP/1.1" 304 0
INFO 2025-09-29 11:23:38,546 basehttp "GET /media/news/wall2.jpeg HTTP/1.1" 200 2459224
WARNING 2025-09-29 11:23:41,804 log Not Found: /favicon.ico
WARNING 2025-09-29 11:23:41,805 basehttp "GET /favicon.ico HTTP/1.1" 404 19043
INFO 2025-09-29 11:24:37,809 basehttp "GET / HTTP/1.1" 200 24197
INFO 2025-09-29 11:25:13,715 basehttp "GET / HTTP/1.1" 200 24254
INFO 2025-09-29 11:26:06,471 basehttp "GET / HTTP/1.1" 200 24307
INFO 2025-09-29 11:29:24,527 basehttp "GET / HTTP/1.1" 200 22388
INFO 2025-09-29 11:29:24,565 basehttp "GET /static/css/styles.css HTTP/1.1" 200 2176
INFO 2025-09-29 11:29:24,574 basehttp "GET /media/news/wall2.jpeg HTTP/1.1" 200 2459224
WARNING 2025-09-29 11:29:27,236 log Not Found: /favicon.ico
WARNING 2025-09-29 11:29:27,236 basehttp "GET /favicon.ico HTTP/1.1" 404 19043
INFO 2025-09-29 11:32:08,810 basehttp "GET / HTTP/1.1" 200 24239
INFO 2025-09-29 11:33:31,342 basehttp "GET / HTTP/1.1" 200 24163
INFO 2025-09-29 11:33:45,013 autoreload Watching for file changes with StatReloader
INFO 2025-09-29 11:34:04,208 basehttp "GET / HTTP/1.1" 200 24170
INFO 2025-09-29 11:34:04,543 basehttp "GET / HTTP/1.1" 200 24122
INFO 2025-09-29 11:34:04,544 basehttp - Broken pipe from ('127.0.0.1', 54757)
INFO 2025-09-29 11:34:14,749 basehttp "GET / HTTP/1.1" 200 24161
INFO 2025-09-29 11:35:12,133 autoreload Watching for file changes with StatReloader
INFO 2025-09-29 11:35:42,730 basehttp "GET / HTTP/1.1" 200 24248
INFO 2025-09-29 11:36:39,838 basehttp "GET / HTTP/1.1" 200 24250
INFO 2025-09-29 11:40:37,475 autoreload Watching for file changes with StatReloader
INFO 2025-09-29 11:41:05,713 basehttp "GET / HTTP/1.1" 200 24207
INFO 2025-09-29 11:46:16,240 basehttp "GET / HTTP/1.1" 200 22333
WARNING 2025-09-29 11:47:30,769 log Not Found: /favicon.ico
WARNING 2025-09-29 11:47:30,770 basehttp "GET /favicon.ico HTTP/1.1" 404 19043
INFO 2025-09-29 11:49:20,852 basehttp "GET / HTTP/1.1" 200 22339
WARNING 2025-09-29 11:50:32,627 log Not Found: /.well-known/appspecific/com.chrome.devtools.json
WARNING 2025-09-29 11:50:32,628 basehttp "GET /.well-known/appspecific/com.chrome.devtools.json HTTP/1.1" 404 19154
INFO 2025-09-29 11:52:33,129 basehttp "GET / HTTP/1.1" 200 22339
WARNING 2025-09-29 11:52:33,211 log Not Found: /.well-known/appspecific/com.chrome.devtools.json
WARNING 2025-09-29 11:52:33,216 basehttp "GET /.well-known/appspecific/com.chrome.devtools.json HTTP/1.1" 404 19154
INFO 2025-09-29 11:52:33,217 basehttp "GET /static/css/styles.css HTTP/1.1" 200 2176
INFO 2025-09-29 11:52:33,226 basehttp "GET /media/news/wall2.jpeg HTTP/1.1" 200 2459224
WARNING 2025-09-29 11:52:44,011 log Not Found: /favicon.ico
WARNING 2025-09-29 11:52:44,011 basehttp "GET /favicon.ico HTTP/1.1" 404 19043
INFO 2025-09-29 11:54:55,823 basehttp "GET / HTTP/1.1" 200 22339
WARNING 2025-09-29 11:54:55,881 log Not Found: /.well-known/appspecific/com.chrome.devtools.json
WARNING 2025-09-29 11:54:56,209 basehttp "GET /.well-known/appspecific/com.chrome.devtools.json HTTP/1.1" 404 19154
INFO 2025-09-29 11:55:14,188 basehttp "GET / HTTP/1.1" 200 22339
INFO 2025-09-29 11:55:14,307 basehttp "GET / HTTP/1.1" 200 22339
INFO 2025-09-29 11:55:14,469 basehttp "GET / HTTP/1.1" 200 22339
INFO 2025-09-29 11:55:17,490 basehttp "GET / HTTP/1.1" 200 22339
INFO 2025-09-29 11:55:17,651 basehttp "GET / HTTP/1.1" 200 22339
INFO 2025-09-29 11:55:17,822 basehttp "GET / HTTP/1.1" 200 22339
INFO 2025-09-29 11:55:19,385 basehttp "GET / HTTP/1.1" 200 22339
INFO 2025-09-29 11:55:19,494 basehttp "GET / HTTP/1.1" 200 22339
INFO 2025-09-29 11:55:19,659 basehttp "GET / HTTP/1.1" 200 22339
INFO 2025-09-29 11:56:43,198 basehttp "GET / HTTP/1.1" 200 24359
INFO 2025-09-29 11:57:43,050 autoreload Watching for file changes with StatReloader
INFO 2025-09-29 11:58:46,695 basehttp "GET / HTTP/1.1" 200 24258
INFO 2025-09-29 11:58:46,696 basehttp - Broken pipe from ('127.0.0.1', 58883)
INFO 2025-09-29 11:59:19,375 basehttp "GET / HTTP/1.1" 200 22410
ERROR 2025-09-29 12:01:55,671 log Internal Server Error: /
Traceback (most recent call last):
  File "/Users/user/Desktop/igi/353505_Chuiko_26/STRWEB/LR1/Agency/estateAgency/venv/lib/python3.13/site-packages/urllib3/connectionpool.py", line 787, in urlopen
    response = self._make_request(
        conn,
    ...<10 lines>...
        **response_kw,
    )
  File "/Users/user/Desktop/igi/353505_Chuiko_26/STRWEB/LR1/Agency/estateAgency/venv/lib/python3.13/site-packages/urllib3/connectionpool.py", line 488, in _make_request
    raise new_e
  File "/Users/user/Desktop/igi/353505_Chuiko_26/STRWEB/LR1/Agency/estateAgency/venv/lib/python3.13/site-packages/urllib3/connectionpool.py", line 464, in _make_request
    self._validate_conn(conn)
    ~~~~~~~~~~~~~~~~~~~^^^^^^
  File "/Users/user/Desktop/igi/353505_Chuiko_26/STRWEB/LR1/Agency/estateAgency/venv/lib/python3.13/site-packages/urllib3/connectionpool.py", line 1093, in _validate_conn
    conn.connect()
    ~~~~~~~~~~~~^^
  File "/Users/user/Desktop/igi/353505_Chuiko_26/STRWEB/LR1/Agency/estateAgency/venv/lib/python3.13/site-packages/urllib3/connection.py", line 790, in connect
    sock_and_verified = _ssl_wrap_socket_and_match_hostname(
        sock=sock,
    ...<14 lines>...
        assert_fingerprint=self.assert_fingerprint,
    )
  File "/Users/user/Desktop/igi/353505_Chuiko_26/STRWEB/LR1/Agency/estateAgency/venv/lib/python3.13/site-packages/urllib3/connection.py", line 969, in _ssl_wrap_socket_and_match_hostname
    ssl_sock = ssl_wrap_socket(
        sock=sock,
    ...<8 lines>...
        tls_in_tls=tls_in_tls,
    )
  File "/Users/user/Desktop/igi/353505_Chuiko_26/STRWEB/LR1/Agency/estateAgency/venv/lib/python3.13/site-packages/urllib3/util/ssl_.py", line 480, in ssl_wrap_socket
    ssl_sock = _ssl_wrap_socket_impl(sock, context, tls_in_tls, server_hostname)
  File "/Users/user/Desktop/igi/353505_Chuiko_26/STRWEB/LR1/Agency/estateAgency/venv/lib/python3.13/site-packages/urllib3/util/ssl_.py", line 524, in _ssl_wrap_socket_impl
    return ssl_context.wrap_socket(sock, server_hostname=server_hostname)
           ~~~~~~~~~~~~~~~~~~~~~~~^^^^^^^^^^^^^^^^^^^^^^^^^^^^^^^^^^^^^^^
  File "/opt/homebrew/Cellar/python@3.13/3.13.2/Frameworks/Python.framework/Versions/3.13/lib/python3.13/ssl.py", line 455, in wrap_socket
    return self.sslsocket_class._create(
           ~~~~~~~~~~~~~~~~~~~~~~~~~~~~^
        sock=sock,
        ^^^^^^^^^^
    ...<5 lines>...
        session=session
        ^^^^^^^^^^^^^^^
    )
    ^
  File "/opt/homebrew/Cellar/python@3.13/3.13.2/Frameworks/Python.framework/Versions/3.13/lib/python3.13/ssl.py", line 1076, in _create
    self.do_handshake()
    ~~~~~~~~~~~~~~~~~^^
  File "/opt/homebrew/Cellar/python@3.13/3.13.2/Frameworks/Python.framework/Versions/3.13/lib/python3.13/ssl.py", line 1372, in do_handshake
    self._sslobj.do_handshake()
    ~~~~~~~~~~~~~~~~~~~~~~~~~^^
ConnectionResetError: [Errno 54] Connection reset by peer

During handling of the above exception, another exception occurred:

Traceback (most recent call last):
  File "/Users/user/Desktop/igi/353505_Chuiko_26/STRWEB/LR1/Agency/estateAgency/venv/lib/python3.13/site-packages/requests/adapters.py", line 644, in send
    resp = conn.urlopen(
        method=request.method,
    ...<9 lines>...
        chunked=chunked,
    )
  File "/Users/user/Desktop/igi/353505_Chuiko_26/STRWEB/LR1/Agency/estateAgency/venv/lib/python3.13/site-packages/urllib3/connectionpool.py", line 841, in urlopen
    retries = retries.increment(
        method, url, error=new_e, _pool=self, _stacktrace=sys.exc_info()[2]
    )
  File "/Users/user/Desktop/igi/353505_Chuiko_26/STRWEB/LR1/Agency/estateAgency/venv/lib/python3.13/site-packages/urllib3/util/retry.py", line 474, in increment
    raise reraise(type(error), error, _stacktrace)
          ~~~~~~~^^^^^^^^^^^^^^^^^^^^^^^^^^^^^^^^^
  File "/Users/user/Desktop/igi/353505_Chuiko_26/STRWEB/LR1/Agency/estateAgency/venv/lib/python3.13/site-packages/urllib3/util/util.py", line 38, in reraise
    raise value.with_traceback(tb)
  File "/Users/user/Desktop/igi/353505_Chuiko_26/STRWEB/LR1/Agency/estateAgency/venv/lib/python3.13/site-packages/urllib3/connectionpool.py", line 787, in urlopen
    response = self._make_request(
        conn,
    ...<10 lines>...
        **response_kw,
    )
  File "/Users/user/Desktop/igi/353505_Chuiko_26/STRWEB/LR1/Agency/estateAgency/venv/lib/python3.13/site-packages/urllib3/connectionpool.py", line 488, in _make_request
    raise new_e
  File "/Users/user/Desktop/igi/353505_Chuiko_26/STRWEB/LR1/Agency/estateAgency/venv/lib/python3.13/site-packages/urllib3/connectionpool.py", line 464, in _make_request
    self._validate_conn(conn)
    ~~~~~~~~~~~~~~~~~~~^^^^^^
  File "/Users/user/Desktop/igi/353505_Chuiko_26/STRWEB/LR1/Agency/estateAgency/venv/lib/python3.13/site-packages/urllib3/connectionpool.py", line 1093, in _validate_conn
    conn.connect()
    ~~~~~~~~~~~~^^
  File "/Users/user/Desktop/igi/353505_Chuiko_26/STRWEB/LR1/Agency/estateAgency/venv/lib/python3.13/site-packages/urllib3/connection.py", line 790, in connect
    sock_and_verified = _ssl_wrap_socket_and_match_hostname(
        sock=sock,
    ...<14 lines>...
        assert_fingerprint=self.assert_fingerprint,
    )
  File "/Users/user/Desktop/igi/353505_Chuiko_26/STRWEB/LR1/Agency/estateAgency/venv/lib/python3.13/site-packages/urllib3/connection.py", line 969, in _ssl_wrap_socket_and_match_hostname
    ssl_sock = ssl_wrap_socket(
        sock=sock,
    ...<8 lines>...
        tls_in_tls=tls_in_tls,
    )
  File "/Users/user/Desktop/igi/353505_Chuiko_26/STRWEB/LR1/Agency/estateAgency/venv/lib/python3.13/site-packages/urllib3/util/ssl_.py", line 480, in ssl_wrap_socket
    ssl_sock = _ssl_wrap_socket_impl(sock, context, tls_in_tls, server_hostname)
  File "/Users/user/Desktop/igi/353505_Chuiko_26/STRWEB/LR1/Agency/estateAgency/venv/lib/python3.13/site-packages/urllib3/util/ssl_.py", line 524, in _ssl_wrap_socket_impl
    return ssl_context.wrap_socket(sock, server_hostname=server_hostname)
           ~~~~~~~~~~~~~~~~~~~~~~~^^^^^^^^^^^^^^^^^^^^^^^^^^^^^^^^^^^^^^^
  File "/opt/homebrew/Cellar/python@3.13/3.13.2/Frameworks/Python.framework/Versions/3.13/lib/python3.13/ssl.py", line 455, in wrap_socket
    return self.sslsocket_class._create(
           ~~~~~~~~~~~~~~~~~~~~~~~~~~~~^
        sock=sock,
        ^^^^^^^^^^
    ...<5 lines>...
        session=session
        ^^^^^^^^^^^^^^^
    )
    ^
  File "/opt/homebrew/Cellar/python@3.13/3.13.2/Frameworks/Python.framework/Versions/3.13/lib/python3.13/ssl.py", line 1076, in _create
    self.do_handshake()
    ~~~~~~~~~~~~~~~~~^^
  File "/opt/homebrew/Cellar/python@3.13/3.13.2/Frameworks/Python.framework/Versions/3.13/lib/python3.13/ssl.py", line 1372, in do_handshake
    self._sslobj.do_handshake()
    ~~~~~~~~~~~~~~~~~~~~~~~~~^^
urllib3.exceptions.ProtocolError: ('Connection aborted.', ConnectionResetError(54, 'Connection reset by peer'))

During handling of the above exception, another exception occurred:

Traceback (most recent call last):
  File "/Users/user/Desktop/igi/353505_Chuiko_26/STRWEB/LR1/Agency/estateAgency/venv/lib/python3.13/site-packages/django/core/handlers/exception.py", line 55, in inner
    response = get_response(request)
  File "/Users/user/Desktop/igi/353505_Chuiko_26/STRWEB/LR1/Agency/estateAgency/venv/lib/python3.13/site-packages/django/core/handlers/base.py", line 197, in _get_response
    response = wrapped_callback(request, *callback_args, **callback_kwargs)
  File "/Users/user/Desktop/igi/353505_Chuiko_26/STRWEB/LR1/Agency/estateAgency/views.py", line 30, in mainpage
    pexels_resp = requests.get(
        "https://api.pexels.com/v1/search",
        headers=headers,
        params={"query": query, "per_page": 1}
    )
  File "/Users/user/Desktop/igi/353505_Chuiko_26/STRWEB/LR1/Agency/estateAgency/venv/lib/python3.13/site-packages/requests/api.py", line 73, in get
    return request("get", url, params=params, **kwargs)
  File "/Users/user/Desktop/igi/353505_Chuiko_26/STRWEB/LR1/Agency/estateAgency/venv/lib/python3.13/site-packages/requests/api.py", line 59, in request
    return session.request(method=method, url=url, **kwargs)
           ~~~~~~~~~~~~~~~^^^^^^^^^^^^^^^^^^^^^^^^^^^^^^^^^^
  File "/Users/user/Desktop/igi/353505_Chuiko_26/STRWEB/LR1/Agency/estateAgency/venv/lib/python3.13/site-packages/requests/sessions.py", line 589, in request
    resp = self.send(prep, **send_kwargs)
  File "/Users/user/Desktop/igi/353505_Chuiko_26/STRWEB/LR1/Agency/estateAgency/venv/lib/python3.13/site-packages/requests/sessions.py", line 703, in send
    r = adapter.send(request, **kwargs)
  File "/Users/user/Desktop/igi/353505_Chuiko_26/STRWEB/LR1/Agency/estateAgency/venv/lib/python3.13/site-packages/requests/adapters.py", line 659, in send
    raise ConnectionError(err, request=request)
requests.exceptions.ConnectionError: ('Connection aborted.', ConnectionResetError(54, 'Connection reset by peer'))
ERROR 2025-09-29 12:01:55,685 log Internal Server Error: /
Traceback (most recent call last):
  File "/Users/user/Desktop/igi/353505_Chuiko_26/STRWEB/LR1/Agency/estateAgency/venv/lib/python3.13/site-packages/urllib3/connectionpool.py", line 787, in urlopen
    response = self._make_request(
        conn,
    ...<10 lines>...
        **response_kw,
    )
  File "/Users/user/Desktop/igi/353505_Chuiko_26/STRWEB/LR1/Agency/estateAgency/venv/lib/python3.13/site-packages/urllib3/connectionpool.py", line 488, in _make_request
    raise new_e
  File "/Users/user/Desktop/igi/353505_Chuiko_26/STRWEB/LR1/Agency/estateAgency/venv/lib/python3.13/site-packages/urllib3/connectionpool.py", line 464, in _make_request
    self._validate_conn(conn)
    ~~~~~~~~~~~~~~~~~~~^^^^^^
  File "/Users/user/Desktop/igi/353505_Chuiko_26/STRWEB/LR1/Agency/estateAgency/venv/lib/python3.13/site-packages/urllib3/connectionpool.py", line 1093, in _validate_conn
    conn.connect()
    ~~~~~~~~~~~~^^
  File "/Users/user/Desktop/igi/353505_Chuiko_26/STRWEB/LR1/Agency/estateAgency/venv/lib/python3.13/site-packages/urllib3/connection.py", line 790, in connect
    sock_and_verified = _ssl_wrap_socket_and_match_hostname(
        sock=sock,
    ...<14 lines>...
        assert_fingerprint=self.assert_fingerprint,
    )
  File "/Users/user/Desktop/igi/353505_Chuiko_26/STRWEB/LR1/Agency/estateAgency/venv/lib/python3.13/site-packages/urllib3/connection.py", line 969, in _ssl_wrap_socket_and_match_hostname
    ssl_sock = ssl_wrap_socket(
        sock=sock,
    ...<8 lines>...
        tls_in_tls=tls_in_tls,
    )
  File "/Users/user/Desktop/igi/353505_Chuiko_26/STRWEB/LR1/Agency/estateAgency/venv/lib/python3.13/site-packages/urllib3/util/ssl_.py", line 480, in ssl_wrap_socket
    ssl_sock = _ssl_wrap_socket_impl(sock, context, tls_in_tls, server_hostname)
  File "/Users/user/Desktop/igi/353505_Chuiko_26/STRWEB/LR1/Agency/estateAgency/venv/lib/python3.13/site-packages/urllib3/util/ssl_.py", line 524, in _ssl_wrap_socket_impl
    return ssl_context.wrap_socket(sock, server_hostname=server_hostname)
           ~~~~~~~~~~~~~~~~~~~~~~~^^^^^^^^^^^^^^^^^^^^^^^^^^^^^^^^^^^^^^^
  File "/opt/homebrew/Cellar/python@3.13/3.13.2/Frameworks/Python.framework/Versions/3.13/lib/python3.13/ssl.py", line 455, in wrap_socket
    return self.sslsocket_class._create(
           ~~~~~~~~~~~~~~~~~~~~~~~~~~~~^
        sock=sock,
        ^^^^^^^^^^
    ...<5 lines>...
        session=session
        ^^^^^^^^^^^^^^^
    )
    ^
  File "/opt/homebrew/Cellar/python@3.13/3.13.2/Frameworks/Python.framework/Versions/3.13/lib/python3.13/ssl.py", line 1076, in _create
    self.do_handshake()
    ~~~~~~~~~~~~~~~~~^^
  File "/opt/homebrew/Cellar/python@3.13/3.13.2/Frameworks/Python.framework/Versions/3.13/lib/python3.13/ssl.py", line 1372, in do_handshake
    self._sslobj.do_handshake()
    ~~~~~~~~~~~~~~~~~~~~~~~~~^^
ConnectionResetError: [Errno 54] Connection reset by peer

During handling of the above exception, another exception occurred:

Traceback (most recent call last):
  File "/Users/user/Desktop/igi/353505_Chuiko_26/STRWEB/LR1/Agency/estateAgency/venv/lib/python3.13/site-packages/requests/adapters.py", line 644, in send
    resp = conn.urlopen(
        method=request.method,
    ...<9 lines>...
        chunked=chunked,
    )
  File "/Users/user/Desktop/igi/353505_Chuiko_26/STRWEB/LR1/Agency/estateAgency/venv/lib/python3.13/site-packages/urllib3/connectionpool.py", line 841, in urlopen
    retries = retries.increment(
        method, url, error=new_e, _pool=self, _stacktrace=sys.exc_info()[2]
    )
  File "/Users/user/Desktop/igi/353505_Chuiko_26/STRWEB/LR1/Agency/estateAgency/venv/lib/python3.13/site-packages/urllib3/util/retry.py", line 474, in increment
    raise reraise(type(error), error, _stacktrace)
          ~~~~~~~^^^^^^^^^^^^^^^^^^^^^^^^^^^^^^^^^
  File "/Users/user/Desktop/igi/353505_Chuiko_26/STRWEB/LR1/Agency/estateAgency/venv/lib/python3.13/site-packages/urllib3/util/util.py", line 38, in reraise
    raise value.with_traceback(tb)
  File "/Users/user/Desktop/igi/353505_Chuiko_26/STRWEB/LR1/Agency/estateAgency/venv/lib/python3.13/site-packages/urllib3/connectionpool.py", line 787, in urlopen
    response = self._make_request(
        conn,
    ...<10 lines>...
        **response_kw,
    )
  File "/Users/user/Desktop/igi/353505_Chuiko_26/STRWEB/LR1/Agency/estateAgency/venv/lib/python3.13/site-packages/urllib3/connectionpool.py", line 488, in _make_request
    raise new_e
  File "/Users/user/Desktop/igi/353505_Chuiko_26/STRWEB/LR1/Agency/estateAgency/venv/lib/python3.13/site-packages/urllib3/connectionpool.py", line 464, in _make_request
    self._validate_conn(conn)
    ~~~~~~~~~~~~~~~~~~~^^^^^^
  File "/Users/user/Desktop/igi/353505_Chuiko_26/STRWEB/LR1/Agency/estateAgency/venv/lib/python3.13/site-packages/urllib3/connectionpool.py", line 1093, in _validate_conn
    conn.connect()
    ~~~~~~~~~~~~^^
  File "/Users/user/Desktop/igi/353505_Chuiko_26/STRWEB/LR1/Agency/estateAgency/venv/lib/python3.13/site-packages/urllib3/connection.py", line 790, in connect
    sock_and_verified = _ssl_wrap_socket_and_match_hostname(
        sock=sock,
    ...<14 lines>...
        assert_fingerprint=self.assert_fingerprint,
    )
  File "/Users/user/Desktop/igi/353505_Chuiko_26/STRWEB/LR1/Agency/estateAgency/venv/lib/python3.13/site-packages/urllib3/connection.py", line 969, in _ssl_wrap_socket_and_match_hostname
    ssl_sock = ssl_wrap_socket(
        sock=sock,
    ...<8 lines>...
        tls_in_tls=tls_in_tls,
    )
  File "/Users/user/Desktop/igi/353505_Chuiko_26/STRWEB/LR1/Agency/estateAgency/venv/lib/python3.13/site-packages/urllib3/util/ssl_.py", line 480, in ssl_wrap_socket
    ssl_sock = _ssl_wrap_socket_impl(sock, context, tls_in_tls, server_hostname)
  File "/Users/user/Desktop/igi/353505_Chuiko_26/STRWEB/LR1/Agency/estateAgency/venv/lib/python3.13/site-packages/urllib3/util/ssl_.py", line 524, in _ssl_wrap_socket_impl
    return ssl_context.wrap_socket(sock, server_hostname=server_hostname)
           ~~~~~~~~~~~~~~~~~~~~~~~^^^^^^^^^^^^^^^^^^^^^^^^^^^^^^^^^^^^^^^
  File "/opt/homebrew/Cellar/python@3.13/3.13.2/Frameworks/Python.framework/Versions/3.13/lib/python3.13/ssl.py", line 455, in wrap_socket
    return self.sslsocket_class._create(
           ~~~~~~~~~~~~~~~~~~~~~~~~~~~~^
        sock=sock,
        ^^^^^^^^^^
    ...<5 lines>...
        session=session
        ^^^^^^^^^^^^^^^
    )
    ^
  File "/opt/homebrew/Cellar/python@3.13/3.13.2/Frameworks/Python.framework/Versions/3.13/lib/python3.13/ssl.py", line 1076, in _create
    self.do_handshake()
    ~~~~~~~~~~~~~~~~~^^
  File "/opt/homebrew/Cellar/python@3.13/3.13.2/Frameworks/Python.framework/Versions/3.13/lib/python3.13/ssl.py", line 1372, in do_handshake
    self._sslobj.do_handshake()
    ~~~~~~~~~~~~~~~~~~~~~~~~~^^
urllib3.exceptions.ProtocolError: ('Connection aborted.', ConnectionResetError(54, 'Connection reset by peer'))

During handling of the above exception, another exception occurred:

Traceback (most recent call last):
  File "/Users/user/Desktop/igi/353505_Chuiko_26/STRWEB/LR1/Agency/estateAgency/venv/lib/python3.13/site-packages/django/core/handlers/exception.py", line 55, in inner
    response = get_response(request)
  File "/Users/user/Desktop/igi/353505_Chuiko_26/STRWEB/LR1/Agency/estateAgency/venv/lib/python3.13/site-packages/django/core/handlers/base.py", line 197, in _get_response
    response = wrapped_callback(request, *callback_args, **callback_kwargs)
  File "/Users/user/Desktop/igi/353505_Chuiko_26/STRWEB/LR1/Agency/estateAgency/views.py", line 30, in mainpage
    pexels_resp = requests.get(
        "https://api.pexels.com/v1/search",
        headers=headers,
        params={"query": query, "per_page": 1}
    )
  File "/Users/user/Desktop/igi/353505_Chuiko_26/STRWEB/LR1/Agency/estateAgency/venv/lib/python3.13/site-packages/requests/api.py", line 73, in get
    return request("get", url, params=params, **kwargs)
  File "/Users/user/Desktop/igi/353505_Chuiko_26/STRWEB/LR1/Agency/estateAgency/venv/lib/python3.13/site-packages/requests/api.py", line 59, in request
    return session.request(method=method, url=url, **kwargs)
           ~~~~~~~~~~~~~~~^^^^^^^^^^^^^^^^^^^^^^^^^^^^^^^^^^
  File "/Users/user/Desktop/igi/353505_Chuiko_26/STRWEB/LR1/Agency/estateAgency/venv/lib/python3.13/site-packages/requests/sessions.py", line 589, in request
    resp = self.send(prep, **send_kwargs)
  File "/Users/user/Desktop/igi/353505_Chuiko_26/STRWEB/LR1/Agency/estateAgency/venv/lib/python3.13/site-packages/requests/sessions.py", line 703, in send
    r = adapter.send(request, **kwargs)
  File "/Users/user/Desktop/igi/353505_Chuiko_26/STRWEB/LR1/Agency/estateAgency/venv/lib/python3.13/site-packages/requests/adapters.py", line 659, in send
    raise ConnectionError(err, request=request)
requests.exceptions.ConnectionError: ('Connection aborted.', ConnectionResetError(54, 'Connection reset by peer'))
ERROR 2025-09-29 12:01:55,693 basehttp "GET / HTTP/1.1" 500 250050
ERROR 2025-09-29 12:01:55,693 basehttp "GET / HTTP/1.1" 500 244742
INFO 2025-09-29 12:01:55,694 basehttp - Broken pipe from ('127.0.0.1', 59058)
INFO 2025-09-29 12:09:35,965 autoreload Watching for file changes with StatReloader
ERROR 2025-09-29 12:09:47,163 log Internal Server Error: /
Traceback (most recent call last):
  File "/Users/user/Desktop/igi/353505_Chuiko_26/STRWEB/LR1/Agency/estateAgency/venv/lib/python3.13/site-packages/django/template/base.py", line 510, in parse
    compile_func = self.tags[command]
                   ~~~~~~~~~^^^^^^^^^
KeyError: 'static'

During handling of the above exception, another exception occurred:

Traceback (most recent call last):
  File "/Users/user/Desktop/igi/353505_Chuiko_26/STRWEB/LR1/Agency/estateAgency/venv/lib/python3.13/site-packages/django/core/handlers/exception.py", line 55, in inner
    response = get_response(request)
  File "/Users/user/Desktop/igi/353505_Chuiko_26/STRWEB/LR1/Agency/estateAgency/venv/lib/python3.13/site-packages/django/core/handlers/base.py", line 197, in _get_response
    response = wrapped_callback(request, *callback_args, **callback_kwargs)
  File "/Users/user/Desktop/igi/353505_Chuiko_26/STRWEB/LR1/Agency/estateAgency/views.py", line 54, in mainpage
    return render(request, 'mainpage/mainpage.html', context)
  File "/Users/user/Desktop/igi/353505_Chuiko_26/STRWEB/LR1/Agency/estateAgency/venv/lib/python3.13/site-packages/django/shortcuts.py", line 25, in render
    content = loader.render_to_string(template_name, context, request, using=using)
  File "/Users/user/Desktop/igi/353505_Chuiko_26/STRWEB/LR1/Agency/estateAgency/venv/lib/python3.13/site-packages/django/template/loader.py", line 62, in render_to_string
    return template.render(context, request)
           ~~~~~~~~~~~~~~~^^^^^^^^^^^^^^^^^^
  File "/Users/user/Desktop/igi/353505_Chuiko_26/STRWEB/LR1/Agency/estateAgency/venv/lib/python3.13/site-packages/django/template/backends/django.py", line 107, in render
    return self.template.render(context)
           ~~~~~~~~~~~~~~~~~~~~^^^^^^^^^
  File "/Users/user/Desktop/igi/353505_Chuiko_26/STRWEB/LR1/Agency/estateAgency/venv/lib/python3.13/site-packages/django/template/base.py", line 171, in render
    return self._render(context)
           ~~~~~~~~~~~~^^^^^^^^^
  File "/Users/user/Desktop/igi/353505_Chuiko_26/STRWEB/LR1/Agency/estateAgency/venv/lib/python3.13/site-packages/django/template/base.py", line 163, in _render
    return self.nodelist.render(context)
           ~~~~~~~~~~~~~~~~~~~~^^^^^^^^^
  File "/Users/user/Desktop/igi/353505_Chuiko_26/STRWEB/LR1/Agency/estateAgency/venv/lib/python3.13/site-packages/django/template/base.py", line 1016, in render
    return SafeString("".join([node.render_annotated(context) for node in self]))
                               ~~~~~~~~~~~~~~~~~~~~~^^^^^^^^^
  File "/Users/user/Desktop/igi/353505_Chuiko_26/STRWEB/LR1/Agency/estateAgency/venv/lib/python3.13/site-packages/django/template/base.py", line 977, in render_annotated
    return self.render(context)
           ~~~~~~~~~~~^^^^^^^^^
  File "/Users/user/Desktop/igi/353505_Chuiko_26/STRWEB/LR1/Agency/estateAgency/venv/lib/python3.13/site-packages/django/template/loader_tags.py", line 134, in render
    compiled_parent = self.get_parent(context)
  File "/Users/user/Desktop/igi/353505_Chuiko_26/STRWEB/LR1/Agency/estateAgency/venv/lib/python3.13/site-packages/django/template/loader_tags.py", line 131, in get_parent
    return self.find_template(parent, context)
           ~~~~~~~~~~~~~~~~~~^^^^^^^^^^^^^^^^^
  File "/Users/user/Desktop/igi/353505_Chuiko_26/STRWEB/LR1/Agency/estateAgency/venv/lib/python3.13/site-packages/django/template/loader_tags.py", line 109, in find_template
    template, origin = context.template.engine.find_template(
                       ~~~~~~~~~~~~~~~~~~~~~~~~~~~~~~~~~~~~~^
        template_name,
        ^^^^^^^^^^^^^^
        skip=history,
        ^^^^^^^^^^^^^
    )
    ^
  File "/Users/user/Desktop/igi/353505_Chuiko_26/STRWEB/LR1/Agency/estateAgency/venv/lib/python3.13/site-packages/django/template/engine.py", line 159, in find_template
    template = loader.get_template(name, skip=skip)
  File "/Users/user/Desktop/igi/353505_Chuiko_26/STRWEB/LR1/Agency/estateAgency/venv/lib/python3.13/site-packages/django/template/loaders/cached.py", line 57, in get_template
    template = super().get_template(template_name, skip)
  File "/Users/user/Desktop/igi/353505_Chuiko_26/STRWEB/LR1/Agency/estateAgency/venv/lib/python3.13/site-packages/django/template/loaders/base.py", line 28, in get_template
    return Template(
        contents,
    ...<2 lines>...
        self.engine,
    )
  File "/Users/user/Desktop/igi/353505_Chuiko_26/STRWEB/LR1/Agency/estateAgency/venv/lib/python3.13/site-packages/django/template/base.py", line 154, in __init__
    self.nodelist = self.compile_nodelist()
                    ~~~~~~~~~~~~~~~~~~~~~^^
  File "/Users/user/Desktop/igi/353505_Chuiko_26/STRWEB/LR1/Agency/estateAgency/venv/lib/python3.13/site-packages/django/template/base.py", line 196, in compile_nodelist
    nodelist = parser.parse()
  File "/Users/user/Desktop/igi/353505_Chuiko_26/STRWEB/LR1/Agency/estateAgency/venv/lib/python3.13/site-packages/django/template/base.py", line 512, in parse
    self.invalid_block_tag(token, command, parse_until)
    ~~~~~~~~~~~~~~~~~~~~~~^^^^^^^^^^^^^^^^^^^^^^^^^^^^^
  File "/Users/user/Desktop/igi/353505_Chuiko_26/STRWEB/LR1/Agency/estateAgency/venv/lib/python3.13/site-packages/django/template/base.py", line 577, in invalid_block_tag
    raise self.error(
    ...<3 lines>...
    )
django.template.exceptions.TemplateSyntaxError: Invalid block tag on line 24: 'static'. Did you forget to register or load this tag?
ERROR 2025-09-29 12:09:47,167 basehttp "GET / HTTP/1.1" 500 220861
ERROR 2025-09-29 12:10:33,602 log Internal Server Error: /
Traceback (most recent call last):
  File "/Users/user/Desktop/igi/353505_Chuiko_26/STRWEB/LR1/Agency/estateAgency/venv/lib/python3.13/site-packages/django/template/base.py", line 510, in parse
    compile_func = self.tags[command]
                   ~~~~~~~~~^^^^^^^^^
KeyError: 'static'

During handling of the above exception, another exception occurred:

Traceback (most recent call last):
  File "/Users/user/Desktop/igi/353505_Chuiko_26/STRWEB/LR1/Agency/estateAgency/venv/lib/python3.13/site-packages/django/core/handlers/exception.py", line 55, in inner
    response = get_response(request)
  File "/Users/user/Desktop/igi/353505_Chuiko_26/STRWEB/LR1/Agency/estateAgency/venv/lib/python3.13/site-packages/django/core/handlers/base.py", line 197, in _get_response
    response = wrapped_callback(request, *callback_args, **callback_kwargs)
  File "/Users/user/Desktop/igi/353505_Chuiko_26/STRWEB/LR1/Agency/estateAgency/views.py", line 54, in mainpage
    return render(request, 'mainpage/mainpage.html', context)
  File "/Users/user/Desktop/igi/353505_Chuiko_26/STRWEB/LR1/Agency/estateAgency/venv/lib/python3.13/site-packages/django/shortcuts.py", line 25, in render
    content = loader.render_to_string(template_name, context, request, using=using)
  File "/Users/user/Desktop/igi/353505_Chuiko_26/STRWEB/LR1/Agency/estateAgency/venv/lib/python3.13/site-packages/django/template/loader.py", line 62, in render_to_string
    return template.render(context, request)
           ~~~~~~~~~~~~~~~^^^^^^^^^^^^^^^^^^
  File "/Users/user/Desktop/igi/353505_Chuiko_26/STRWEB/LR1/Agency/estateAgency/venv/lib/python3.13/site-packages/django/template/backends/django.py", line 107, in render
    return self.template.render(context)
           ~~~~~~~~~~~~~~~~~~~~^^^^^^^^^
  File "/Users/user/Desktop/igi/353505_Chuiko_26/STRWEB/LR1/Agency/estateAgency/venv/lib/python3.13/site-packages/django/template/base.py", line 171, in render
    return self._render(context)
           ~~~~~~~~~~~~^^^^^^^^^
  File "/Users/user/Desktop/igi/353505_Chuiko_26/STRWEB/LR1/Agency/estateAgency/venv/lib/python3.13/site-packages/django/template/base.py", line 163, in _render
    return self.nodelist.render(context)
           ~~~~~~~~~~~~~~~~~~~~^^^^^^^^^
  File "/Users/user/Desktop/igi/353505_Chuiko_26/STRWEB/LR1/Agency/estateAgency/venv/lib/python3.13/site-packages/django/template/base.py", line 1016, in render
    return SafeString("".join([node.render_annotated(context) for node in self]))
                               ~~~~~~~~~~~~~~~~~~~~~^^^^^^^^^
  File "/Users/user/Desktop/igi/353505_Chuiko_26/STRWEB/LR1/Agency/estateAgency/venv/lib/python3.13/site-packages/django/template/base.py", line 977, in render_annotated
    return self.render(context)
           ~~~~~~~~~~~^^^^^^^^^
  File "/Users/user/Desktop/igi/353505_Chuiko_26/STRWEB/LR1/Agency/estateAgency/venv/lib/python3.13/site-packages/django/template/loader_tags.py", line 134, in render
    compiled_parent = self.get_parent(context)
  File "/Users/user/Desktop/igi/353505_Chuiko_26/STRWEB/LR1/Agency/estateAgency/venv/lib/python3.13/site-packages/django/template/loader_tags.py", line 131, in get_parent
    return self.find_template(parent, context)
           ~~~~~~~~~~~~~~~~~~^^^^^^^^^^^^^^^^^
  File "/Users/user/Desktop/igi/353505_Chuiko_26/STRWEB/LR1/Agency/estateAgency/venv/lib/python3.13/site-packages/django/template/loader_tags.py", line 109, in find_template
    template, origin = context.template.engine.find_template(
                       ~~~~~~~~~~~~~~~~~~~~~~~~~~~~~~~~~~~~~^
        template_name,
        ^^^^^^^^^^^^^^
        skip=history,
        ^^^^^^^^^^^^^
    )
    ^
  File "/Users/user/Desktop/igi/353505_Chuiko_26/STRWEB/LR1/Agency/estateAgency/venv/lib/python3.13/site-packages/django/template/engine.py", line 159, in find_template
    template = loader.get_template(name, skip=skip)
  File "/Users/user/Desktop/igi/353505_Chuiko_26/STRWEB/LR1/Agency/estateAgency/venv/lib/python3.13/site-packages/django/template/loaders/cached.py", line 57, in get_template
    template = super().get_template(template_name, skip)
  File "/Users/user/Desktop/igi/353505_Chuiko_26/STRWEB/LR1/Agency/estateAgency/venv/lib/python3.13/site-packages/django/template/loaders/base.py", line 28, in get_template
    return Template(
        contents,
    ...<2 lines>...
        self.engine,
    )
  File "/Users/user/Desktop/igi/353505_Chuiko_26/STRWEB/LR1/Agency/estateAgency/venv/lib/python3.13/site-packages/django/template/base.py", line 154, in __init__
    self.nodelist = self.compile_nodelist()
                    ~~~~~~~~~~~~~~~~~~~~~^^
  File "/Users/user/Desktop/igi/353505_Chuiko_26/STRWEB/LR1/Agency/estateAgency/venv/lib/python3.13/site-packages/django/template/base.py", line 196, in compile_nodelist
    nodelist = parser.parse()
  File "/Users/user/Desktop/igi/353505_Chuiko_26/STRWEB/LR1/Agency/estateAgency/venv/lib/python3.13/site-packages/django/template/base.py", line 512, in parse
    self.invalid_block_tag(token, command, parse_until)
    ~~~~~~~~~~~~~~~~~~~~~~^^^^^^^^^^^^^^^^^^^^^^^^^^^^^
  File "/Users/user/Desktop/igi/353505_Chuiko_26/STRWEB/LR1/Agency/estateAgency/venv/lib/python3.13/site-packages/django/template/base.py", line 577, in invalid_block_tag
    raise self.error(
    ...<3 lines>...
    )
django.template.exceptions.TemplateSyntaxError: Invalid block tag on line 29: 'static'. Did you forget to register or load this tag?
ERROR 2025-09-29 12:10:33,605 basehttp "GET / HTTP/1.1" 500 220966
ERROR 2025-09-29 12:10:44,873 log Internal Server Error: /
Traceback (most recent call last):
  File "/Users/user/Desktop/igi/353505_Chuiko_26/STRWEB/LR1/Agency/estateAgency/venv/lib/python3.13/site-packages/django/template/base.py", line 510, in parse
    compile_func = self.tags[command]
                   ~~~~~~~~~^^^^^^^^^
KeyError: 'static'

During handling of the above exception, another exception occurred:

Traceback (most recent call last):
  File "/Users/user/Desktop/igi/353505_Chuiko_26/STRWEB/LR1/Agency/estateAgency/venv/lib/python3.13/site-packages/django/core/handlers/exception.py", line 55, in inner
    response = get_response(request)
  File "/Users/user/Desktop/igi/353505_Chuiko_26/STRWEB/LR1/Agency/estateAgency/venv/lib/python3.13/site-packages/django/core/handlers/base.py", line 197, in _get_response
    response = wrapped_callback(request, *callback_args, **callback_kwargs)
  File "/Users/user/Desktop/igi/353505_Chuiko_26/STRWEB/LR1/Agency/estateAgency/views.py", line 54, in mainpage
    return render(request, 'mainpage/mainpage.html', context)
  File "/Users/user/Desktop/igi/353505_Chuiko_26/STRWEB/LR1/Agency/estateAgency/venv/lib/python3.13/site-packages/django/shortcuts.py", line 25, in render
    content = loader.render_to_string(template_name, context, request, using=using)
  File "/Users/user/Desktop/igi/353505_Chuiko_26/STRWEB/LR1/Agency/estateAgency/venv/lib/python3.13/site-packages/django/template/loader.py", line 62, in render_to_string
    return template.render(context, request)
           ~~~~~~~~~~~~~~~^^^^^^^^^^^^^^^^^^
  File "/Users/user/Desktop/igi/353505_Chuiko_26/STRWEB/LR1/Agency/estateAgency/venv/lib/python3.13/site-packages/django/template/backends/django.py", line 107, in render
    return self.template.render(context)
           ~~~~~~~~~~~~~~~~~~~~^^^^^^^^^
  File "/Users/user/Desktop/igi/353505_Chuiko_26/STRWEB/LR1/Agency/estateAgency/venv/lib/python3.13/site-packages/django/template/base.py", line 171, in render
    return self._render(context)
           ~~~~~~~~~~~~^^^^^^^^^
  File "/Users/user/Desktop/igi/353505_Chuiko_26/STRWEB/LR1/Agency/estateAgency/venv/lib/python3.13/site-packages/django/template/base.py", line 163, in _render
    return self.nodelist.render(context)
           ~~~~~~~~~~~~~~~~~~~~^^^^^^^^^
  File "/Users/user/Desktop/igi/353505_Chuiko_26/STRWEB/LR1/Agency/estateAgency/venv/lib/python3.13/site-packages/django/template/base.py", line 1016, in render
    return SafeString("".join([node.render_annotated(context) for node in self]))
                               ~~~~~~~~~~~~~~~~~~~~~^^^^^^^^^
  File "/Users/user/Desktop/igi/353505_Chuiko_26/STRWEB/LR1/Agency/estateAgency/venv/lib/python3.13/site-packages/django/template/base.py", line 977, in render_annotated
    return self.render(context)
           ~~~~~~~~~~~^^^^^^^^^
  File "/Users/user/Desktop/igi/353505_Chuiko_26/STRWEB/LR1/Agency/estateAgency/venv/lib/python3.13/site-packages/django/template/loader_tags.py", line 134, in render
    compiled_parent = self.get_parent(context)
  File "/Users/user/Desktop/igi/353505_Chuiko_26/STRWEB/LR1/Agency/estateAgency/venv/lib/python3.13/site-packages/django/template/loader_tags.py", line 131, in get_parent
    return self.find_template(parent, context)
           ~~~~~~~~~~~~~~~~~~^^^^^^^^^^^^^^^^^
  File "/Users/user/Desktop/igi/353505_Chuiko_26/STRWEB/LR1/Agency/estateAgency/venv/lib/python3.13/site-packages/django/template/loader_tags.py", line 109, in find_template
    template, origin = context.template.engine.find_template(
                       ~~~~~~~~~~~~~~~~~~~~~~~~~~~~~~~~~~~~~^
        template_name,
        ^^^^^^^^^^^^^^
        skip=history,
        ^^^^^^^^^^^^^
    )
    ^
  File "/Users/user/Desktop/igi/353505_Chuiko_26/STRWEB/LR1/Agency/estateAgency/venv/lib/python3.13/site-packages/django/template/engine.py", line 159, in find_template
    template = loader.get_template(name, skip=skip)
  File "/Users/user/Desktop/igi/353505_Chuiko_26/STRWEB/LR1/Agency/estateAgency/venv/lib/python3.13/site-packages/django/template/loaders/cached.py", line 57, in get_template
    template = super().get_template(template_name, skip)
  File "/Users/user/Desktop/igi/353505_Chuiko_26/STRWEB/LR1/Agency/estateAgency/venv/lib/python3.13/site-packages/django/template/loaders/base.py", line 28, in get_template
    return Template(
        contents,
    ...<2 lines>...
        self.engine,
    )
  File "/Users/user/Desktop/igi/353505_Chuiko_26/STRWEB/LR1/Agency/estateAgency/venv/lib/python3.13/site-packages/django/template/base.py", line 154, in __init__
    self.nodelist = self.compile_nodelist()
                    ~~~~~~~~~~~~~~~~~~~~~^^
  File "/Users/user/Desktop/igi/353505_Chuiko_26/STRWEB/LR1/Agency/estateAgency/venv/lib/python3.13/site-packages/django/template/base.py", line 196, in compile_nodelist
    nodelist = parser.parse()
  File "/Users/user/Desktop/igi/353505_Chuiko_26/STRWEB/LR1/Agency/estateAgency/venv/lib/python3.13/site-packages/django/template/base.py", line 512, in parse
    self.invalid_block_tag(token, command, parse_until)
    ~~~~~~~~~~~~~~~~~~~~~~^^^^^^^^^^^^^^^^^^^^^^^^^^^^^
  File "/Users/user/Desktop/igi/353505_Chuiko_26/STRWEB/LR1/Agency/estateAgency/venv/lib/python3.13/site-packages/django/template/base.py", line 577, in invalid_block_tag
    raise self.error(
    ...<3 lines>...
    )
django.template.exceptions.TemplateSyntaxError: Invalid block tag on line 31: 'static'. Did you forget to register or load this tag?
ERROR 2025-09-29 12:10:44,876 basehttp "GET / HTTP/1.1" 500 219362
INFO 2025-09-29 12:13:14,686 basehttp "GET / HTTP/1.1" 200 24131
INFO 2025-09-29 12:15:22,250 basehttp "GET / HTTP/1.1" 200 24201
INFO 2025-09-29 12:15:38,342 basehttp "GET / HTTP/1.1" 200 23947
INFO 2025-09-29 12:15:38,358 basehttp "GET /static/css/styles.css HTTP/1.1" 200 2176
INFO 2025-09-29 12:15:38,372 basehttp "GET /media/news/wall2.jpeg HTTP/1.1" 200 2459224
WARNING 2025-09-29 12:15:39,621 log Not Found: /favicon.ico
WARNING 2025-09-29 12:15:39,622 basehttp "GET /favicon.ico HTTP/1.1" 404 19043
INFO 2025-09-29 13:33:06,896 autoreload Watching for file changes with StatReloader
INFO 2025-09-29 13:37:30,818 autoreload Watching for file changes with StatReloader
INFO 2025-09-29 13:38:16,522 basehttp "GET / HTTP/1.1" 200 24035
INFO 2025-09-29 13:38:20,420 basehttp "GET / HTTP/1.1" 200 24016
INFO 2025-09-29 13:39:42,705 autoreload Watching for file changes with StatReloader
INFO 2025-09-29 13:40:06,594 basehttp "GET / HTTP/1.1" 200 24069
INFO 2025-09-29 13:40:22,101 basehttp "GET / HTTP/1.1" 200 22136
WARNING 2025-09-29 13:40:24,781 log Not Found: /favicon.ico
WARNING 2025-09-29 13:40:24,782 basehttp "GET /favicon.ico HTTP/1.1" 404 19043
INFO 2025-09-29 13:41:14,649 basehttp "GET / HTTP/1.1" 200 24150
INFO 2025-09-29 13:42:00,533 basehttp "GET / HTTP/1.1" 200 24183
INFO 2025-09-29 16:13:42,237 autoreload Watching for file changes with StatReloader
INFO 2025-09-29 16:14:00,335 basehttp "GET / HTTP/1.1" 200 24125
INFO 2025-09-29 16:15:19,273 basehttp "GET / HTTP/1.1" 200 24202
WARNING 2025-09-29 16:15:28,498 log Not Found: /.well-known/appspecific/com.chrome.devtools.json
WARNING 2025-09-29 16:15:28,499 basehttp "GET /.well-known/appspecific/com.chrome.devtools.json HTTP/1.1" 404 19154
INFO 2025-09-29 16:15:33,639 basehttp "GET / HTTP/1.1" 200 24140
WARNING 2025-09-29 16:15:33,689 log Not Found: /.well-known/appspecific/com.chrome.devtools.json
WARNING 2025-09-29 16:15:33,689 basehttp "GET /.well-known/appspecific/com.chrome.devtools.json HTTP/1.1" 404 19154
INFO 2025-09-29 16:15:33,740 basehttp "GET /media/news/wall2.jpeg HTTP/1.1" 200 2459224
INFO 2025-09-29 16:25:00,321 basehttp "GET / HTTP/1.1" 200 24069
WARNING 2025-09-29 16:25:00,413 log Not Found: /.well-known/appspecific/com.chrome.devtools.json
WARNING 2025-09-29 16:25:00,417 basehttp "GET /.well-known/appspecific/com.chrome.devtools.json HTTP/1.1" 404 19154
ERROR 2025-09-29 16:26:28,317 log Internal Server Error: /
Traceback (most recent call last):
  File "/Users/user/Desktop/igi/353505_Chuiko_26/STRWEB/LR1/Agency/estateAgency/venv/lib/python3.13/site-packages/django/core/handlers/exception.py", line 55, in inner
    response = get_response(request)
  File "/Users/user/Desktop/igi/353505_Chuiko_26/STRWEB/LR1/Agency/estateAgency/venv/lib/python3.13/site-packages/django/core/handlers/base.py", line 197, in _get_response
    response = wrapped_callback(request, *callback_args, **callback_kwargs)
  File "/Users/user/Desktop/igi/353505_Chuiko_26/STRWEB/LR1/Agency/estateAgency/views.py", line 54, in mainpage
    return render(request, 'mainpage/mainpage.html', context)
  File "/Users/user/Desktop/igi/353505_Chuiko_26/STRWEB/LR1/Agency/estateAgency/venv/lib/python3.13/site-packages/django/shortcuts.py", line 25, in render
    content = loader.render_to_string(template_name, context, request, using=using)
  File "/Users/user/Desktop/igi/353505_Chuiko_26/STRWEB/LR1/Agency/estateAgency/venv/lib/python3.13/site-packages/django/template/loader.py", line 62, in render_to_string
    return template.render(context, request)
           ~~~~~~~~~~~~~~~^^^^^^^^^^^^^^^^^^
  File "/Users/user/Desktop/igi/353505_Chuiko_26/STRWEB/LR1/Agency/estateAgency/venv/lib/python3.13/site-packages/django/template/backends/django.py", line 107, in render
    return self.template.render(context)
           ~~~~~~~~~~~~~~~~~~~~^^^^^^^^^
  File "/Users/user/Desktop/igi/353505_Chuiko_26/STRWEB/LR1/Agency/estateAgency/venv/lib/python3.13/site-packages/django/template/base.py", line 171, in render
    return self._render(context)
           ~~~~~~~~~~~~^^^^^^^^^
  File "/Users/user/Desktop/igi/353505_Chuiko_26/STRWEB/LR1/Agency/estateAgency/venv/lib/python3.13/site-packages/django/template/base.py", line 163, in _render
    return self.nodelist.render(context)
           ~~~~~~~~~~~~~~~~~~~~^^^^^^^^^
  File "/Users/user/Desktop/igi/353505_Chuiko_26/STRWEB/LR1/Agency/estateAgency/venv/lib/python3.13/site-packages/django/template/base.py", line 1016, in render
    return SafeString("".join([node.render_annotated(context) for node in self]))
                               ~~~~~~~~~~~~~~~~~~~~~^^^^^^^^^
  File "/Users/user/Desktop/igi/353505_Chuiko_26/STRWEB/LR1/Agency/estateAgency/venv/lib/python3.13/site-packages/django/template/base.py", line 977, in render_annotated
    return self.render(context)
           ~~~~~~~~~~~^^^^^^^^^
  File "/Users/user/Desktop/igi/353505_Chuiko_26/STRWEB/LR1/Agency/estateAgency/venv/lib/python3.13/site-packages/django/template/loader_tags.py", line 159, in render
    return compiled_parent._render(context)
           ~~~~~~~~~~~~~~~~~~~~~~~^^^^^^^^^
  File "/Users/user/Desktop/igi/353505_Chuiko_26/STRWEB/LR1/Agency/estateAgency/venv/lib/python3.13/site-packages/django/template/base.py", line 163, in _render
    return self.nodelist.render(context)
           ~~~~~~~~~~~~~~~~~~~~^^^^^^^^^
  File "/Users/user/Desktop/igi/353505_Chuiko_26/STRWEB/LR1/Agency/estateAgency/venv/lib/python3.13/site-packages/django/template/base.py", line 1016, in render
    return SafeString("".join([node.render_annotated(context) for node in self]))
                               ~~~~~~~~~~~~~~~~~~~~~^^^^^^^^^
  File "/Users/user/Desktop/igi/353505_Chuiko_26/STRWEB/LR1/Agency/estateAgency/venv/lib/python3.13/site-packages/django/template/base.py", line 977, in render_annotated
    return self.render(context)
           ~~~~~~~~~~~^^^^^^^^^
  File "/Users/user/Desktop/igi/353505_Chuiko_26/STRWEB/LR1/Agency/estateAgency/venv/lib/python3.13/site-packages/django/template/defaulttags.py", line 480, in render
    url = reverse(view_name, args=args, kwargs=kwargs, current_app=current_app)
  File "/Users/user/Desktop/igi/353505_Chuiko_26/STRWEB/LR1/Agency/estateAgency/venv/lib/python3.13/site-packages/django/urls/base.py", line 98, in reverse
    resolved_url = resolver._reverse_with_prefix(view, prefix, *args, **kwargs)
  File "/Users/user/Desktop/igi/353505_Chuiko_26/STRWEB/LR1/Agency/estateAgency/venv/lib/python3.13/site-packages/django/urls/resolvers.py", line 831, in _reverse_with_prefix
    raise NoReverseMatch(msg)
django.urls.exceptions.NoReverseMatch: Reverse for 'product_list' not found. 'product_list' is not a valid view function or pattern name.
ERROR 2025-09-29 16:26:28,319 basehttp "GET / HTTP/1.1" 500 162592
ERROR 2025-09-29 16:27:08,244 log Internal Server Error: /
Traceback (most recent call last):
  File "/Users/user/Desktop/igi/353505_Chuiko_26/STRWEB/LR1/Agency/estateAgency/venv/lib/python3.13/site-packages/django/core/handlers/exception.py", line 55, in inner
    response = get_response(request)
  File "/Users/user/Desktop/igi/353505_Chuiko_26/STRWEB/LR1/Agency/estateAgency/venv/lib/python3.13/site-packages/django/core/handlers/base.py", line 197, in _get_response
    response = wrapped_callback(request, *callback_args, **callback_kwargs)
  File "/Users/user/Desktop/igi/353505_Chuiko_26/STRWEB/LR1/Agency/estateAgency/views.py", line 54, in mainpage
    return render(request, 'mainpage/mainpage.html', context)
  File "/Users/user/Desktop/igi/353505_Chuiko_26/STRWEB/LR1/Agency/estateAgency/venv/lib/python3.13/site-packages/django/shortcuts.py", line 25, in render
    content = loader.render_to_string(template_name, context, request, using=using)
  File "/Users/user/Desktop/igi/353505_Chuiko_26/STRWEB/LR1/Agency/estateAgency/venv/lib/python3.13/site-packages/django/template/loader.py", line 62, in render_to_string
    return template.render(context, request)
           ~~~~~~~~~~~~~~~^^^^^^^^^^^^^^^^^^
  File "/Users/user/Desktop/igi/353505_Chuiko_26/STRWEB/LR1/Agency/estateAgency/venv/lib/python3.13/site-packages/django/template/backends/django.py", line 107, in render
    return self.template.render(context)
           ~~~~~~~~~~~~~~~~~~~~^^^^^^^^^
  File "/Users/user/Desktop/igi/353505_Chuiko_26/STRWEB/LR1/Agency/estateAgency/venv/lib/python3.13/site-packages/django/template/base.py", line 171, in render
    return self._render(context)
           ~~~~~~~~~~~~^^^^^^^^^
  File "/Users/user/Desktop/igi/353505_Chuiko_26/STRWEB/LR1/Agency/estateAgency/venv/lib/python3.13/site-packages/django/template/base.py", line 163, in _render
    return self.nodelist.render(context)
           ~~~~~~~~~~~~~~~~~~~~^^^^^^^^^
  File "/Users/user/Desktop/igi/353505_Chuiko_26/STRWEB/LR1/Agency/estateAgency/venv/lib/python3.13/site-packages/django/template/base.py", line 1016, in render
    return SafeString("".join([node.render_annotated(context) for node in self]))
                               ~~~~~~~~~~~~~~~~~~~~~^^^^^^^^^
  File "/Users/user/Desktop/igi/353505_Chuiko_26/STRWEB/LR1/Agency/estateAgency/venv/lib/python3.13/site-packages/django/template/base.py", line 977, in render_annotated
    return self.render(context)
           ~~~~~~~~~~~^^^^^^^^^
  File "/Users/user/Desktop/igi/353505_Chuiko_26/STRWEB/LR1/Agency/estateAgency/venv/lib/python3.13/site-packages/django/template/loader_tags.py", line 159, in render
    return compiled_parent._render(context)
           ~~~~~~~~~~~~~~~~~~~~~~~^^^^^^^^^
  File "/Users/user/Desktop/igi/353505_Chuiko_26/STRWEB/LR1/Agency/estateAgency/venv/lib/python3.13/site-packages/django/template/base.py", line 163, in _render
    return self.nodelist.render(context)
           ~~~~~~~~~~~~~~~~~~~~^^^^^^^^^
  File "/Users/user/Desktop/igi/353505_Chuiko_26/STRWEB/LR1/Agency/estateAgency/venv/lib/python3.13/site-packages/django/template/base.py", line 1016, in render
    return SafeString("".join([node.render_annotated(context) for node in self]))
                               ~~~~~~~~~~~~~~~~~~~~~^^^^^^^^^
  File "/Users/user/Desktop/igi/353505_Chuiko_26/STRWEB/LR1/Agency/estateAgency/venv/lib/python3.13/site-packages/django/template/base.py", line 977, in render_annotated
    return self.render(context)
           ~~~~~~~~~~~^^^^^^^^^
  File "/Users/user/Desktop/igi/353505_Chuiko_26/STRWEB/LR1/Agency/estateAgency/venv/lib/python3.13/site-packages/django/template/defaulttags.py", line 480, in render
    url = reverse(view_name, args=args, kwargs=kwargs, current_app=current_app)
  File "/Users/user/Desktop/igi/353505_Chuiko_26/STRWEB/LR1/Agency/estateAgency/venv/lib/python3.13/site-packages/django/urls/base.py", line 98, in reverse
    resolved_url = resolver._reverse_with_prefix(view, prefix, *args, **kwargs)
  File "/Users/user/Desktop/igi/353505_Chuiko_26/STRWEB/LR1/Agency/estateAgency/venv/lib/python3.13/site-packages/django/urls/resolvers.py", line 831, in _reverse_with_prefix
    raise NoReverseMatch(msg)
django.urls.exceptions.NoReverseMatch: Reverse for 'product_list' not found. 'product_list' is not a valid view function or pattern name.
ERROR 2025-09-29 16:27:08,247 basehttp "GET / HTTP/1.1" 500 164487
ERROR 2025-09-29 16:27:22,843 log Internal Server Error: /
Traceback (most recent call last):
  File "/Users/user/Desktop/igi/353505_Chuiko_26/STRWEB/LR1/Agency/estateAgency/venv/lib/python3.13/site-packages/django/core/handlers/exception.py", line 55, in inner
    response = get_response(request)
  File "/Users/user/Desktop/igi/353505_Chuiko_26/STRWEB/LR1/Agency/estateAgency/venv/lib/python3.13/site-packages/django/core/handlers/base.py", line 197, in _get_response
    response = wrapped_callback(request, *callback_args, **callback_kwargs)
  File "/Users/user/Desktop/igi/353505_Chuiko_26/STRWEB/LR1/Agency/estateAgency/views.py", line 54, in mainpage
    return render(request, 'mainpage/mainpage.html', context)
  File "/Users/user/Desktop/igi/353505_Chuiko_26/STRWEB/LR1/Agency/estateAgency/venv/lib/python3.13/site-packages/django/shortcuts.py", line 25, in render
    content = loader.render_to_string(template_name, context, request, using=using)
  File "/Users/user/Desktop/igi/353505_Chuiko_26/STRWEB/LR1/Agency/estateAgency/venv/lib/python3.13/site-packages/django/template/loader.py", line 62, in render_to_string
    return template.render(context, request)
           ~~~~~~~~~~~~~~~^^^^^^^^^^^^^^^^^^
  File "/Users/user/Desktop/igi/353505_Chuiko_26/STRWEB/LR1/Agency/estateAgency/venv/lib/python3.13/site-packages/django/template/backends/django.py", line 107, in render
    return self.template.render(context)
           ~~~~~~~~~~~~~~~~~~~~^^^^^^^^^
  File "/Users/user/Desktop/igi/353505_Chuiko_26/STRWEB/LR1/Agency/estateAgency/venv/lib/python3.13/site-packages/django/template/base.py", line 171, in render
    return self._render(context)
           ~~~~~~~~~~~~^^^^^^^^^
  File "/Users/user/Desktop/igi/353505_Chuiko_26/STRWEB/LR1/Agency/estateAgency/venv/lib/python3.13/site-packages/django/template/base.py", line 163, in _render
    return self.nodelist.render(context)
           ~~~~~~~~~~~~~~~~~~~~^^^^^^^^^
  File "/Users/user/Desktop/igi/353505_Chuiko_26/STRWEB/LR1/Agency/estateAgency/venv/lib/python3.13/site-packages/django/template/base.py", line 1016, in render
    return SafeString("".join([node.render_annotated(context) for node in self]))
                               ~~~~~~~~~~~~~~~~~~~~~^^^^^^^^^
  File "/Users/user/Desktop/igi/353505_Chuiko_26/STRWEB/LR1/Agency/estateAgency/venv/lib/python3.13/site-packages/django/template/base.py", line 977, in render_annotated
    return self.render(context)
           ~~~~~~~~~~~^^^^^^^^^
  File "/Users/user/Desktop/igi/353505_Chuiko_26/STRWEB/LR1/Agency/estateAgency/venv/lib/python3.13/site-packages/django/template/loader_tags.py", line 159, in render
    return compiled_parent._render(context)
           ~~~~~~~~~~~~~~~~~~~~~~~^^^^^^^^^
  File "/Users/user/Desktop/igi/353505_Chuiko_26/STRWEB/LR1/Agency/estateAgency/venv/lib/python3.13/site-packages/django/template/base.py", line 163, in _render
    return self.nodelist.render(context)
           ~~~~~~~~~~~~~~~~~~~~^^^^^^^^^
  File "/Users/user/Desktop/igi/353505_Chuiko_26/STRWEB/LR1/Agency/estateAgency/venv/lib/python3.13/site-packages/django/template/base.py", line 1016, in render
    return SafeString("".join([node.render_annotated(context) for node in self]))
                               ~~~~~~~~~~~~~~~~~~~~~^^^^^^^^^
  File "/Users/user/Desktop/igi/353505_Chuiko_26/STRWEB/LR1/Agency/estateAgency/venv/lib/python3.13/site-packages/django/template/base.py", line 977, in render_annotated
    return self.render(context)
           ~~~~~~~~~~~^^^^^^^^^
  File "/Users/user/Desktop/igi/353505_Chuiko_26/STRWEB/LR1/Agency/estateAgency/venv/lib/python3.13/site-packages/django/template/defaulttags.py", line 480, in render
    url = reverse(view_name, args=args, kwargs=kwargs, current_app=current_app)
  File "/Users/user/Desktop/igi/353505_Chuiko_26/STRWEB/LR1/Agency/estateAgency/venv/lib/python3.13/site-packages/django/urls/base.py", line 98, in reverse
    resolved_url = resolver._reverse_with_prefix(view, prefix, *args, **kwargs)
  File "/Users/user/Desktop/igi/353505_Chuiko_26/STRWEB/LR1/Agency/estateAgency/venv/lib/python3.13/site-packages/django/urls/resolvers.py", line 831, in _reverse_with_prefix
    raise NoReverseMatch(msg)
django.urls.exceptions.NoReverseMatch: Reverse for 'news' not found. 'news' is not a valid view function or pattern name.
ERROR 2025-09-29 16:27:22,847 basehttp "GET / HTTP/1.1" 500 163097
ERROR 2025-09-29 16:27:36,299 log Internal Server Error: /
Traceback (most recent call last):
  File "/Users/user/Desktop/igi/353505_Chuiko_26/STRWEB/LR1/Agency/estateAgency/venv/lib/python3.13/site-packages/django/core/handlers/exception.py", line 55, in inner
    response = get_response(request)
  File "/Users/user/Desktop/igi/353505_Chuiko_26/STRWEB/LR1/Agency/estateAgency/venv/lib/python3.13/site-packages/django/core/handlers/base.py", line 197, in _get_response
    response = wrapped_callback(request, *callback_args, **callback_kwargs)
  File "/Users/user/Desktop/igi/353505_Chuiko_26/STRWEB/LR1/Agency/estateAgency/views.py", line 54, in mainpage
    return render(request, 'mainpage/mainpage.html', context)
  File "/Users/user/Desktop/igi/353505_Chuiko_26/STRWEB/LR1/Agency/estateAgency/venv/lib/python3.13/site-packages/django/shortcuts.py", line 25, in render
    content = loader.render_to_string(template_name, context, request, using=using)
  File "/Users/user/Desktop/igi/353505_Chuiko_26/STRWEB/LR1/Agency/estateAgency/venv/lib/python3.13/site-packages/django/template/loader.py", line 62, in render_to_string
    return template.render(context, request)
           ~~~~~~~~~~~~~~~^^^^^^^^^^^^^^^^^^
  File "/Users/user/Desktop/igi/353505_Chuiko_26/STRWEB/LR1/Agency/estateAgency/venv/lib/python3.13/site-packages/django/template/backends/django.py", line 107, in render
    return self.template.render(context)
           ~~~~~~~~~~~~~~~~~~~~^^^^^^^^^
  File "/Users/user/Desktop/igi/353505_Chuiko_26/STRWEB/LR1/Agency/estateAgency/venv/lib/python3.13/site-packages/django/template/base.py", line 171, in render
    return self._render(context)
           ~~~~~~~~~~~~^^^^^^^^^
  File "/Users/user/Desktop/igi/353505_Chuiko_26/STRWEB/LR1/Agency/estateAgency/venv/lib/python3.13/site-packages/django/template/base.py", line 163, in _render
    return self.nodelist.render(context)
           ~~~~~~~~~~~~~~~~~~~~^^^^^^^^^
  File "/Users/user/Desktop/igi/353505_Chuiko_26/STRWEB/LR1/Agency/estateAgency/venv/lib/python3.13/site-packages/django/template/base.py", line 1016, in render
    return SafeString("".join([node.render_annotated(context) for node in self]))
                               ~~~~~~~~~~~~~~~~~~~~~^^^^^^^^^
  File "/Users/user/Desktop/igi/353505_Chuiko_26/STRWEB/LR1/Agency/estateAgency/venv/lib/python3.13/site-packages/django/template/base.py", line 977, in render_annotated
    return self.render(context)
           ~~~~~~~~~~~^^^^^^^^^
  File "/Users/user/Desktop/igi/353505_Chuiko_26/STRWEB/LR1/Agency/estateAgency/venv/lib/python3.13/site-packages/django/template/loader_tags.py", line 159, in render
    return compiled_parent._render(context)
           ~~~~~~~~~~~~~~~~~~~~~~~^^^^^^^^^
  File "/Users/user/Desktop/igi/353505_Chuiko_26/STRWEB/LR1/Agency/estateAgency/venv/lib/python3.13/site-packages/django/template/base.py", line 163, in _render
    return self.nodelist.render(context)
           ~~~~~~~~~~~~~~~~~~~~^^^^^^^^^
  File "/Users/user/Desktop/igi/353505_Chuiko_26/STRWEB/LR1/Agency/estateAgency/venv/lib/python3.13/site-packages/django/template/base.py", line 1016, in render
    return SafeString("".join([node.render_annotated(context) for node in self]))
                               ~~~~~~~~~~~~~~~~~~~~~^^^^^^^^^
  File "/Users/user/Desktop/igi/353505_Chuiko_26/STRWEB/LR1/Agency/estateAgency/venv/lib/python3.13/site-packages/django/template/base.py", line 977, in render_annotated
    return self.render(context)
           ~~~~~~~~~~~^^^^^^^^^
  File "/Users/user/Desktop/igi/353505_Chuiko_26/STRWEB/LR1/Agency/estateAgency/venv/lib/python3.13/site-packages/django/template/defaulttags.py", line 480, in render
    url = reverse(view_name, args=args, kwargs=kwargs, current_app=current_app)
  File "/Users/user/Desktop/igi/353505_Chuiko_26/STRWEB/LR1/Agency/estateAgency/venv/lib/python3.13/site-packages/django/urls/base.py", line 98, in reverse
    resolved_url = resolver._reverse_with_prefix(view, prefix, *args, **kwargs)
  File "/Users/user/Desktop/igi/353505_Chuiko_26/STRWEB/LR1/Agency/estateAgency/venv/lib/python3.13/site-packages/django/urls/resolvers.py", line 831, in _reverse_with_prefix
    raise NoReverseMatch(msg)
django.urls.exceptions.NoReverseMatch: Reverse for 'home' not found. 'home' is not a valid view function or pattern name.
ERROR 2025-09-29 16:27:36,304 basehttp "GET / HTTP/1.1" 500 164296
INFO 2025-09-29 16:27:51,783 basehttp "GET / HTTP/1.1" 200 22359
INFO 2025-09-29 16:28:45,214 basehttp "GET / HTTP/1.1" 200 24163
INFO 2025-09-29 16:29:07,981 basehttp "GET / HTTP/1.1" 200 22200
INFO 2025-09-29 16:29:11,425 basehttp "GET / HTTP/1.1" 200 22200
INFO 2025-09-29 16:29:48,032 basehttp "GET / HTTP/1.1" 200 22208
INFO 2025-09-29 16:29:48,056 basehttp "GET /static/css/styles.css HTTP/1.1" 200 2176
INFO 2025-09-29 16:29:48,072 basehttp "GET /media/news/wall2.jpeg HTTP/1.1" 200 2459224
WARNING 2025-09-29 16:29:51,605 log Not Found: /favicon.ico
WARNING 2025-09-29 16:29:51,606 basehttp "GET /favicon.ico HTTP/1.1" 404 19043
INFO 2025-09-29 16:30:26,654 basehttp "GET / HTTP/1.1" 200 22208
INFO 2025-09-29 16:30:26,671 basehttp "GET /static/css/styles.css HTTP/1.1" 200 2176
INFO 2025-09-29 16:30:26,686 basehttp "GET /media/news/wall2.jpeg HTTP/1.1" 200 2459224
WARNING 2025-09-29 16:30:27,320 log Not Found: /favicon.ico
WARNING 2025-09-29 16:30:27,320 basehttp "GET /favicon.ico HTTP/1.1" 404 19043
WARNING 2025-09-29 16:31:46,212 log Not Found: /.well-known/appspecific/com.chrome.devtools.json
WARNING 2025-09-29 16:31:46,214 basehttp "GET /.well-known/appspecific/com.chrome.devtools.json HTTP/1.1" 404 19154
INFO 2025-09-29 16:33:01,916 basehttp "GET / HTTP/1.1" 200 22208
WARNING 2025-09-29 16:33:01,988 log Not Found: /.well-known/appspecific/com.chrome.devtools.json
WARNING 2025-09-29 16:33:01,988 basehttp "GET /.well-known/appspecific/com.chrome.devtools.json HTTP/1.1" 404 19154
INFO 2025-09-29 16:33:11,876 basehttp "GET /media/news/wall2.jpeg HTTP/1.1" 200 2459224
INFO 2025-09-29 16:36:22,600 autoreload /Users/user/Desktop/igi/353505_Chuiko_26/STRWEB/LR1/Agency/Agency/urls.py changed, reloading.
INFO 2025-09-29 16:36:23,354 autoreload Watching for file changes with StatReloader
INFO 2025-09-29 16:37:50,904 autoreload Watching for file changes with StatReloader
INFO 2025-09-29 16:38:09,191 basehttp "GET /favicon.ico HTTP/1.1" 301 0
INFO 2025-09-29 16:38:09,202 basehttp "GET /static/img/favicon.svg HTTP/1.1" 200 494
WARNING 2025-09-29 16:38:09,302 log Not Found: /.well-known/appspecific/com.chrome.devtools.json
WARNING 2025-09-29 16:38:09,303 basehttp "GET /.well-known/appspecific/com.chrome.devtools.json HTTP/1.1" 404 19478
WARNING 2025-09-29 16:38:11,564 log Not Found: /.well-known/appspecific/com.chrome.devtools.json
WARNING 2025-09-29 16:38:11,564 basehttp "GET /.well-known/appspecific/com.chrome.devtools.json HTTP/1.1" 404 19478
INFO 2025-09-29 16:38:12,003 basehttp "GET / HTTP/1.1" 200 22208
WARNING 2025-09-29 16:38:12,023 log Not Found: /.well-known/appspecific/com.chrome.devtools.json
WARNING 2025-09-29 16:38:12,023 basehttp "GET /.well-known/appspecific/com.chrome.devtools.json HTTP/1.1" 404 19478
INFO 2025-09-29 16:38:15,115 basehttp "GET / HTTP/1.1" 200 22208
WARNING 2025-09-29 16:38:15,141 log Not Found: /.well-known/appspecific/com.chrome.devtools.json
WARNING 2025-09-29 16:38:15,142 basehttp "GET /.well-known/appspecific/com.chrome.devtools.json HTTP/1.1" 404 19478
INFO 2025-09-29 16:38:49,300 basehttp "GET /static/img/favicon.svg?v=2 HTTP/1.1" 200 494
INFO 2025-09-29 16:39:08,062 basehttp "GET / HTTP/1.1" 200 22208
WARNING 2025-09-29 16:39:38,235 log Not Found: /.well-known/appspecific/com.chrome.devtools.json
WARNING 2025-09-29 16:39:38,235 basehttp "GET /.well-known/appspecific/com.chrome.devtools.json HTTP/1.1" 404 19478
INFO 2025-09-29 16:39:39,921 basehttp "GET / HTTP/1.1" 200 22208
WARNING 2025-09-29 16:39:39,995 log Not Found: /.well-known/appspecific/com.chrome.devtools.json
WARNING 2025-09-29 16:39:39,995 basehttp "GET /.well-known/appspecific/com.chrome.devtools.json HTTP/1.1" 404 19478
INFO 2025-09-29 16:42:40,502 basehttp "GET / HTTP/1.1" 200 22243
INFO 2025-09-29 16:42:40,563 basehttp "GET /static/img/placeholder-480x270.svg HTTP/1.1" 200 534
WARNING 2025-09-29 16:42:40,628 log Not Found: /.well-known/appspecific/com.chrome.devtools.json
WARNING 2025-09-29 16:42:40,628 basehttp "GET /.well-known/appspecific/com.chrome.devtools.json HTTP/1.1" 404 19478
INFO 2025-09-29 16:42:43,155 basehttp "GET / HTTP/1.1" 200 22243
WARNING 2025-09-29 16:42:43,178 log Not Found: /.well-known/appspecific/com.chrome.devtools.json
WARNING 2025-09-29 16:42:43,178 basehttp "GET /.well-known/appspecific/com.chrome.devtools.json HTTP/1.1" 404 19478
INFO 2025-09-29 16:42:55,926 autoreload Watching for file changes with StatReloader
INFO 2025-09-29 16:43:06,390 basehttp "GET / HTTP/1.1" 200 22243
INFO 2025-09-29 16:43:06,467 basehttp "GET /static/img/placeholder-480x270.svg HTTP/1.1" 304 0
WARNING 2025-09-29 16:43:18,567 log Not Found: /.well-known/appspecific/com.chrome.devtools.json
WARNING 2025-09-29 16:43:18,567 basehttp "GET /.well-known/appspecific/com.chrome.devtools.json HTTP/1.1" 404 19478
INFO 2025-09-29 16:43:18,991 basehttp "GET / HTTP/1.1" 200 22243
INFO 2025-09-29 16:43:19,010 basehttp "GET /static/img/placeholder-480x270.svg HTTP/1.1" 304 0
WARNING 2025-09-29 16:43:19,013 log Not Found: /.well-known/appspecific/com.chrome.devtools.json
WARNING 2025-09-29 16:43:19,018 basehttp "GET /.well-known/appspecific/com.chrome.devtools.json HTTP/1.1" 404 19478
INFO 2025-09-29 16:45:04,183 basehttp "GET / HTTP/1.1" 200 22245
WARNING 2025-09-29 16:45:04,206 basehttp "GET /static/img/placeholder-480x270.svg HTTP/1.1" 404 2021
WARNING 2025-09-29 16:45:04,227 log Not Found: /.well-known/appspecific/com.chrome.devtools.json
WARNING 2025-09-29 16:45:04,228 basehttp "GET /.well-known/appspecific/com.chrome.devtools.json HTTP/1.1" 404 19478
INFO 2025-09-29 16:45:58,968 basehttp "GET / HTTP/1.1" 200 22247
WARNING 2025-09-29 16:45:59,031 log Not Found: /.well-known/appspecific/com.chrome.devtools.json
WARNING 2025-09-29 16:45:59,032 basehttp "GET /.well-known/appspecific/com.chrome.devtools.json HTTP/1.1" 404 19478
INFO 2025-09-29 16:45:59,207 basehttp "GET / HTTP/1.1" 200 22247
WARNING 2025-09-29 16:45:59,226 log Not Found: /.well-known/appspecific/com.chrome.devtools.json
WARNING 2025-09-29 16:45:59,229 basehttp "GET /.well-known/appspecific/com.chrome.devtools.json HTTP/1.1" 404 19478
INFO 2025-09-29 16:47:17,620 basehttp "GET / HTTP/1.1" 200 22271
WARNING 2025-09-29 16:47:17,662 log Not Found: /.well-known/appspecific/com.chrome.devtools.json
WARNING 2025-09-29 16:47:17,662 basehttp "GET /.well-known/appspecific/com.chrome.devtools.json HTTP/1.1" 404 19478
INFO 2025-09-29 16:47:18,226 basehttp "GET / HTTP/1.1" 200 22271
WARNING 2025-09-29 16:47:18,247 log Not Found: /.well-known/appspecific/com.chrome.devtools.json
WARNING 2025-09-29 16:47:18,247 basehttp "GET /.well-known/appspecific/com.chrome.devtools.json HTTP/1.1" 404 19478
INFO 2025-09-29 16:47:19,335 basehttp "GET / HTTP/1.1" 200 22271
WARNING 2025-09-29 16:47:19,362 log Not Found: /.well-known/appspecific/com.chrome.devtools.json
WARNING 2025-09-29 16:47:19,363 basehttp "GET /.well-known/appspecific/com.chrome.devtools.json HTTP/1.1" 404 19478
INFO 2025-09-29 16:51:11,419 basehttp "GET / HTTP/1.1" 200 22389
WARNING 2025-09-29 16:52:50,459 log Not Found: /.well-known/appspecific/com.chrome.devtools.json
WARNING 2025-09-29 16:52:50,461 basehttp "GET /.well-known/appspecific/com.chrome.devtools.json HTTP/1.1" 404 19478
INFO 2025-09-29 16:52:50,997 basehttp "GET / HTTP/1.1" 200 22274
WARNING 2025-09-29 16:52:51,056 log Not Found: /.well-known/appspecific/com.chrome.devtools.json
WARNING 2025-09-29 16:52:51,062 basehttp "GET /.well-known/appspecific/com.chrome.devtools.json HTTP/1.1" 404 19478
INFO 2025-09-29 16:54:35,594 basehttp "GET / HTTP/1.1" 200 22274
WARNING 2025-09-29 16:54:35,661 log Not Found: /.well-known/appspecific/com.chrome.devtools.json
WARNING 2025-09-29 16:54:35,662 basehttp "GET /.well-known/appspecific/com.chrome.devtools.json HTTP/1.1" 404 19478
INFO 2025-09-29 16:54:35,663 basehttp "GET /static/css/styles.css HTTP/1.1" 200 2176
INFO 2025-09-29 16:54:35,690 basehttp "GET /media/news/wall2.jpeg HTTP/1.1" 200 2459224
INFO 2025-09-29 16:55:53,493 basehttp "GET / HTTP/1.1" 200 22274
INFO 2025-09-29 16:55:53,516 basehttp "GET /static/css/styles.css HTTP/1.1" 200 2176
WARNING 2025-09-29 16:55:53,535 log Not Found: /.well-known/appspecific/com.chrome.devtools.json
WARNING 2025-09-29 16:55:53,547 basehttp "GET /.well-known/appspecific/com.chrome.devtools.json HTTP/1.1" 404 19478
INFO 2025-09-29 16:55:53,622 basehttp "GET /media/news/wall2.jpeg HTTP/1.1" 200 2459224
INFO 2025-09-29 16:55:59,603 basehttp "GET / HTTP/1.1" 200 22274
INFO 2025-09-29 16:57:12,433 autoreload /Users/user/Desktop/igi/353505_Chuiko_26/STRWEB/LR1/Agency/Agency/urls.py changed, reloading.
INFO 2025-09-29 16:57:12,854 autoreload Watching for file changes with StatReloader
INFO 2025-09-29 16:57:20,004 basehttp "GET / HTTP/1.1" 200 22274
INFO 2025-09-29 16:57:21,465 basehttp "GET / HTTP/1.1" 200 22274
INFO 2025-09-29 16:57:56,440 basehttp "GET / HTTP/1.1" 200 22273
INFO 2025-09-29 16:57:57,568 basehttp "GET / HTTP/1.1" 200 22273
INFO 2025-10-01 12:35:56,441 autoreload Watching for file changes with StatReloader
INFO 2025-10-01 12:36:20,506 basehttp "GET / HTTP/1.1" 200 22061
INFO 2025-10-01 12:36:20,632 basehttp "GET /media/news/wall2.jpeg HTTP/1.1" 200 2459224
INFO 2025-10-01 12:36:31,518 basehttp "GET / HTTP/1.1" 200 22061
INFO 2025-10-01 12:37:05,330 basehttp "GET / HTTP/1.1" 200 22061
INFO 2025-10-01 12:37:05,563 basehttp "GET / HTTP/1.1" 200 22061
INFO 2025-10-01 12:37:45,344 basehttp "GET / HTTP/1.1" 200 22061
INFO 2025-10-01 12:38:33,245 basehttp "GET / HTTP/1.1" 200 22061
INFO 2025-10-01 12:38:38,825 basehttp "GET / HTTP/1.1" 200 22061
INFO 2025-10-01 12:41:17,106 basehttp "GET / HTTP/1.1" 200 22107
INFO 2025-10-01 16:12:16,577 autoreload Watching for file changes with StatReloader
INFO 2025-10-01 16:12:55,602 basehttp "GET / HTTP/1.1" 200 22107
INFO 2025-10-01 16:13:15,276 basehttp "GET / HTTP/1.1" 200 22107
INFO 2025-10-01 16:14:32,472 basehttp "GET / HTTP/1.1" 200 22107
WARNING 2025-10-01 16:52:01,561 log Not Found: /.well-known/appspecific/com.chrome.devtools.json
WARNING 2025-10-01 16:52:01,562 basehttp "GET /.well-known/appspecific/com.chrome.devtools.json HTTP/1.1" 404 19478
INFO 2025-10-01 17:32:02,298 autoreload Watching for file changes with StatReloader
INFO 2025-10-01 17:43:52,387 basehttp "GET /properties/3/ HTTP/1.1" 200 5257
WARNING 2025-10-01 17:43:52,431 log Not Found: /media/placeholder.png
WARNING 2025-10-01 17:43:52,432 basehttp "GET /media/placeholder.png HTTP/1.1" 404 19146
INFO 2025-10-01 17:43:53,747 basehttp "POST /cart/add/3/ HTTP/1.1" 302 0
INFO 2025-10-01 17:43:53,755 basehttp "GET /cart/ HTTP/1.1" 200 5189
INFO 2025-10-01 17:43:57,475 basehttp "GET /cart/ HTTP/1.1" 200 5189
INFO 2025-10-01 17:43:59,086 basehttp "GET / HTTP/1.1" 200 21519
INFO 2025-10-01 17:44:00,174 basehttp "GET /cart/ HTTP/1.1" 200 5189
INFO 2025-10-01 17:44:02,541 basehttp "GET /checkout/ HTTP/1.1" 200 4171
INFO 2025-10-01 17:44:04,277 basehttp "GET / HTTP/1.1" 200 21519
INFO 2025-10-01 17:44:05,062 basehttp "GET / HTTP/1.1" 200 21519
INFO 2025-10-01 17:48:44,889 basehttp "GET / HTTP/1.1" 200 21519
